src_post_id,dst_post_id,dst_user,time,ip,tier,sentiment
5183278954058201,5183371384193431,大川成长价值投资,2025-06-30 22:58,,GoldV,0.0194
5181553984669335,5183366412373581,明荣语财,2025-06-30 22:38,,YellowV,0.1989
5183331701622404,5183373820559396,姒悟行,2025-06-30 23:08,,Regular,0.0147
5181826473920919,5183363212119765,旭东plus,2025-06-30 22:25,,Regular,0.5885
5183347781536376,5183363129808312,自在桃,2025-06-30 22:25,,Regular,0.1442
5182899701416251,5183359839899607,股足泳起,2025-06-30 22:12,,Regular,0.5885
5183322981928058,5183357970811151,景气行业研究,2025-06-30 22:05,,YellowV,0.0265
5134771300078535,5134825952121723,bird早起,2025-02-16 23:56,,Regular,0.5885
5134005436943663,5134100914503760,坚韧不拔就好了,2025-02-14 23:55,,Regular,0.9918
5132133960780296,5132289129059095,龙吟七六,2025-02-09 23:55,山西,Regular,0.5885
5136488917896983,5136636790966219,orchiqp,2025-02-21 23:51,,Regular,0.9744
5132059909817828,5132273752218059,唐五斤,2025-02-09 22:54,,Regular,0.5885
5134401914803115,5134459810873589,RisingtreeHGL,2025-02-15 23:41,,Regular,0.1551
5111536219589549,5133375256136890,ankless,2025-02-12 23:51,,Regular,0.0187
5137135042560141,5137360365556264,郭施亮,2025-02-23 23:47,,RedV,0.5885
5131858763055255,5136634260227648,爱逛博物馆的公卫混子,2025-02-21 23:41,福建,Regular,0.5885
5133333312308320,5133374331293685,南市区古董流浪猫,2025-02-12 23:47,上海,Regular,0.5885
5137479902691605,5137722367281044,黑手坦然,2025-02-24 23:45,黑龙江,Regular,0.9058
5133274638189977,5133734363792665,星星之火-CD,2025-02-13 23:38,四川,Regular,0.5885
5132447035688951,5133373678557820,洲济捣蛋,2025-02-12 23:45,广东,RedV,0.174
5137344336498087,5137356628167073,长安大湿人,2025-02-23 23:32,陕西,RedV,0.1242
5132182851161431,5132214591556747,popseller,2025-02-09 18:59,福建,Regular,0.5885
5132182851161431,5132198923470052,价值投资的乌龟,2025-02-09 17:57,广东,Regular,0.1335
5132257804947176,5132258070236130,余丰慧,2025-02-09 21:52,河南,GoldV,0.0428
5132257804947176,5132257885425166,余丰慧,2025-02-09 21:51,河南,GoldV,0.9368
5132182851161431,5132197722065668,黄凡,2025-02-09 17:52,上海,RedV,0.0264
5133642353607180,5133732728540573,微博电台,2025-02-13 23:32,北京,BlueV,0.4721
5132182851161431,5132197311024026,黄凡,2025-02-09 17:50,上海,RedV,0.1242
5135351540089941,5135543503687510,黑手坦然,2025-02-18 23:27,,Regular,0.5885
5135903549293871,5135904425640556,摇摇领先哦,2025-02-19 23:21,,Regular,0.9919
5138066164156020,5138079963939149,股展博-大时代,2025-02-25 23:26,,Regular,0.1841
5133343425826186,5133371187141191,没人比我更懂DJT,2025-02-12 23:35,,YellowV,0.0004
5131363915140100,5132240394126735,凉眸女青年886,2025-02-09 20:42,,Regular,0.5885
5131363915140100,5132240363457629,凉眸女青年886,2025-02-09 20:41,,Regular,0.5885
5131858763055255,5136629305710174,海豚佩佩,2025-02-21 23:22,,RedV,0.2626
5132182851161431,5132193003733737,黄凡,2025-02-09 17:33,,RedV,0.1242
5132182851161431,5132279166537788,伟行者20220411,2025-02-09 23:16,,Regular,0.9953
5135884697735055,5135902257448454,帮主郑重,2025-02-19 23:13,,Regular,0.0489
5135496580432161,5135540233964293,清宸WWT,2025-02-18 23:14,,Regular,0.1575
5135349684634910,5136263923107898,有为青年一个人的天空,2025-02-20 23:10,,Regular,0.5885
5132220520203202,5132239274772875,余丰慧,2025-02-09 20:37,,GoldV,0.1242
5137344336498087,5137350795466100,长安大湿人,2025-02-23 23:08,,RedV,0.1242
5135847500811535,5135901223289826,星星之火-CD,2025-02-19 23:08,,Regular,0.5885
5132253913158390,5132254323409469,余丰慧,2025-02-09 21:37,,GoldV,0.005
5135850729376698,5135899482391794,破线了吗__止损要趁早,2025-02-19 23:01,,Regular,0.5885
5132182851161431,5132203002694573,道中易正,2025-02-09 18:13,,Regular,0.5885
5133189576395432,5133366993093737,用户5777343767,2025-02-12 23:18,,Regular,0.5885
5138071353034579,5138075455326880,河南国资,2025-02-25 23:08,,BlueV,0.0148
4718392936760150,5135176423968635,听时间淌落,2025-02-17 23:08,,Regular,0.9792
5132182851161431,5132225860866928,巴菲E,2025-02-09 19:44,,Regular,0.1153
5132182851161431,5132199626806888,价值投资的乌龟,2025-02-09 18:00,,Regular,0.3034
5132116565692833,5132138116024838,飞雪666888,2025-02-09 13:55,,Regular,0.5303
5132059672841793,5132063672632108,陆锡鑫,2025-02-09 08:59,,RedV,0.0047
5137717425867735,5137718552298644,yeahmk,2025-02-24 23:30,,Regular,0.0239
5132091959019092,5132092088254752,余丰慧,2025-02-09 10:52,,GoldV,0.2804
5132091959019092,5132092021671182,余丰慧,2025-02-09 10:52,,GoldV,0.0023
5125739543006493,5132150694741620,大雄6891,2025-02-09 14:45,,Regular,0.5885
5132024999838799,5132026202030491,余丰慧,2025-02-09 06:30,,GoldV,0.6732
5132024999838799,5132025960858108,余丰慧,2025-02-09 06:30,,GoldV,0.398
5132220520203202,5132221069394592,余丰慧,2025-02-09 19:25,,GoldV,0.7706
5132024999838799,5132025403015270,余丰慧,2025-02-09 06:27,,GoldV,0.0161
5132024999838799,5132025227117313,余丰慧,2025-02-09 06:27,,GoldV,0.5116
5132023629087123,5132024417091602,余丰慧,2025-02-09 06:23,,GoldV,0.7526
5132023629087123,5132024182997243,余丰慧,2025-02-09 06:22,,GoldV,0.8251
5131118819148817,5132104889008173,William_26578,2025-02-09 11:43,,Regular,0.5885
5131816442269726,5132104482425821,苇叶一弛V,2025-02-09 11:42,,Regular,0.5885
5132220520203202,5132220721531331,余丰慧,2025-02-09 19:23,,GoldV,0.4454
5131904937885932,5132117174128074,風雨顺德人,2025-02-09 12:32,,YellowV,0.5763
5132023629087123,5132023762519070,余丰慧,2025-02-09 06:21,,GoldV,0.6132
5132021567587092,5132022664659039,余丰慧,2025-02-09 06:16,,GoldV,0.8669
5132021567587092,5132022333309633,余丰慧,2025-02-09 06:15,,GoldV,0.9681
5118767369817959,5132072932611563,猴年马月的中国,2025-02-09 09:36,,RedV,0.1167
5132182851161431,5132249120903723,中线趋势投机,2025-02-09 21:16,,Regular,0.5885
5137539323659092,5137715939246620,东江边如如不动,2025-02-24 23:19,,Regular,0.4319
5137637147150561,5137715869781030,大道甚夷而不易,2025-02-24 23:19,,Regular,0.5885
5132021567587092,5132021722513924,余丰慧,2025-02-09 06:13,,GoldV,0.7708
5126711928686752,5132146957619105,分析师的百年孤独,2025-02-09 14:30,,RedV,0.5885
5131915673735676,5132069426430140,木萧萧7,2025-02-09 09:22,,Regular,0.5885
5131503984184824,5132085459161016,山海_海山,2025-02-09 10:26,,Regular,0.0103
5131884601022302,5131932700772089,三金会长哥是我,2025-02-09 00:19,,Regular,0.0216
5131820250694594,5132081912353385,猎人视角,2025-02-09 10:12,,RedV,0.1801
5132133960780296,5132143083130012,龙潜井中,2025-02-09 14:15,,Regular,0.1631
5132059909817828,5132066996096443,姬永锋,2025-02-09 09:13,,GoldV,0.0313
5126711928686752,5132154742768815,朋友圈潇洒哥,2025-02-09 15:01,,YellowV,0.8856
5131024707355843,5132049483041753,文木生生,2025-02-09 08:03,,YellowV,0.5885
5131780857797709,5132546076313520,投资是修行123,2025-02-10 16:56,,Regular,0.5885
5132448973717872,5132545912476636,小六忠诚,2025-02-10 16:56,,GoldV,0.1242
5132517688480807,5132545753091281,偷渡A股耍一耍2,2025-02-10 16:55,,Regular,0.0063
5132587272510806,5132587775558542,余丰慧,2025-02-10 19:42,,GoldV,0.9901
5132451584149252,5132615665584635,凉眸女青年886,2025-02-10 21:33,,Regular,0.5885
5132451584149252,5132615591397375,凉眸女青年886,2025-02-10 21:32,,Regular,0.5885
5132451584149252,5132615575669251,凉眸女青年886,2025-02-10 21:32,,Regular,0.5885
5132451584149252,5132615500174842,凉眸女青年886,2025-02-10 21:32,,Regular,0.5885
5102400078349358,5132614871026153,安逸丁丁拉,2025-02-10 21:30,,Regular,0.9797
5102400078349358,5132614480691203,安逸丁丁拉,2025-02-10 21:28,,Regular,0.9868
5132584248153549,5132611406006760,zhuhengheng888,2025-02-10 21:16,,Regular,0.0127
5132541132543014,5132567797827428,SH333_H333_H007_H110,2025-02-10 18:23,,Regular,0.5885
5132563032837819,5132608704354856,微博直播,2025-02-10 21:05,,BlueV,0.528
5132426575872174,5132578891500591,财重信,2025-02-10 19:07,,Regular,0.2347
5132560231307187,5132578434062299,集微网集成电路,2025-02-10 19:05,,BlueV,0.5885
5132560231307187,5132578361443552,手机中国联盟官博,2025-02-10 19:05,,BlueV,0.5885
5132560231307187,5132578336276547,集微网官方微博,2025-02-10 19:04,,BlueV,0.2366
5139499357570910,5139858217505215,SS第二帝国装甲师,2025-03-02 21:12,,Regular,0.9464
5139691254842323,5139740099088576,默鸣其妙,2025-03-02 13:23,,Regular,0.3148
5139728362373350,5139738944343533,默鸣其妙,2025-03-02 13:18,,Regular,0.8062
5183136545900650,5183169885896949,chmoto,2025-06-30 09:37,,Regular,0.8886
5183711123605951,5183716383267287,张张叽叽喳喳,2025-07-01 21:49,,Regular,0.9908
5183704114660812,5183711814616604,旧夏天烈,2025-07-01 21:31,,Regular,0.9946
5183709256089658,5183710791472907,仰望天空是我们的颜色,2025-07-01 21:27,,Regular,0.9885
5183699996116658,5183709713273654,明月清风小朋友,2025-07-01 21:22,,Regular,0.9907
5183655607800662,5183709573810230,马上树林,2025-07-01 21:22,,Regular,0.9932
5183706688920731,5183708149582443,温情王筱筱,2025-07-01 21:16,,Regular,0.9966
5183706688920731,5183708145647837,小美人落井下石晓,2025-07-01 21:16,,Regular,0.9933
5183699996116658,5183707979710807,断了的弦难在续,2025-07-01 21:15,,Regular,0.9893
5183693422856010,5183706190579670,逸直在你身边的人,2025-07-01 21:08,,Regular,0.995
5183699115312749,5183700872466041,古文文-,2025-07-01 20:47,,RedV,0.9727
5183677724364397,5183697290794242,临渊羡鱼SN,2025-07-01 20:33,,YellowV,0.9872
5183692604707129,5183697126425513,番茄鸡蛋面_waw,2025-07-01 20:32,,Regular,0.1433
5183691504484602,5183697080551847,番茄鸡蛋面_waw,2025-07-01 20:32,,Regular,0.9946
5183691504484602,5183696773581275,闯荡起来了,2025-07-01 20:31,,Regular,0.1594
5183673062130363,5183689004944340,夜空中不一样的光芒,2025-07-01 20:00,,Regular,0.9901
5183675878083000,5183688389427474,就是爱音乐的凉姑,2025-07-01 19:58,,Regular,0.9874
5183687001641596,5183687827397032,巍巍1428,2025-07-01 19:55,,Regular,0.9909
5183687001641596,5183687772869694,小雷子曰,2025-07-01 19:55,,Regular,0.991
5183687001641596,5183687752683079,童话故事超哥,2025-07-01 19:55,,Regular,0.9923
5183674911819973,5183685166891562,任性de自嗨锅,2025-07-01 19:45,,Regular,0.9866
5183661915508617,5183684042818114,七天吃8顿,2025-07-01 19:40,,Regular,0.9882
5183634340581492,5183681708951166,小红衣少年,2025-07-01 19:31,,Regular,0.9795
5183674911819973,5183680760779418,电话不能接听,2025-07-01 19:27,,Regular,0.996
5183674911819973,5183679517168706,cwq对谁都大献殷勤,2025-07-01 19:22,,Regular,0.9857
5183662724747881,5183668127272208,夜空中不一样的光芒,2025-07-01 18:37,,Regular,0.9915
5183658428204200,5183663068414905,那个夏天的青岛,2025-07-01 18:17,,Regular,0.9834
5183659935010243,5183660479481662,六一呀ki,2025-07-01 18:07,,Regular,0.9965
5183659935010243,5183660438848534,爆壹勾,2025-07-01 18:06,,Regular,0.9785
5183659935010243,5183660417352871,当年魅力不减再加,2025-07-01 18:06,,Regular,0.993
5183659935010243,5183660410275825,古惑仔清朝,2025-07-01 18:06,,Regular,0.9927
5183659935010243,5183660367282279,瑞士的湖景,2025-07-01 18:06,,Regular,0.9958
5183374312345403,5183657758429565,骑着猫流浪的鱼,2025-07-01 17:56,,Regular,0.989
5183374312345403,5183657631285630,快乐柠檬岩盐芝士__,2025-07-01 17:55,,Regular,0.981
5183542091844521,5183627692345210,君子独酌,2025-07-01 15:56,,Regular,0.9936
5181471586256083,5183615987616529,三人一十八,2025-07-01 15:10,,Regular,0.9849
5184012058365630,5184103169133619,抽风小兔子,2025-07-02 23:26,上海,Regular,0.5885
5182183108776293,5183309409944853,田胤齐x2,2025-06-30 18:52,,Regular,0.0481
5183206978749678,5183270883167905,时空里的思维,2025-06-30 16:19,,Regular,0.4031
5183169932035245,5183262806247845,稀缺Tiger投研,2025-06-30 15:46,,Regular,0.4335
5183206978749678,5183208276625058,西红柿99688,2025-06-30 12:10,,Regular,0.7112
5134564592452433,5134823425315064,库尔勒王淼,2025-02-16 23:46,新疆,Regular,0.5885
5134564592452433,5134822127176933,贝洛克,2025-02-16 23:40,江苏,Regular,0.5885
5135107209298897,5135187888050573,小叹2020,2025-02-17 23:54,,Regular,0.1242
5134564592452433,5135186582836047,黑手坦然,2025-02-17 23:49,,Regular,0.5885
5133903096976398,5134450488774208,AI_咖啡馆,2025-02-15 23:04,,Regular,0.1242
5132995476594117,5133014623324139,ShangyaShangya,2025-02-11 23:58,,Regular,0.5885
5094383014379589,5132287555142927,用户7921927033,2025-02-09 23:49,,Regular,0.5885
5035453405205391,5183383438887186,反行贿受贿总焗123,2025-06-30 23:46,,Regular,0.3688
5114776152441448,5118152219036922,双阳联通-李帅,2025-01-01 23:40,,Regular,0.5885
5134564592452433,5134791547027548,penguin71,2025-02-16 21:39,,Regular,0.5885
5134777403839836,5134784114984570,松荫一靠半日眠,2025-02-16 21:09,,Regular,0.5722
5114776152441448,5118145390712061,葛GFR888888,2025-01-01 23:13,,Regular,0.9919
5041275049085282,5134780549828263,反行贿受贿总焗123,2025-02-16 20:55,,Regular,0.3688
5182813114205239,5183374692976789,OldKing1981,2025-06-30 23:11,,Regular,0.0551
5095272182977750,5134383638122887,倒查招投标行贿项目行贿999,2025-02-15 18:38,,Regular,0.7119
4970204510816280,5134382812367202,监管123渣烂,2025-02-15 18:35,,Regular,0.8875
5134564592452433,5134738346741502,g80406,2025-02-16 18:08,,Regular,0.0311
5134564592452433,5134709829402917,飞飞的记录本,2025-02-16 16:14,,Regular,0.0248
5121208205708565,5134369192413083,刘增齐13671204576,2025-02-15 17:41,,Regular,0.0224
5134564592452433,5134689700677217,Mary小林,2025-02-16 14:54,,Regular,0.5885
5134564592452433,5134677415823476,船长人生之星辰大海,2025-02-16 14:05,,Regular,0.5885
5134564592452433,5134675112105054,黃離隨義_順動以志行遂義,2025-02-16 13:56,,Regular,0.0357
5134564592452433,5134651913405086,价值投资老李头,2025-02-16 12:24,,Regular,0.9725
5134564592452433,5134622034494829,韩大头的微博,2025-02-16 10:25,,Regular,0.3088
5134564592452433,5134618270894534,喝茅台打王者,2025-02-16 10:10,,Regular,0.1314
5134082457735821,5134210585854677,lom2019,2025-02-15 07:10,,Regular,0.976
5133903096976398,5134108399239922,AI_咖啡馆,2025-02-15 00:24,,Regular,0.0263
5134017294767838,5134107898284166,江流儿-行者,2025-02-15 00:22,,Regular,0.5885
5126449478765536,5127197376905963,扶摇直上的红猪,2025-01-26 22:42,,Regular,0.5885
5039832544055198,5126128069775372,反行贿受贿总焗123,2025-01-23 23:53,,Regular,0.3688
5125877447524519,5126123668641223,SexFriend,2025-01-23 23:36,,RedV,0.1992
5114339058779565,5127906265138014,监管123渣烂,2025-01-28 21:39,,Regular,0.8875
5121258339696682,5128258370930401,渔人的搏斗V,2025-01-29 20:58,,Regular,0.006
5096582027941852,5127891031433654,监管123渣烂,2025-01-28 20:39,,Regular,0.8875
5127126208484955,5127175173051581,小蓝小灰和大黑,2025-01-26 21:14,,Regular,0.9441
5127126208484955,5127170751989029,clarence_21,2025-01-26 20:57,,Regular,0.9885
5038268145730247,5127165844134706,反行贿受贿总焗123,2025-01-26 20:37,,Regular,0.3688
5127042717193493,5127137310544499,我在设计路上ZJX,2025-01-26 18:44,,Regular,0.9383
5125191515245321,5127780260648350,用户7480833218,2025-01-28 13:19,,Regular,0.9994
5127709267066904,5127742811277328,KrisFish去看南京照相馆,2025-01-28 10:50,,GoldV,0.924
5122754580059817,5127734305229174,王抚远,2025-01-28 10:16,,Regular,0.9409
5127543219295096,5127733120336846,踏浪而行--,2025-01-28 10:11,,Regular,0.5885
5127543219295096,5127720072120691,天山十二禽,2025-01-28 09:19,,Regular,0.1242
5127545185898255,5127714044117159,王三80S,2025-01-28 08:55,,Regular,0.5885
5127545185898255,5127709790831433,浦江镇民工,2025-01-28 08:39,,Regular,0.0584
5138084861839968,5138085232512304,蔡文级音乐,2025-02-25 23:47,福建,Regular,0.0237
5118494284185897,5118498520698284,猪猪的miumiu,2025-01-02 22:36,上海,Regular,0.4315
5138398927913977,5138402371176435,今天阳光休假,2025-02-26 20:47,福建,Regular,0.9951
5138398403365281,5138402200783586,陈大爷_21364,2025-02-26 20:46,,Regular,0.9907
5138398403365281,5138402195015337,龙城飞将后,2025-02-26 20:46,,Regular,0.9876
5136930059322435,5137282066026164,茶严井围,2025-02-23 18:35,,Regular,0.0234
5137144195320580,5137268350915619,mf-M31,2025-02-23 17:41,,YellowV,0.9947
5138039853547764,5138049669267960,菲芘毛小毛,2025-02-25 21:26,,Regular,0.9965
5138039525870265,5138045365125905,锌锌工艺品,2025-02-25 21:08,,Regular,0.7485
5118806136197975,5118806495858595,余丰慧,2025-01-03 19:00,,GoldV,0.8792
5117529437503794,5118097675256679,南阳邓飞,2025-01-01 20:03,,Regular,0.5885
5137006378356493,5137219044245574,lom2019,2025-02-23 14:25,,Regular,0.1774
5099316992280839,5118080149625811,红石张忠中好人实在,2025-01-01 18:54,,Regular,0.5885
5137974411396683,5137986654307306,暮光之城雨之,2025-02-25 17:15,,Regular,0.0038
5137974411396683,5137986645657014,酒店lifes,2025-02-25 17:15,,Regular,0.7533
5137979396065554,5137979834895417,孤注一掷的丘天,2025-02-25 16:48,,Regular,0.1028
5137144195320580,5137155327003929,李子暘Lee,2025-02-23 10:12,北京,GoldV,0.8958
5137144195320580,5137152207754430,i陆三金,2025-02-23 09:59,北京,RedV,0.7514
5137973678965671,5137979318993909,仁者见仁心也,2025-02-25 16:46,,Regular,0.0384
5138331900052582,5138334018699791,窗边的小妞妞SZ,2025-02-26 16:15,,Regular,0.1692
5137973678965671,5137979286749795,理想与思想意,2025-02-25 16:46,,Regular,0.0103
5137973678965671,5137979278361262,宫廷玉液酒尝尝,2025-02-25 16:46,,Regular,0.6635
5137973678965671,5137979280720452,此乃神矣,2025-02-25 16:46,,Regular,0.036
5137141396671536,5137148329856164,zhyuli1979,2025-02-23 09:44,,Regular,0.465
5115462968676314,5118002029398057,一粥一饭一饮一啄,2025-01-01 13:43,,Regular,0.9985
5137903592145949,5137963611325067,小六忠诚,2025-02-25 15:44,,GoldV,0.1537
5099316992280839,5118674677533369,项芟,2025-01-03 10:16,,Regular,0.8688
5183223420420563,5183229310535844,学佛人与股票,2025-06-30 13:33,,Regular,0.6523
5138235954828896,5138242519172522,芮丝,2025-02-26 10:12,,Regular,0.7914
5138235462519015,5138241302037034,贪恋微笑的孩子0723,2025-02-26 10:07,,Regular,0.2734
5183173488542098,5183177446394593,行摄小杰,2025-06-30 10:07,,YellowV,0.8902
5117529437503794,5117894107070807,家有一顽童,2025-01-01 06:35,,Regular,0.5885
5117529437503794,5117889831764570,飞奔的蜗牛TX,2025-01-01 06:18,,Regular,0.9968
5137733883789873,5137831947666541,军曹先生888,2025-02-25 07:00,,Regular,0.5885
5118288772992351,5118293319355980,V闪闪,2025-01-02 09:01,,GoldV,0.9952
5138187592925958,5138188320900008,余丰慧,2025-02-26 06:37,,GoldV,0.0011
5117610576319377,5118167051404357,紫扬剑的微博,2025-01-02 00:39,,Regular,0.9811
5137144195320580,5137578887482223,welkinbj,2025-02-24 14:15,,Regular,0.5885
5137144195320580,5137504313017148,江西男要自信,2025-02-24 09:19,,Regular,0.5204
5131062575371141,5131498514546768,绝对疯狂a,2025-02-07 19:34,,Regular,0.9715
5131062575371141,5131498403664933,真味道美食,2025-02-07 19:33,,Regular,0.9559
5131062575371141,5131498409427164,强控S,2025-02-07 19:33,,Regular,0.9691
5131070557913437,5131495779861866,音七苍穹,2025-02-07 19:23,,Regular,0.7516
5131061431109766,5131495218352023,开欣喜哈哈,2025-02-07 19:21,,Regular,0.9995
5131061431109766,5131495138659053,冬天穿搭分享,2025-02-07 19:20,,Regular,0.1359
5131061431109766,5131495137874430,美是一种艺术人生,2025-02-07 19:20,,Regular,0.8938
5131061431109766,5131495136301429,厚厚厚厚的衣服,2025-02-07 19:20,,Regular,0.2588
5132958327640501,5132997674405736,日斗投资-张周,2025-02-11 22:51,,Regular,0.7835
5131897844011018,5131898292798969,爱吃香菜皮带,2025-02-08 22:02,,Regular,0.9868
5131082171418077,5131858406545140,紫扬剑的微博,2025-02-08 19:24,,Regular,0.0126
5133280064312106,5133281012221175,真正的老实人,2025-02-12 17:37,,YellowV,0.9562
5132558914030580,5132559916204332,旋风小强WZQ,2025-02-10 17:51,,Regular,0.2311
5131183782629085,5131183990245265,余丰慧,2025-02-06 22:44,,GoldV,0.8262
5131080909196901,5131140635825525,小白兔兔7,2025-02-06 19:52,,Regular,0.5885
5131062575371141,5131063511221483,搖擺尐青姩,2025-02-06 14:45,,Regular,0.0322
5131061431109766,5131061786578712,欧小磊611,2025-02-06 14:38,,Regular,0.7351
5131016342340904,5131090836065896,小六忠诚,2025-02-06 16:34,广东,GoldV,0.1242
5131074616956499,5131076416573411,津云新闻,2025-02-06 15:36,,Regular,0.0346
5131071534137749,5131072751275373,助力老铁,2025-02-06 15:22,,Regular,0.6741
5131071534137749,5131072675251251,小懒虫是大笨蛋,2025-02-06 15:21,,Regular,0.5392
5131070557913437,5131071039734069,非点点滴滴淡淡的,2025-02-06 15:15,,Regular,0.4828
5132821593327598,5132908841670563,-Lichiputo,2025-02-11 16:58,辽宁,YellowV,0.7997
5132958050550318,5132958467361828,陈亚州33,2025-02-11 20:15,,Regular,0.5206
5132958050550318,5132958463690019,魑魅万网娘,2025-02-11 20:15,,Regular,0.4489
5132947592318135,5132949018647864,骑着猫流浪的鱼,2025-02-11 19:37,,Regular,0.8609
5132947243406272,5132948714292108,128455你好,2025-02-11 19:36,,Regular,0.1744
5132947243406272,5132948711407742,jeyfer风,2025-02-11 19:36,,Regular,0.8191
5132947243406272,5132948710097658,急吼吼jhg,2025-02-11 19:36,,Regular,0.2795
5132947243406272,5132948709836381,大唐不夜城之后,2025-02-11 19:36,,Regular,0.1709
5132947243406272,5132948708002767,南波万小怪兽619,2025-02-11 19:36,,Regular,0.9939
5132947243406272,5132948703287113,龙年吉祥幸福,2025-02-11 19:36,,Regular,0.0208
5132781611123101,5132802570062585,郭容甄,2025-02-11 09:55,,YellowV,0.4894
5132958050550318,5132958440622799,赤鳞翔浪,2025-02-11 20:15,福建,Regular,0.7921
5132530388305512,5132827106477777,史海悠游,2025-02-11 11:33,江苏,RedV,0.9557
5132910737496998,5132911571634545,髙红丽flower,2025-02-11 17:09,,Regular,0.8895
5152754599464107,5152761286756086,用户7890775650,2025-04-07 11:44,,Regular,0.1282
5183302991874783,5183306639349529,开欣喜哈哈,2025-06-30 18:41,福建,Regular,0.1414
5121956573874721,5122140888896742,暴风ming,2025-01-12 23:50,北京,Regular,0.0086
5126490995824813,5127210887549381,弯钩钓鱼姜子牙,2025-01-26 23:36,美国,Regular,0.5885
5126557221520303,5126853121020142,良知的拷问,2025-01-25 23:54,上海,Regular,0.8009
5126466147191571,5126852972644021,Kaguyaa__,2025-01-25 23:54,陕西,Regular,0.5885
5125924498704440,5126128820031178,风起青萍的末末,2025-01-23 23:56,江苏,Regular,0.0127
5123790185172426,5123944625471544,云萧潇飞,2025-01-17 23:17,湖南,Regular,0.001
5122495805918620,5122496707953166,南海的浪涛,2025-01-13 23:24,湖南,GoldV,0.5352
5126407246055417,5126846611981829,长空雁叫V,2025-01-25 23:29,四川,Regular,0.5885
5126688560385810,5126846502933002,小妖Y020,2025-01-25 23:28,福建,Regular,0.5215
5126363327496760,5126488689217411,所行于当所行-止于所不可不止,2025-01-24 23:46,北京,Regular,0.0603
5125367235347895,5125401826038980,逍遥自在乐翻天,2025-01-21 23:48,陕西,Regular,0.0238
5123790111773420,5123941169628827,春暖花开凯哥,2025-01-17 23:03,海南,Regular,0.9453
5121925133895420,5122126119439537,Marguerite_WilliamS,2025-01-12 22:51,福建,Regular,0.5885
5126350844723772,5126483779261292,峰峰峰巅巅巅,2025-01-24 23:27,北京,Regular,0.5885
5126371288811519,5126482264856188,魑魅万网娘,2025-01-24 23:21,安徽,Regular,0.0049
5125948422753198,5126121731392815,花和尚lnstagramcyh,2025-01-23 23:28,福建,Regular,0.0104
5183183378972741,5183370226827648,JaneXU10,2025-06-30 22:53,上海,Regular,0.7986
5125021279980468,5125399208526769,紫扬剑的微博,2025-01-21 23:37,江苏,Regular,0.0099
5183296133923444,5183379684724351,Yy_123456k,2025-06-30 23:31,北京,Regular,0.9734
5151385214519207,5183378154064401,宁采4620,2025-06-30 23:25,四川,Regular,0.0897
5182639923270420,5183352734748848,互联网限定法国意识体,2025-06-30 21:44,上海,Regular,0.0012
5126371288811519,5126481969679033,可可大头果,2025-01-24 23:20,安徽,Regular,0.0142
5126371288811519,5126481967584349,小妖Y020,2025-01-24 23:20,福建,Regular,0.1265
5126371288811519,5126481967582055,郑弘明,2025-01-24 23:20,贵州,Regular,0.1301
5126371288811519,5126481967581716,国外有光的小伙伴,2025-01-24 23:20,福建,Regular,0.0624
5126371288811519,5126481963909515,芮丝,2025-01-24 23:20,福建,Regular,0.091
5126371288811519,5126481957363884,南冰洋杨,2025-01-24 23:20,安徽,Regular,0.448
5125237203275468,5126118254578777,花和尚lnstagramcyh,2025-01-23 23:14,福建,Regular,0.5885
5125237203275468,5126118093098640,花和尚lnstagramcyh,2025-01-23 23:14,福建,Regular,0.5885
5125237203275468,5126116483793358,黄胜友,2025-01-23 23:07,北京,YellowV,0.5885
5125237203275468,5126116427961229,黄胜友,2025-01-23 23:07,北京,YellowV,0.5885
5125557752695298,5125761269500083,东南区fj,2025-01-22 23:36,福建,Regular,0.5438
5125393254192613,5125396538593406,世界经济论坛,2025-01-21 23:27,上海,BlueV,0.841
5183324147418277,5183339197631763,念于北诗-0879,2025-06-30 20:50,,Regular,0.0968
5183324147418277,5183339149396920,温暖阳光嘟嘟鱼,2025-06-30 20:50,,Regular,0.0483
5182432347425822,5183310103840248,F-K阳光,2025-06-30 18:54,,Regular,0.7713
5183311396733020,5183351275128104,吉祥望宝,2025-06-30 21:38,,Regular,0.1803
5126289385592394,5126480860286683,镜子里的财经,2025-01-24 23:15,,RedV,0.5885
5123079657228403,5125760549654802,我是清都山水郎,2025-01-22 23:33,广东,Regular,0.1242
5183302991874783,5183306632004722,为什么同学们,2025-06-30 18:41,重庆,Regular,0.0076
5160361529181220,5183293604500635,樊旭兵V,2025-06-30 17:49,北京,YellowV,0.3054
5183256640360394,5183279498265454,我的名字叫保卫海疆,2025-06-30 16:53,北京,Regular,0.0005
5183175676398252,5183320577018367,青山着意新,2025-06-30 19:36,广西,Regular,0.0013
5126465054052222,5126478678986257,奔六,2025-01-24 23:07,北京,RedV,0.5885
5126310102043312,5126478130318083,陈力钧,2025-01-24 23:04,辽宁,Regular,0.1242
5126407246055417,5126477655313239,SUNS生活,2025-01-24 23:03,北京,Regular,0.0322
5183350244378475,5183362245069179,梦娜袜业集市店,2025-06-30 22:22,,Regular,0.0005
5123912507332172,5124257504042167,木苍foryuri,2025-01-18 20:00,,Regular,0.5885
5183302991874783,5183306622572311,非点点滴滴淡淡的,2025-06-30 18:41,,Regular,0.1689
5183302991874783,5183306611558700,南冰洋杨,2025-06-30 18:41,,Regular,0.0312
5183302991874783,5183306602645702,古惑仔清朝,2025-06-30 18:40,,Regular,0.0335
5183302991874783,5183306586917158,奋斗的小曹,2025-06-30 18:40,,Regular,0.0285
5183302991874783,5183306573283589,助力老铁,2025-06-30 18:40,,Regular,0.013
5183302991874783,5183306568045963,梦魇一个太阳,2025-06-30 18:40,,Regular,0.2523
5183302991874783,5183306569876525,瑞士的湖景,2025-06-30 18:40,,Regular,0.1131
5183302991874783,5183306540516360,骑了个是车的车,2025-06-30 18:40,,Regular,0.0272
5183223491463216,5183234904425847,庞亚辉的海阔天空,2025-06-30 13:56,,Regular,0.7497
5183338910584719,5183373938525863,恩佑一轩,2025-06-30 23:08,,Regular,0.0036
5125029044423209,5125030862127798,老猫养基笔记,2025-01-20 23:13,,RedV,0.1242
5124574698018715,5124617733148556,小小浣焸,2025-01-19 19:52,,Regular,0.2293
5183302991874783,5183306507488372,草莓奶冻摇摇乐,2025-06-30 18:40,,Regular,0.0006
5183302991874783,5183306502769607,捕风的若若姐,2025-06-30 18:40,,Regular,0.1854
5183302991874783,5183306492805915,128455你好,2025-06-30 18:40,,Regular,0.0005
5183302991874783,5183306490710129,热火的鱼_836,2025-06-30 18:40,,Regular,0.0008
5183302991874783,5183306456368841,仰望那片净土,2025-06-30 18:40,,Regular,0.0058
5183302991874783,5183306448503668,南波万小怪兽619,2025-06-30 18:40,,Regular,0.0083
5183302991874783,5183306444310653,梵羽默,2025-06-30 18:40,,Regular,0.2485
5183302991874783,5183306442475863,鼠尾草111,2025-06-30 18:40,,Regular,0.055
5183302991874783,5183306440376921,时间煮雨YOU,2025-06-30 18:40,,Regular,0.423
5183243533160448,5183289637736312,第一球迷胖哥,2025-06-30 17:33,,GoldV,0.0283
5122081656670439,5122083120221564,泡澡的黑蚂蚁,2025-01-12 20:00,,Regular,0.0719
5183230231971398,5183306366717078,基米石私募,2025-06-30 18:40,,Regular,0.5885
5121203180407303,5121672138985231,北京鲁戈,2025-01-11 16:47,,RedV,0.5885
5125012998854834,5125027848520613,欢喜春秋5555,2025-01-20 23:01,,Regular,0.5885
5183347673534635,5183359257155886,博看博听,2025-06-30 22:10,,Regular,0.5885
5183266094844230,5183286420704097,小小浣焸,2025-06-30 17:20,,Regular,0.0105
5121582370918312,5121660887503577,阿廖沙爱上喀秋莎,2025-01-11 16:02,,Regular,0.1559
5154224044246928,5183303512231895,董董Mercurio,2025-06-30 18:28,,Regular,0.9732
5183266094844230,5183274546104299,笑着寻梦,2025-06-30 16:33,,YellowV,0.179
5182899324193555,5183274364436899,Edgarfou,2025-06-30 16:32,,Regular,0.1242
5183267272656186,5183274267970638,苏世山成长价值投资,2025-06-30 16:32,,GoldV,0.1242
5183203125756143,5183343918321053,箐芒果,2025-06-30 21:09,,Regular,0.5885
5183334519933627,5183357361329239,雨果微语,2025-06-30 22:02,,Regular,0.0138
5183214260063622,5183246881263083,知道么总有刁民要害朕,2025-06-30 14:43,,Regular,0.0174
5122036894274827,5122058425992463,博纳伟思-ZH,2025-01-12 18:22,,Regular,0.0082
5121956573874721,5122057079621820,金娅丽2,2025-01-12 18:17,,Regular,0.0011
5121050495682683,5121654667613679,燕子sxsxsx,2025-01-11 15:38,,RedV,0.5885
5183175676398252,5183229365061454,风残云舒,2025-06-30 13:34,,Regular,0.0483
5181756145142626,5183229008543829,幽笛和涛声,2025-06-30 13:32,,Regular,0.5885
5180502723789298,5183228612707357,博古忠国闻天尚文秋怡果周孝贵,2025-06-30 13:31,,Regular,0.9449
5183213003607634,5183213519769477,穗城流年,2025-06-30 12:31,,YellowV,0.737
5182907481588549,5183144577206206,自然的张侃,2025-06-30 07:57,,Regular,0.002
5169772175297106,5183129737758160,001期货网,2025-06-30 06:58,,Regular,0.1058
5120600425889987,5121639008437643,用户7932296076,2025-01-11 14:35,,Regular,0.001
5176625784162519,5183159756128940,桃小仙的碎碎念,2025-06-30 08:57,,Regular,0.0297
5180815614415917,5183188566543948,博古忠国闻天尚文秋怡果周孝贵,2025-06-30 10:51,,Regular,0.9449
5183030996239855,5183037895083628,用户26oheqbqh8,2025-06-30 00:53,,Regular,0.0328
5120684981751511,5121632445666230,moso-bamboo,2025-01-11 14:09,,Regular,0.5885
5121590213215105,5121630858913889,大话星哥,2025-01-11 14:03,,Regular,0.0063
5183214260063622,5183226358269970,摸出四文大钱,2025-06-30 13:22,,Regular,0.0119
5124515994800549,5124573464890793,汉--凡日月所照江河所至,2025-01-19 16:56,,Regular,0.5885
5124515994800549,5124572011565082,逆水行舟锻炼力量,2025-01-19 16:50,,Regular,0.99
5121956573874721,5122042353685602,南无阿拉乎阿门吧,2025-01-12 17:18,,Regular,0.8806
5183266094844230,5183283227788047,黑土守望者,2025-06-30 17:08,,Regular,0.053
5182602756492093,5183297698663973,Hermann商业与投资,2025-06-30 18:05,,Regular,0.0093
5123912507332172,5124185549177041,电商青创,2025-01-18 15:14,,Regular,0.1384
5182346938548933,5183187212305189,西雅图夏至,2025-06-30 10:46,,GoldV,0.4367
5122411391092588,5122414010696191,小薰ta爹,2025-01-13 17:55,,Regular,0.1496
5122394268374375,5122411456629151,双色杜梋,2025-01-13 17:45,,Regular,0.0029
5182831186938386,5183140727357456,决战印度洋,2025-06-30 07:41,,Regular,0.1242
5182346938548933,5183221665104746,庞亚辉的海阔天空,2025-06-30 13:03,,Regular,0.184
5121902652162135,5122018057650627,尼克安闲,2025-01-12 15:42,,RedV,0.1242
5121902652162135,5122017762221130,尼克安闲,2025-01-12 15:41,,RedV,0.1242
5121902652162135,5122016472730926,尼克安闲,2025-01-12 15:35,,RedV,0.5885
5121902652162135,5122015596647484,尼克安闲,2025-01-12 15:32,,RedV,0.9688
5183251750064613,5183256552278615,鼻科医生王先忠,2025-06-30 15:22,,YellowV,0.3736
5183107561161110,5183158156789415,歌乐行者,2025-06-30 08:51,,YellowV,0.0053
5124515994800549,5124538075187618,观战者-那勇,2025-01-19 14:35,,YellowV,0.0919
5121930594092804,5122394922680398,一般社员李·Spielberg,2025-01-13 16:39,,Regular,0.0004
5121902652162135,5122010143004742,帮主郑重,2025-01-12 15:10,,Regular,0.5885
5182519656055273,5183237916725265,青春小象云养猫,2025-06-30 14:08,,Regular,0.0027
5124501191264883,5124535691249393,居美石与顽石,2025-01-19 14:26,,Regular,0.0153
5114700010359859,5122389692388640,陳偉andy香港,2025-01-13 16:18,,YellowV,0.5885
5182346938548933,5183255869394152,飞鸟DA,2025-06-30 15:19,,Regular,0.0053
5121909140490842,5122400705053574,青青在微博,2025-01-13 17:02,,Regular,0.0004
5182831186938386,5183137946011869,决战印度洋,2025-06-30 07:30,,Regular,0.3468
5114700010359859,5122389621085517,娛樂圈新聞速遞,2025-01-13 16:18,,YellowV,0.0109
5121956573874721,5122004976143556,·世局微觀·,2025-01-12 14:50,,Regular,0.5885
5183223491463216,5183255118086171,懂王今故否,2025-06-30 15:16,,Regular,0.031
5182909671017722,5183156803077200,杨易君黄金与金融投资,2025-06-30 08:45,,YellowV,0.3683
5124054019211985,5124132772250170,Mkey,2025-01-18 11:45,,Regular,0.1888
5122353927554058,5122371874984502,码头工人孔大力,2025-01-13 15:08,,Regular,0.1924
5124107425024081,5124522858776764,winona富可抵锅,2025-01-19 13:35,,Regular,0.0796
5183216517910410,5183253230389413,行而思深度思维空间,2025-06-30 15:08,,Regular,0.1337
5182346938548933,5183252916864003,不会说话的若叶睦,2025-06-30 15:07,,Regular,0.0068
5123517714269804,5124507687191512,用户5715045653,2025-01-19 12:35,,Regular,0.5885
5124054019211985,5124122360943454,NeXT___,2025-01-18 11:03,,Regular,0.5885
5121956573874721,5121990761120918,沙姆雄狮_EL,2025-01-12 13:53,,GoldV,0.4988
5183153929978148,5183193784257152,青春小象云养猫,2025-06-30 11:12,,Regular,0.009
5103621609621035,5122309540812017,幸福下载123大本营1982,2025-01-13 11:00,,Regular,0.5885
5122135135885518,5122285834862684,降噪人生,2025-01-13 09:26,,Regular,0.4265
5118401628080829,5122285478088598,南宁海关12360,2025-01-13 09:24,,BlueV,0.2615
5121559882896283,5121560278732395,余丰慧,2025-01-11 09:23,,GoldV,0.3822
5181756145142626,5183192736206120,一梦黄粱卫人甫,2025-06-30 11:08,,Regular,0.0612
5119945292120618,5122851651454249,CLCLC997,2025-01-14 22:54,,Regular,0.5885
5122804437752324,5122850774320653,醋溜百财,2025-01-14 22:51,,Regular,0.4223
5122266944505407,5122272446907346,香港的谭叔,2025-01-13 08:33,,Regular,0.0129
5121956573874721,5121972143391214,Vida維達瞎溜達,2025-01-12 12:39,,Regular,0.5885
5123530424058566,5124492265000100,ghiergou,2025-01-19 11:33,,Regular,0.0136
5121409718423607,5121546307767544,用户7821581562,2025-01-11 08:27,,Regular,0.0052
5121956573874721,5121970158961929,公益养老史话2024,2025-01-12 12:31,,Regular,0.0225
5121956573874721,5121970129600567,怪蜀黍老囧曾,2025-01-12 12:31,,YellowV,0.1234
5122287928347582,5122295461315360,幸福的锦鲤欧气满满的恩恩,2025-01-13 10:04,,Regular,0.9667
4558424992123565,5124096150997815,阿蒙内特,2025-01-18 09:19,,Regular,0.0829
5124326841914190,5124472514806062,云昇不知处,2025-01-19 10:15,,Regular,0.0054
5121956573874721,5121966995934688,南海的浪涛,2025-01-12 12:19,,GoldV,0.3586
5121922063401188,5121964387076300,蓝莓雪梨红酒派,2025-01-12 12:08,,Regular,0.0493
5183167591876419,5183167856378655,游云9981,2025-06-30 09:29,,Regular,0.953
5121050495682683,5121490966020986,ATOG周滢滢,2025-01-11 04:47,,YellowV,0.5885
5121902652162135,5121962477360649,尼克安闲,2025-01-12 12:01,,RedV,0.1242
5121945636965060,5121958591859839,陈如是说,2025-01-12 11:45,,Regular,0.1143
5119945292120618,5122793827733279,LoneSchicksal,2025-01-14 19:04,,RedV,0.1242
5122411391092588,5122670650463397,末卡健,2025-01-14 10:55,,Regular,0.1065
5124445419077859,5124454772376847,刘壮成,2025-01-19 09:04,,YellowV,0.1242
5124289630045192,5124449478642083,黄_是耶非耶,2025-01-19 08:43,,Regular,0.0806
5121943401662354,5121956305701765,大为网讯,2025-01-12 11:36,,BlueV,0.1064
5122787970913079,5122814601857841,白花蛇草红黑格东,2025-01-14 20:27,,Regular,0.5885
5121050495682683,5121431760801146,科技与女性,2025-01-11 00:52,,Regular,0.5885
5122634874359204,5122666453533011,差不多德勒兹,2025-01-14 10:38,,Regular,0.5885
5048474977177340,5124075014062246,霸王龙的马甲呀,2025-01-18 07:55,,Regular,0.4209
5122348640636685,5122707705828412,一谈策略,2025-01-14 13:22,,RedV,0.1242
5122287928347582,5122639695187722,在赣神魔吖,2025-01-14 08:52,,YellowV,0.8794
5123871199991041,5124070188253747,湘微笑9,2025-01-18 07:36,,Regular,0.5885
5123912507332172,5124068059908509,书茶闲人,2025-01-18 07:28,,Regular,0.1058
5124068272242767,5124417170965213,人生处处是风景在江湖_129,2025-01-19 06:35,,Regular,0.0973
5122495805918620,5122577124557018,-壹捌肆零,2025-01-14 04:43,,Regular,0.5885
5124223643422536,5124403568050514,结局好的故事,2025-01-19 05:41,,Regular,0.0005
5123838818125661,5124337392945970,秋水无痕ad,2025-01-19 01:18,,Regular,0.5885
5122450901696956,5122674904795422,strawhattet19,2025-01-14 11:12,,Regular,0.7225
5121758636285939,5121919886036533,勇往直前FA岚熙,2025-01-12 09:12,,GoldV,0.1705
5122664325188805,5122671912421819,野蜂飞舞yffw,2025-01-14 11:00,,Regular,0.0098
5118329000297836,5123172485564013,杨易君黄金与金融投资,2025-01-15 20:09,,YellowV,0.0329
5122348640636685,5122644441828612,一谈策略,2025-01-14 09:11,,RedV,0.1242
5121587684050721,5121908847412180,朕退休了,2025-01-12 08:28,,Regular,0.0262
5123194446679767,5123195478740784,他爹王将近,2025-01-15 21:40,,Regular,0.6695
5123025098506840,5123119274791559,轩辕剑新木屋,2025-01-15 16:38,,RedV,0.0592
5123141619943230,5123142804834237,沉睡之书11,2025-01-15 18:11,,RedV,0.0605
5123114826204575,5123185793568559,许的闲话,2025-01-15 21:02,,Regular,0.0053
5123004331722977,5123074121009858,阿里斯底波-Aristippus,2025-01-15 13:38,,Regular,0.5885
5123028675723608,5123029289928090,游云9981,2025-01-15 10:40,,Regular,0.0007
5123004331722977,5123017681666155,澄澄沃,2025-01-15 09:54,,Regular,0.5885
5122789479287472,5122961817993824,保叔同路人,2025-01-15 06:12,,YellowV,0.1242
5123078254234951,5123081353823211,微博时事,2025-01-15 14:07,,BlueV,0.5
5123004331722977,5123069653814879,周洞人,2025-01-15 13:20,,Regular,0.3159
5123078533940706,5123081092207575,微博时事,2025-01-15 14:06,,BlueV,0.5
5121721002896963,5121812972701006,阳珍楚,2025-01-12 02:07,,Regular,0.0861
5123054342768220,5123056270575140,Neras_,2025-01-15 12:27,,Regular,0.1044
5121758636285939,5121790735024911,沙姆雄狮_EL,2025-01-12 00:38,,GoldV,0.0164
5122995309775705,5123027022643285,余丰慧,2025-01-15 10:31,,GoldV,0.9558
5123025905386020,5123066861194040,冯文进_Mike,2025-01-15 13:09,,Regular,0.0009
5122831872690002,5123065623872615,橘子蛋糕,2025-01-15 13:04,,Regular,0.0034
5123540658162809,5123560588968858,星星盼着月亮啊,2025-01-16 21:51,,Regular,0.9887
5123498097250295,5123545190896201,赞我的都是帅哥美女1,2025-01-16 20:50,,Regular,0.5488
5123498097250295,5123542104413862,本年度没有昵称,2025-01-16 20:38,,Regular,0.5885
5123498097250295,5123531249549756,讨厌的夏日啊,2025-01-16 19:55,,Regular,0.5885
5123498097250295,5123529458057940,稷下耕读,2025-01-16 19:47,,Regular,0.5885
5122831278672444,5122873129697565,观战者-那勇,2025-01-15 00:19,,YellowV,0.0004
5123004331722977,5123011728643460,机吉斯卡,2025-01-15 09:30,,Regular,0.1242
5123498097250295,5123558457480719,山有木兮知我意,2025-01-16 21:43,,Regular,0.9795
5123215560808936,5123495162284210,偶脚得偶还可以抢救一下,2025-01-16 17:31,,GoldV,0.0279
5123475046662747,5123478598192815,YY--SKY,2025-01-16 16:25,,Regular,0.0117
5123388472034424,5123419658257606,信封儿skyscraper,2025-01-16 12:31,,YellowV,0.3942
5123241305704399,5123553864717104,用户6373381988落叶知秋,2025-01-16 21:24,,Regular,0.5885
5123498097250295,5123535318550482,Paul-LIN-Peng,2025-01-16 20:11,,Regular,0.1367
5123498097250295,5123506126198199,Leomarchhare,2025-01-16 18:15,,Regular,0.5885
5123241305704399,5123571548684799,用户7823135977,2025-01-16 22:35,,Regular,0.4443
5123570268638869,5123570777200249,AI不发威,2025-01-16 22:32,,Regular,0.3533
5123405844840516,5123415092236720,SUNNY的投资日记,2025-01-16 12:13,,Regular,0.3547
5123498097250295,5123552141123099,俞尚1982,2025-01-16 21:18,,Regular,0.6865
5123241305704399,5123350936682739,天祥宋瑞,2025-01-16 07:58,,Regular,0.0216
5123241305704399,5123349566980254,震长,2025-01-16 07:53,,GoldV,0.1137
5182831186938386,5183147219353821,决战印度洋,2025-06-30 08:07,,Regular,0.0057
5123223567733296,5123319320281471,Laurent666,2025-01-16 05:52,,Regular,0.2146
5123517968549507,5123550621209756,桂子如雨,2025-01-16 21:12,,Regular,0.5885
5123498097250295,5123548588284464,路见不平不能拔刀就码字吧,2025-01-16 21:03,,Regular,0.5885
5123141619943230,5123253563557408,霹雳吧啦咚嚓嚓,2025-01-16 01:31,,Regular,0.5885
5123372382159027,5123442259788104,falcon_16,2025-01-16 14:01,,Regular,0.5885
5123004331722977,5123005337829839,机吉斯卡,2025-01-15 09:05,,Regular,0.0701
5123849589098226,5123872219463954,奇渥温MGL,2025-01-17 18:29,,Regular,0.1321
5123753040413649,5123863763484897,sl4575,2025-01-17 17:56,,Regular,0.5885
5123789916733924,5123848959166520,瘦橘猫699,2025-01-17 16:57,,Regular,0.5885
5123797894038100,5123848083345081,布哈拉游台湾,2025-01-17 16:54,,Regular,0.0226
5123352701960809,5123359692295938,猫与鹦鹉,2025-01-16 08:33,,Regular,0.2135
5123706795852472,5123818597386818,秋名山街猫,2025-01-17 14:56,,RedV,0.9275
5123790302086135,5123797695075604,老黄的投资笔记,2025-01-17 13:33,,Regular,0.0019
5123462388253871,5123899216104196,日月照山江,2025-01-17 20:17,,Regular,0.0819
5118329000297836,5123353665077468,杨易君黄金与金融投资,2025-01-16 08:09,,YellowV,0.2682
5123838818125661,5123839067423063,GS幽灵,2025-01-17 16:18,,YellowV,0.0996
5123462388253871,5123792948955727,WSHWQ2787922199望舒琬清,2025-01-17 13:14,,Regular,0.0409
5123762338398517,5123766714109473,Lorine_W,2025-01-17 11:30,,Regular,0.0066
5123462388253871,5123791317110833,日月照山江,2025-01-17 13:08,,Regular,0.0115
5123762338398517,5123766283934367,Lorine_W,2025-01-17 11:29,,Regular,0.0115
5123531098292769,5123608420549901,要记住密码真不容易,2025-01-17 01:01,,Regular,0.0492
5124950627452623,5124966218204322,MeW手写的从前,2025-01-20 18:57,,Regular,0.6858
4510715404278670,5124961990086561,程老湿爱吐槽,2025-01-20 18:40,,RedV,0.4701
5124917663893026,5124920419287614,陆锡鑫,2025-01-20 15:55,,RedV,0.0709
5124973029756962,5124992182521698,机敏茄子爱养生,2025-01-20 20:40,,Regular,0.5885
5118329000297836,5123719800554550,杨易君黄金与金融投资,2025-01-17 08:24,,YellowV,0.3044
5123614812931938,5123715862630839,lom2019,2025-01-17 08:08,,Regular,0.5556
5124618918828516,5124794049626728,ANDJ0810,2025-01-20 07:32,,Regular,0.7118
5124850269815914,5124880985493758,你行不行啊不行也行,2025-01-20 13:18,,Regular,0.1242
5124825976406975,5124826799014074,小治饭团_,2025-01-20 09:43,,Regular,0.5771
5124973029756962,5124985116430958,新浪热点,2025-01-20 20:12,,BlueV,0.7343
5124420970479708,5124751536423159,y燕华善,2025-01-20 04:44,,Regular,0.1252
5124633414074878,5124809421492640,豆粕苍棕,2025-01-20 08:34,,Regular,0.1242
5124569427350848,5124809208366461,替当数最,2025-01-20 08:33,,Regular,0.0031
5122655847711650,5124876803773020,InnNnnK_,2025-01-20 13:01,,Regular,0.5437
5122655847711650,5124876531141412,InnNnnK_,2025-01-20 13:00,,Regular,0.1695
5124614872898917,5124682938062530,KrisFish去看南京照相馆,2025-01-20 00:11,,GoldV,0.0004
5125389198296035,5125389581815356,暖夕酱,2025-01-21 22:59,,GoldV,0.4932
5124778426106038,5124834986561712,今年又是元气满满的一年啊,2025-01-20 10:15,,Regular,0.009
5125351766758629,5125359421358325,人仁儿,2025-01-21 20:59,,Regular,0.0015
5125006214825484,5125008029915259,金无常素封,2025-01-20 21:43,,RedV,0.7453
5125248133893130,5125299043310208,SUNS生活,2025-01-21 16:59,,Regular,0.3929
5125178415126174,5125372439429159,尼克安闲,2025-01-21 21:51,,RedV,0.5885
5125178415126174,5125372404304815,尼克安闲,2025-01-21 21:51,,RedV,0.5885
5125228174772104,5125267966137880,熊熊-202301,2025-01-21 14:56,,Regular,0.0006
5125330461263050,5125341779856391,天山大牧哥,2025-01-21 19:49,,Regular,0.1173
5124839253741017,5125021181678663,lesliesay,2025-01-20 22:35,,RedV,0.0548
5125285657709391,5125325590107362,信手擒霜,2025-01-21 18:45,,Regular,0.5885
5125191733349054,5125223383305151,无波子,2025-01-21 11:58,,RedV,0.1101
5125207562393445,5125208105031632,晨视频,2025-01-21 10:58,,BlueV,0.877
5092609904872891,5125178279593167,熬败的世界,2025-01-21 08:59,,Regular,0.5885
5124850077928539,5125144603525954,jrry86,2025-01-21 06:45,,Regular,0.5649
5120675049636493,5124819404194395,江舸投资笔记,2025-01-20 09:13,,Regular,0.2383
5124144804400705,5124819154896209,徐老sier,2025-01-20 09:12,,Regular,0.0719
5125285657709391,5125323992074225,燕子sxsxsx,2025-01-21 18:38,,RedV,0.5885
5125204739885438,5125222489394362,深圳木子,2025-01-21 11:55,,RedV,0.1655
5125213668771518,5125222249796732,苏渝,2025-01-21 11:54,,RedV,0.0771
5125207863592562,5125296434449599,William_26578,2025-01-21 16:49,,Regular,0.1259
5125363548031162,5125385194308144,财经小豆子,2025-01-21 22:41,,Regular,0.4984
5125029266722022,5125207576810697,微博时事,2025-01-21 10:56,,BlueV,0.5
5125364067598884,5125384926923475,尼克安闲,2025-01-21 22:40,,RedV,0.1242
5125018973116122,5125019329634078,William_26578,2025-01-20 22:28,,Regular,0.5393
5125191736492294,5125221022173636,瓦力2025,2025-01-21 11:49,,Regular,0.5885
5125346909751786,5125383175275043,水靈龍,2025-01-21 22:33,,Regular,0.0085
5125188536763149,5125207100490100,李弱可,2025-01-21 10:54,,RedV,0.9721
5125188536763149,5125206946090572,youcha,2025-01-21 10:53,,Regular,0.991
5125178415126174,5125263310458448,尼克安闲,2025-01-21 14:37,,RedV,0.0333
5125213573088278,5125279666668078,勤且谨,2025-01-21 15:42,,Regular,0.0421
5125278742878181,5125279077110063,动机资本,2025-01-21 15:40,,Regular,0.0448
5125364067598884,5125382409559102,尼克安闲,2025-01-21 22:30,,RedV,0.187
5125363548031162,5125382294738960,叶苍茫2022,2025-01-21 22:30,,GoldV,0.7822
5125188536763149,5125206501230229,澄晦,2025-01-21 10:51,,Regular,0.5885
5103621609621035,5125368355493632,用户3k0075qn57,2025-01-21 21:35,,Regular,0.5885
5125315565983012,5125319328007186,杨易君黄金与金融投资,2025-01-21 18:20,,YellowV,0.3619
5125285657709391,5125318661377968,秦客shin,2025-01-21 18:17,,Regular,0.5885
5125188536763149,5125205381089853,makeaswerve,2025-01-21 10:47,,Regular,0.0299
5124944765651078,5125158202769868,新叶天天长老--李日新,2025-01-21 07:39,,Regular,0.0669
5125237203275468,5125261266524308,花和尚lnstagramcyh,2025-01-21 14:29,,Regular,0.01
5092609904872891,5125177358680599,钟玥澜,2025-01-21 08:56,,Regular,0.0395
5125207863592562,5125317657627797,勇敢直前2025,2025-01-21 18:13,,Regular,0.0182
5118329000297836,5125317509256376,杨易君黄金与金融投资,2025-01-21 18:13,,YellowV,0.1459
5125200943255027,5125204848413962,雷霆圣殿骑士,2025-01-21 10:45,,RedV,0.336
5124514403583609,5125229071043472,这家伙很懒_什么也没有留下,2025-01-21 12:21,,Regular,0.5885
5125335089680881,5125352048035635,微天下,2025-01-21 20:30,,BlueV,0.1014
5125211244726851,5125218896976702,六度温差之无心快语,2025-01-21 11:41,,Regular,0.3399
5125188536763149,5125218647935678,KAPANGKWOK-2025,2025-01-21 11:40,,Regular,0.9086
5125178415126174,5125331759143619,尼克安闲,2025-01-21 19:09,,RedV,0.5885
5125178415126174,5125331617319063,尼克安闲,2025-01-21 19:09,,RedV,0.5885
5092609904872891,5125176941350028,LoneSchicksal,2025-01-21 08:54,,RedV,0.1298
5125548029775317,5125750288028578,罗白酱,2025-01-22 22:52,,GoldV,0.5885
5125012998854834,5125014964143703,L-S-W-1984,2025-01-20 22:10,,RedV,0.0591
5125285657709391,5125289178301002,老出差的程序员,2025-01-21 16:20,,GoldV,0.1242
5125213668771518,5125228157993934,余丰慧,2025-01-21 12:17,,GoldV,0.1242
5125235382424770,5125244522595052,新派观察,2025-01-21 13:22,,Regular,0.0577
5124932377514428,5125377047396660,合江汪浩杰,2025-01-21 22:09,,Regular,0.5885
5125368270558549,5125376047841863,羊绒的那些事,2025-01-21 22:05,,YellowV,0.9895
5125262095682367,5125288312967141,梧桐小白,2025-01-21 16:17,,Regular,0.6414
5125199632799349,5125256907850536,西湖一哥,2025-01-21 14:12,,Regular,0.7112
5119930049761868,5125256697615914,六度温差之无心快语,2025-01-21 14:11,,Regular,0.0644
5125188536763149,5125190256692838,谷大白话,2025-01-21 09:47,,GoldV,0.0133
5125522273338357,5125743358772199,剧评人生,2025-01-22 22:25,,Regular,0.0007
5125629501246496,5125742943798407,剧评人生,2025-01-22 22:23,,Regular,0.0592
5125285657709391,5125286341379746,杨梅非常甜,2025-01-21 16:09,,RedV,0.0725
5125207863592562,5125286339282174,亟兮般若,2025-01-21 16:09,,GoldV,0.9413
5125176713282445,5125364229604778,haroNeuhs,2025-01-21 21:18,,Regular,0.01
5125207863592562,5125363711348268,飞雪666888,2025-01-21 21:16,,Regular,0.5885
5125623776021300,5125732839722092,AMBetter,2025-01-22 21:43,,Regular,0.1827
5125268937378162,5125274859471944,無風即風,2025-01-21 15:23,,RedV,0.0051
5125188536763149,5125299710201999,编剧游伟,2025-01-21 17:02,,Regular,0.5885
5125663941984575,5125732529866044,英雄嘉乐,2025-01-22 21:42,,Regular,0.3805
5125172866056278,5125175324445966,靠在阳台抽烟,2025-01-21 08:48,,Regular,0.9547
5125228174772104,5125241884642068,三友化工小股民600409,2025-01-21 13:12,,YellowV,0.0133
5125555026137571,5125720814127054,安安爱上了静静,2025-01-22 20:55,,Regular,0.024
5125555026137571,5125720806786968,珍珠奶茶在哪里呀,2025-01-22 20:55,,Regular,0.07
5125555026137571,5125720798401550,晓晓棉花糖,2025-01-22 20:55,,Regular,0.0927
5125555026137571,5125720796041169,喜鹊0,2025-01-22 20:55,,Regular,0.0639
5125555026137571,5125720797875928,星雨迭香,2025-01-22 20:55,,Regular,0.1012
5125555026137571,5125720798398376,今天阳光休假,2025-01-22 20:55,,Regular,0.0871
5125179598965930,5125740699846243,我要懵,2025-01-22 22:14,,Regular,0.0032
5125277858139284,5125691576942926,娛樂圈新聞速遞,2025-01-22 18:59,,YellowV,0.007
5124955010761466,5125214825876898,WSHWQ2787922199望舒琬清,2025-01-21 11:24,,Regular,0.0189
5125659543734179,5125661331556952,海蓝18870,2025-01-22 16:59,,Regular,0.5976
5125555026137571,5125720802590894,千里之外听你笑,2025-01-22 20:55,,Regular,0.0974
5125555026137571,5125720802853984,自由自在爱自己,2025-01-22 20:55,,Regular,0.1604
5125555026137571,5125720798398652,富豪小虾米,2025-01-22 20:55,,Regular,0.0486
5125555026137571,5125720798397959,小小-木子慧,2025-01-22 20:55,,Regular,0.459
5125555026137571,5125720795783770,艾涅妹儿,2025-01-22 20:55,,Regular,0.0457
5125555026137571,5125720781626816,规定的兔子,2025-01-22 20:55,,Regular,0.1101
5125555026137571,5125720773233789,从从容容平平淡淡才是真-,2025-01-22 20:55,,Regular,0.0283
5125623832121729,5125631108974400,國老1947三窗口,2025-01-22 14:59,,Regular,0.0398
5125188536763149,5125214521000596,荐见,2025-01-21 11:23,,GoldV,0.5885
5125186053215000,5125213820293652,老谭_体育,2025-01-21 11:20,,YellowV,0.6786
5125654209366112,5125675214438711,霍小兵,2025-01-22 17:54,,RedV,0.5885
5125204739885438,5125224427948631,Liming1688,2025-01-21 12:03,,Regular,0.5129
5125550778092309,5125645476824864,Civo0030,2025-01-22 15:56,,Regular,0.0929
5125227195403458,5125240114122804,UFO启示,2025-01-21 13:05,,GoldV,0.03
5125658348617768,5125661011739316,摄影师痞子东,2025-01-22 16:57,,RedV,0.1499
5125555026137571,5125720772449211,喜欢你麽25808316,2025-01-22 20:55,,Regular,0.8458
5125555026137571,5125720773494187,yyxhowever现,2025-01-22 20:55,,Regular,0.9508
5125555026137571,5125720772969681,方方云2013,2025-01-22 20:55,,Regular,0.8079
5125555026137571,5125720768775585,virgo-JingQueen,2025-01-22 20:55,,Regular,0.0361
5125555026137571,5125720769040601,熊乖乖啦啦,2025-01-22 20:55,,Regular,0.0408
5125555026137571,5125720769041690,赵卫096464,2025-01-22 20:55,,Regular,0.012
5125555026137571,5125720769042497,手机用户2731526024,2025-01-22 20:55,,Regular,0.132
5125555026137571,5125720769302131,云飞扬9898,2025-01-22 20:55,,Regular,0.0768
5125555026137571,5125720770617271,民田肥佬牛杂_520,2025-01-22 20:55,,Regular,0.0714
5125555026137571,5125720770873564,淡淡-900,2025-01-22 20:55,,Regular,0.979
5125188536763149,5125202231431120,分茶种瓜,2025-01-21 10:34,,Regular,0.7971
5125237203275468,5125673938583911,花和尚lnstagramcyh,2025-01-22 17:49,,Regular,0.0019
5125623776021300,5125728429414205,南西贡何女士,2025-01-22 21:25,,Regular,0.0054
5125555026137571,5125720766680767,干掉皇后就是妃子,2025-01-22 20:55,,Regular,0.0853
5125555026137571,5125720764062641,梦绕千里,2025-01-22 20:55,,Regular,0.0079
5125555026137571,5125720763800049,limin2286718075,2025-01-22 20:55,,Regular,0.0038
5125555026137571,5125720764848277,倔强的小红军bin,2025-01-22 20:55,,Regular,0.0846
5125548029775317,5125686476411502,雪球平安内含价值,2025-01-22 18:39,,Regular,0.1952
5125583929349209,5125600307580151,牧键,2025-01-22 12:56,,YellowV,0.0006
5125523120327801,5125600132203280,日经中文网,2025-01-22 12:56,,BlueV,0.121
5125191733349054,5125212335768227,今日俄罗斯RT,2025-01-21 11:15,,BlueV,0.0281
5125178415126174,5125212054230350,尼克安闲,2025-01-21 11:13,,RedV,0.1137
5125649465348919,5125702057723128,奔六,2025-01-22 19:41,,RedV,0.3116
5125675522457784,5125685622347191,暖夕酱,2025-01-22 18:35,,GoldV,0.9287
5125330461263050,5125555207541332,分茶种瓜,2025-01-22 09:57,,Regular,0.0004
5125200813754939,5125644093228943,仲杰97,2025-01-22 15:50,,Regular,0.2381
5125200813754939,5125644092445516,丁程鹏的歌,2025-01-22 15:50,,Regular,0.1308
5125362434446705,5125643773413137,开欣喜哈哈,2025-01-22 15:49,,Regular,0.0101
5125228174772104,5125554888773322,醌之大千里也,2025-01-22 09:56,,Regular,0.5885
5125330461263050,5125612586929554,Sanissan3,2025-01-22 13:45,,Regular,0.5712
5125619383796681,5125701109552173,长余量化投资,2025-01-22 19:37,,RedV,0.5885
5125237203275468,5125725655405915,南昌熊明,2025-01-22 21:14,,YellowV,0.971
5125203086284922,5125539644053355,丁声基,2025-01-22 08:55,,RedV,0.915
5125548029775317,5125568184717189,尼克安闲,2025-01-22 10:49,,RedV,0.0886
5125619383796681,5125683493476973,门头沟山人,2025-01-22 18:27,,Regular,0.5885
5125552099035627,5125609988819320,江湖浪人VIP,2025-01-22 13:35,,Regular,0.0005
5125234430839849,5125508859953265,醋溜百财,2025-01-22 06:53,,Regular,0.385
5125533354689846,5125658902790169,你浅若清风徐来,2025-01-22 16:49,,Regular,0.0959
5125639747407523,5125642953693332,财相伴,2025-01-22 15:46,,Regular,0.3833
5125237203275468,5125672240679244,黄胜友,2025-01-22 17:42,,YellowV,0.6573
5125670222432987,5125671846415730,未命名_202411,2025-01-22 17:41,,Regular,0.0435
5125619383796681,5125671485966468,张洲,2025-01-22 17:39,,GoldV,0.0054
5125649465348919,5125699572862856,一个院长的思考,2025-01-22 19:31,,GoldV,0.5885
5125687952017055,5125699157625595,山海_海山,2025-01-22 19:29,,Regular,0.0555
5125231498757395,5125538261238278,北京鲁戈,2025-01-22 08:50,,RedV,0.5885
5125330461263050,5125508632937736,时光不觉1999,2025-01-22 06:52,,Regular,0.5885
5125554149526075,5125714569600055,思想单干户,2025-01-22 20:30,,Regular,0.1641
5125330461263050,5125552784540049,冬天的冷饮夏天的雪地靴,2025-01-22 09:47,,Regular,0.0061
5125548029775317,5125552558047653,规律规则,2025-01-22 09:47,,Regular,0.5885
5125637880676476,5125642188231155,微博时事,2025-01-22 15:43,,BlueV,0.5
5125268937378162,5125488844210926,nnyjtt2014,2025-01-22 05:33,,Regular,0.0867
5125518842398018,5125523170394807,UFO启示,2025-01-22 07:50,,GoldV,0.0383
5125367235347895,5125500969681108,永远嘻嘻哈哈,2025-01-22 06:22,,Regular,0.0322
5123079657228403,5125696878544803,为吃货争口气,2025-01-22 19:20,,Regular,0.5885
5125472172638337,5125474319597591,Ronnie1026,2025-01-22 04:36,,Regular,0.252
5125472172638337,5125473975140915,Skywalker肯特先生,2025-01-22 04:34,,Regular,0.0258
5125721441965425,5125723289029491,璟楠艺术品,2025-01-22 21:05,,Regular,0.1046
5125721441965425,5125723273299033,魑魅万网娘,2025-01-22 21:05,,Regular,0.4662
5125721441965425,5125723268847330,小名叫做旺财,2025-01-22 21:05,,Regular,0.0051
5125721441965425,5125723258096627,TIAN雪2011,2025-01-22 21:05,,Regular,0.153
5125721441965425,5125723258093863,手机移栋用户,2025-01-22 21:05,,Regular,0.1982
5125721441965425,5125723238438837,雪地里远望,2025-01-22 21:05,,Regular,0.9686
5125721441965425,5125723235029442,秋天共振季节,2025-01-22 21:05,,Regular,0.8412
5125721441965425,5125723234765900,可爱的我早已醒来,2025-01-22 21:05,,Regular,0.2856
5125541483775644,5125550891599455,麦田守望者B型202号,2025-01-22 09:40,,Regular,0.1025
5125721441965425,5125723232937270,雅欣茗谣,2025-01-22 21:05,,Regular,0.1073
5125721441965425,5125723231097396,秃顶老头莱喽,2025-01-22 21:05,,Regular,0.6924
5125721441965425,5125723228737489,开欣喜哈哈,2025-01-22 21:05,,Regular,0.9312
5125721441965425,5125723231097806,婷婷猴也,2025-01-22 21:05,,Regular,0.0769
5125721441965425,5125723231360841,助力老铁,2025-01-22 21:05,,Regular,0.1583
5125721441965425,5125723228478318,爆壹勾,2025-01-22 21:05,,Regular,0.072
5125721441965425,5125723184958381,桂冠诗人喝醉了,2025-01-22 21:05,,Regular,0.0498
5125721441965425,5125723183911884,紫轩芸儿,2025-01-22 21:05,,Regular,0.0444
5125721441965425,5125723180762289,我叫我哥快乐_181,2025-01-22 21:04,,Regular,0.2482
5125025936706563,5125170348163676,我就是二狗,2025-01-21 08:28,,GoldV,0.0014
5120788479083385,5125711700426880,ESTRELLA-Seg,2025-01-22 20:19,,Regular,0.1531
5125439263867802,5125592085434675,花和尚lnstagramcyh,2025-01-22 12:24,,Regular,0.0207
5125721441965425,5125723173952915,默默守护的人6,2025-01-22 21:04,,Regular,0.0354
5125721441965425,5125723170020285,J-小锦的宝藏圈,2025-01-22 21:04,,Regular,0.0588
5125721441965425,5125723163462120,祈花缘,2025-01-22 21:04,,Regular,0.0849
5125721441965425,5125723159532104,美女姐姐我,2025-01-22 21:04,,Regular,0.0537
5125549020417100,5125563221548011,杨易君黄金与金融投资,2025-01-22 10:29,,YellowV,0.0551
5125194647604328,5125550039631204,视频评论员,2025-01-22 09:37,,Regular,0.0571
5125330461263050,5125550002408775,会计员小波,2025-01-22 09:36,,Regular,0.0847
5125548029775317,5125591653417871,尼克安闲,2025-01-22 12:22,,RedV,0.8375
5125671330515199,5125721978832787,木头小伙的秘密,2025-01-22 21:00,,Regular,0.7719
5125385847048370,5125447564919275,财重信,2025-01-22 02:49,,Regular,0.0297
5125676903960247,5125677506626700,哈翘啊,2025-01-22 18:03,,Regular,0.2291
5125676903960247,5125677496665494,勿念勿忘樂,2025-01-22 18:03,,Regular,0.0046
5125649465348919,5125667708733237,奔六,2025-01-22 17:24,,RedV,0.3977
5125181762962598,5125193756314121,稷下申文,2025-01-21 10:01,,Regular,0.1042
5125277858139284,5125691796359567,陳偉andy香港,2025-01-22 19:00,,YellowV,0.5885
5125532490403981,5125533110636920,爱逛博物馆的公卫混子,2025-01-22 08:29,,Regular,0.5885
5126093230841279,5126113911377491,FregeLTS,2025-01-23 22:57,,Regular,0.5885
5125362873272962,5125588230871150,周天慧VanessaChow,2025-01-22 12:08,,YellowV,0.006
5125222508272277,5125577147421249,普鲁托的底,2025-01-22 11:24,,Regular,0.0941
5125237203275468,5126110746774286,花和尚lnstagramcyh,2025-01-23 22:45,,Regular,0.006
5126099337741403,5126109381270980,世界经济论坛,2025-01-23 22:39,,BlueV,0.7163
5125548029775317,5126108190344509,聪明的-投资者,2025-01-23 22:34,,Regular,0.8885
5125540405840939,5125653997293932,似水芷荇,2025-01-22 16:30,,Regular,0.0445
5125998001526265,5126081041926400,東城十七,2025-01-23 20:47,,YellowV,0.6154
5126031377434226,5126078372779491,小恶魔提利航,2025-01-23 20:36,,Regular,0.6833
5126031377434226,5126066081891795,热情似米花,2025-01-23 19:47,,Regular,0.5885
5125899979327386,5126106660734139,啵er爽,2025-01-23 22:28,,Regular,0.5885
5125659993834288,5125676736972296,花和尚lnstagramcyh,2025-01-22 18:00,,Regular,0.1062
5125657442651934,5125665953939602,外贸发布BBS,2025-01-22 17:17,,Regular,0.0304
5126031377434226,5126037464154953,0陈耳东0,2025-01-23 17:53,,Regular,0.6461
5125550610058874,5125575201263729,wildrood,2025-01-22 11:16,,YellowV,0.4907
5125237203275468,5126103092692256,花和尚lnstagramcyh,2025-01-23 22:14,,Regular,0.0452
5125222508272277,5126007229254632,咸鱼和猫爪,2025-01-23 15:53,,Regular,0.5885
5124932377514428,5125558134118810,万物与我为1,2025-01-22 10:09,,Regular,0.5885
5125181762962598,5125182456860090,娄山关1935,2025-01-21 09:16,,Regular,0.0491
5120542996693494,5125545826455225,北京鲁戈,2025-01-22 09:20,,RedV,0.2543
5126030211678553,5126035094374239,湖人故人,2025-01-23 17:44,,Regular,0.0034
5125335089680881,5125512921875856,文化亚平宁-lifetime-anti-MANU,2025-01-22 07:09,,Regular,0.5885
5125572772761667,5125574126731936,微博时事,2025-01-22 11:12,,BlueV,0.5
5104886120711552,5125573126915210,期货_操作手,2025-01-22 11:08,,Regular,0.1229
5126020598334544,5126020871488307,轉身永恆,2025-01-23 16:47,,Regular,0.0775
5125779383386569,5125975681270141,亲仁友直所以扶颠,2025-01-23 13:48,,Regular,0.5885
5126031377434226,5126048590860629,风云观澜,2025-01-23 18:38,,Regular,0.1242
5126031377434226,5126034271241410,ZJHtakayama373,2025-01-23 17:41,,Regular,0.0447
5125451869586640,5125572395009128,飞蠓,2025-01-22 11:05,,Regular,0.0123
5125237203275468,5126019780972655,黄胜友,2025-01-23 16:43,,YellowV,0.0852
5125237203275468,5126019303083436,黄胜友,2025-01-23 16:41,,YellowV,0.0375
5125237203275468,5126100009879576,花和尚lnstagramcyh,2025-01-23 22:02,,Regular,0.0156
5126093230841279,5126099752983405,首席外卖官,2025-01-23 22:01,,Regular,0.2233
5125948422753198,5126031444546177,四度痴岁-大同何,2025-01-23 17:29,,Regular,0.1144
5125367235347895,5125556632554312,绿色公民-2020,2025-01-22 10:03,,Regular,0.0625
5125779383386569,5125932964911377,罗西落西西,2025-01-23 10:58,,Regular,0.712
5125931230300145,5125932446126603,苏渝,2025-01-23 10:56,,RedV,0.0309
5125779383386569,5125932023023457,用户7884824825,2025-01-23 10:54,,Regular,0.5885
5125678637253669,5126044885716953,护城长河者,2025-01-23 18:23,,Regular,0.5885
5125779383386569,5125961500854715,琉球战士1,2025-01-23 12:52,,Regular,0.5885
5125958480956298,5125960248591709,一介布衣123,2025-01-23 12:47,,Regular,0.046
5125902268108336,5125946457983796,雪果噢,2025-01-23 11:52,,Regular,0.0014
5125626543472855,5125650568709401,漫步姑苏,2025-01-22 16:16,,Regular,0.0607
5124963227666350,5126013300509717,大刚的自在時光,2025-01-23 16:17,,Regular,0.1242
5125927451232901,5125982646438919,日经中文网,2025-01-23 14:16,,BlueV,0.2329
5125974746991391,5125981393918733,微博时事,2025-01-23 14:11,,BlueV,0.5
5125899941316030,5125903090189253,一立的微博,2025-01-23 08:59,,Regular,0.05
5125626543472855,5125944124114083,覆水坳堂,2025-01-23 11:42,,Regular,0.2101
5125639774408554,5125650337760147,止盈出金,2025-01-22 16:15,,Regular,0.5885
5125987832956190,5126002072097386,财务的人生,2025-01-23 15:33,,Regular,0.4198
5125623776021300,5125980949319836,易经与楼市走势预测,2025-01-23 14:09,,Regular,0.0154
5125222508272277,5126039126935875,TavisuPleba-,2025-01-23 18:00,,Regular,0.5885
5125669636541301,5125902113442361,淮北反邪教,2025-01-23 08:56,,BlueV,0.2051
5125626543472855,5125636686089833,暴风ming,2025-01-22 15:21,,Regular,0.0024
5125911836100121,5125942588215398,用户7730707321,2025-01-23 11:36,,Regular,0.1242
5125684473368412,5126011167707017,呼和浩特反邪教,2025-01-23 16:09,,BlueV,0.2483
5125772891130092,5125928448951524,风明1999,2025-01-23 10:40,,YellowV,0.5885
5125927451232901,5126001639561438,左手一支虎,2025-01-23 15:31,,Regular,0.5885
5125931230300145,5125940465637946,秋留余,2025-01-23 11:28,,Regular,0.5885
5125931230300145,5125939218617640,余丰慧,2025-01-23 11:23,,GoldV,0.1242
5125645065783744,5125649445159864,用户6707792517,2025-01-22 16:11,,Regular,0.8221
5125540405840939,5125839178432575,七月梅子青,2025-01-23 04:45,,RedV,0.4978
5125984066209672,5125997439485775,-阿逺-,2025-01-23 15:14,,Regular,0.0006
5125678637253669,5125996853858014,路德维希·漫天霾,2025-01-23 15:12,,Regular,0.0004
5125790635394493,5125996326420780,我就是喜欢看小说,2025-01-23 15:10,,GoldV,0.0434
5125772891130092,5125824993297127,我是魂牵梦绕66,2025-01-23 03:49,,Regular,0.0386
5125623776021300,5125818374160815,庄青zhuangqing,2025-01-23 03:23,,YellowV,0.0181
5125774558367624,5125869633536698,Marie-Henriette,2025-01-23 06:46,,Regular,0.5885
5125770947070018,5125868248629932,勇哥Johnson,2025-01-23 06:41,,Regular,0.1737
5125857817919745,5125909931885732,成都夏卫强律师,2025-01-23 09:27,,YellowV,0.0639
5125237203275468,5125883192935310,法眼边车视野,2025-01-23 07:40,,YellowV,0.8171
5125772891130092,5125883189003176,飞翔琳_62137,2025-01-23 07:40,,Regular,0.0116
5125774558367624,5125788195883646,Marguerite_WilliamS,2025-01-23 01:23,,Regular,0.0415
5125932103238507,5125935713485137,T加A,2025-01-23 11:09,,Regular,0.0926
5125613952437890,5125648217805542,不铭泽已,2025-01-22 16:07,,Regular,0.8007
5125779383386569,5125923915174736,军武大伊万,2025-01-23 10:22,,RedV,0.0026
5125772891130092,5125780420166598,天上地下逍遥游,2025-01-23 00:52,,Regular,0.0091
5125770947070018,5125881648908069,magicprophet,2025-01-23 07:34,,Regular,0.5885
5126310102043312,5126445561284184,海海哥,2025-01-24 20:55,,Regular,0.0172
5125662006578618,5125899702501744,看晨曦的微博,2025-01-23 08:46,,Regular,0.0417
5125780562773304,5125785230771764,没人比我更懂DJT,2025-01-23 01:11,,YellowV,0.0015
5123116980242046,5125783310043074,你必须释放温暖的火,2025-01-23 01:03,,Regular,0.0393
5125779383386569,5125922271527863,老王谈改革,2025-01-23 10:16,,GoldV,0.0007
5125697011974536,5125907017106858,用户7611980362,2025-01-23 09:15,,Regular,0.1976
5125772891130092,5125858040479799,独钓荒野,2025-01-23 06:00,,Regular,0.0004
5126310102043312,5126430739136744,菠萝舟,2025-01-24 19:56,,Regular,0.5885
5125626543472855,5125632402656840,冷上西,2025-01-22 15:04,,Regular,0.0194
5125613952437890,5125631899861064,史老柒,2025-01-22 15:02,,GoldV,0.5885
5125626543472855,5125631866044723,红衣_大侠,2025-01-22 15:02,,Regular,0.1898
5126310102043312,5126370552453220,狮子座圣斗士守护雅典娜,2025-01-24 15:57,,Regular,0.0074
5126310102043312,5126370120434004,橘子蛋糕,2025-01-24 15:55,,Regular,0.253
5126310102043312,5126456585755169,徐泐岩,2025-01-24 21:39,,Regular,0.5885
5126355912229103,5126429404824072,奶茶-小公举,2025-01-24 19:51,,Regular,0.0032
5126355912229103,5126429402465470,小小-木子慧,2025-01-24 19:51,,Regular,0.0219
5126355912229103,5126429379661146,櫻小盆友__elizabethkim,2025-01-24 19:51,,Regular,0.0091
5126355912229103,5126429377563832,嘻嘻哈哈汪二二,2025-01-24 19:51,,Regular,0.0127
5126355912229103,5126429379657964,飞驰人生轨迹上,2025-01-24 19:51,,Regular,0.0405
5126355912229103,5126429379657886,天道酬勤耶鲁,2025-01-24 19:51,,Regular,0.9147
5126355912229103,5126429375205756,Ohye爱杜,2025-01-24 19:51,,Regular,0.2336
5126248504755569,5126385358084014,龙年吉祥幸福,2025-01-24 16:56,,Regular,0.9273
5126245834817863,5126385192406393,奶茶-小公举,2025-01-24 16:55,,Regular,0.0268
5126245834817863,5126385191881650,自由自在爱自己,2025-01-24 16:55,,Regular,0.8661
5126357689827682,5126369053508274,军武大伊万,2025-01-24 15:51,,RedV,0.0053
5126425877678268,5126455824749195,_恒_我_,2025-01-24 21:36,,Regular,0.5885
5126296453252396,5126397743863691,百里屠苏mini叽叽,2025-01-24 17:45,,Regular,0.681
5125772891130092,5125873307485848,开三眼,2025-01-23 07:01,,Regular,0.8782
5126310102043312,5126368241386716,史老柒,2025-01-24 15:48,,GoldV,0.0243
5126430069363507,5126441609988811,刍二不呆,2025-01-24 20:39,,Regular,0.0006
5125778924901746,5125894974212571,acrty202010,2025-01-23 08:27,,Regular,0.0021
5125014447723298,5126410591012200,军曹先生888,2025-01-24 18:36,,Regular,0.5885
5125014447723298,5126396158411255,微彰琦谈,2025-01-24 17:39,,RedV,0.0105
5126278468864143,5126279655327700,半间宅,2025-01-24 09:56,,Regular,0.0826
5126465054052222,5126467753874728,海海哥,2025-01-24 22:23,,Regular,0.5648
5126321120480061,5126439982601212,没头脑和不高兴和没耐心,2025-01-24 20:33,,Regular,0.5885
5126343513605319,5126408911196211,Civo0030,2025-01-24 18:29,,Regular,0.4089
5126343513605319,5126408609731577,Civo0030,2025-01-24 18:28,,Regular,0.0767
5125963157864804,5126265429035505,oceanwolff,2025-01-24 08:59,,Regular,0.5885
5126278468864143,5126306885273327,丽萍小丁当,2025-01-24 11:44,,Regular,0.0233
5126310102043312,5126366562092702,你属于舞台也属于屏幕,2025-01-24 15:41,,Regular,0.2996
5125938318675207,5126438422845168,刷屏狂魔长工王,2025-01-24 20:27,,YellowV,0.5885
5125779383386569,5125903850669000,尼克安闲,2025-01-23 09:02,,RedV,0.8531
5126321120480061,5126420571360646,人都有偏见,2025-01-24 19:16,,Regular,0.0057
5126385786163946,5126393685610783,空白又单色,2025-01-24 17:29,,Regular,0.5177
5126385786163946,5126393678269812,石膏飞,2025-01-24 17:29,,Regular,0.0541
5126385786163946,5126393669358754,我超爱喝椰子噢,2025-01-24 17:29,,Regular,0.7941
5126385786163946,5126393666997205,小妮多豆,2025-01-24 17:29,,Regular,0.8131
5126385786163946,5126393665425774,郑弘明,2025-01-24 17:29,,Regular,0.0099
5126385786163946,5126393665161340,云小朵儿755,2025-01-24 17:29,,Regular,0.0211
5125963157864804,5126264547181350,日经中文网,2025-01-24 08:56,,BlueV,0.5192
5126277410851324,5126278082203078,不了了之也,2025-01-24 09:49,,Regular,0.0099
5126277410851324,5126278077746270,特滴烂,2025-01-24 09:49,,Regular,0.0362
5126277410851324,5126278076172882,黑夜里的星星火,2025-01-24 09:49,,Regular,0.0683
5126277410851324,5126278074337140,yunhuhu的,2025-01-24 09:49,,Regular,0.181
5126310102043312,5126437191552272,梦想治愈世界,2025-01-24 20:22,,Regular,0.5885
5126330834225759,5126418830463005,甜甜的巧,2025-01-24 19:09,,YellowV,0.5885
5126231962681604,5126248959313484,汪亚民,2025-01-24 07:54,,YellowV,0.0513
5126310102043312,5126405824185976,风明1999,2025-01-24 18:17,,YellowV,0.5885
5126385786163946,5126393661229417,兰亭变萌变淑女,2025-01-24 17:29,,Regular,0.4162
5126385786163946,5126393660185406,大地的下面是大地,2025-01-24 17:29,,Regular,0.0065
5126385786163946,5126393660703660,奕庭,2025-01-24 17:29,,Regular,0.1496
5126385786163946,5126393656511414,小运气也开心,2025-01-24 17:29,,Regular,0.0327
5126385786163946,5126393654679187,别笑我挑得不好看喔,2025-01-24 17:29,,Regular,0.0748
5126385786163946,5126393654674297,国外有光的小伙伴,2025-01-24 17:29,,Regular,0.3588
5126385786163946,5126393646284806,war3的神,2025-01-24 17:29,,Regular,0.2574
5126330834225759,5126393585208473,小满,2025-01-24 17:28,,GoldV,0.9799
5011909808226876,5126320541928269,易拉宝三号,2025-01-24 12:38,,Regular,0.5885
5126359968383853,5126380776591712,布哈拉游台湾,2025-01-24 16:38,,Regular,0.0252
5126277410851324,5126278005131570,食杂店66,2025-01-24 09:49,,Regular,0.1321
5126277410851324,5126278002511311,小仙女棒D,2025-01-24 09:49,,Regular,0.5257
5126278468864143,5126306773865461,南北结合6,2025-01-24 11:44,,Regular,0.0508
5126278468864143,5126306776219967,与久3399,2025-01-24 11:43,,Regular,0.1538
5126278468864143,5126306773861634,热火的鱼_836,2025-01-24 11:43,,Regular,0.0194
5126278468864143,5126306767572297,king-lft,2025-01-24 11:43,,Regular,0.0105
5126278468864143,5126306766784689,寒冰绵掌残粉,2025-01-24 11:43,,Regular,0.8463
5126278468864143,5126306765215240,东北特产正宗,2025-01-24 11:43,,Regular,0.0124
5126278468864143,5126306765213786,无花果味道好5,2025-01-24 11:43,,Regular,0.9221
5126278468864143,5126306767306831,琪儿爱哭鬼,2025-01-24 11:43,,Regular,0.9084
5126310102043312,5126404138077809,躺赢的边角料桃子,2025-01-24 18:10,,Regular,0.5885
5126363620573568,5126364548042335,姜同学up,2025-01-24 15:33,,YellowV,0.014
5126278468864143,5126306763901690,美女姐姐我,2025-01-24 11:43,,Regular,0.4223
5126278468864143,5126306762590277,再顾顾顾,2025-01-24 11:43,,Regular,0.6561
5126278468864143,5126306762594536,Ohye爱杜,2025-01-24 11:43,,Regular,0.9332
5126278468864143,5126306762854970,奋斗的路上加油,2025-01-24 11:43,,Regular,0.6943
5126278468864143,5126306763379087,大唐不夜城之后,2025-01-24 11:43,,Regular,0.942
5126278468864143,5126306763640082,大力出奇迹135,2025-01-24 11:43,,Regular,0.0204
5126278468864143,5126306761280527,悠悠幽幽呦呦哟,2025-01-24 11:43,,Regular,0.0568
5126278468864143,5126306758397251,龙年吉祥幸福,2025-01-24 11:43,,Regular,0.0607
5126278468864143,5126306757087136,幸福的小嘿嘿哦,2025-01-24 11:43,,Regular,0.0153
5126278468864143,5126306762588232,急吼吼jhg,2025-01-24 11:43,,Regular,0.1095
5126400807797499,5126402234387640,木头小伙的秘密,2025-01-24 18:03,,Regular,0.7302
5126400807797499,5126402053768203,浪漫主义的外婆桥,2025-01-24 18:02,,Regular,0.5841
5126400807797499,5126402049837081,瞎闹滕文,2025-01-24 18:02,,Regular,0.5505
5126261869643737,5126318575061654,不铭泽已,2025-01-24 12:30,,Regular,0.663
5126093230841279,5126221524632753,找不回就不找呗,2025-01-24 06:05,,Regular,0.5885
5126310102043312,5126378561474004,不铭泽已,2025-01-24 16:29,,Regular,0.5885
5126265630359709,5126277118297521,春日暖阳-逍遥派,2025-01-24 09:46,,Regular,0.8518
5126310102043312,5126350799110337,今天天气好晴朗2025,2025-01-24 14:38,,Regular,0.5885
5126097873667721,5126181959762258,AC在米兰,2025-01-24 03:28,,Regular,0.6231
5126278468864143,5126306759446389,颜色鲜艳艳丽,2025-01-24 11:43,,Regular,0.0158
5126278468864143,5126306758398451,jeyfer风,2025-01-24 11:43,,Regular,0.9689
5126278468864143,5126306759447965,可爱的男孩呵哟,2025-01-24 11:43,,Regular,0.063
5126278468864143,5126306763112634,冬天穿搭分享,2025-01-24 11:43,,Regular,0.0676
5126278468864143,5126306763375384,真味道美食,2025-01-24 11:43,,Regular,0.8682
5126278468864143,5126306759180548,春月恋歌jm,2025-01-24 11:43,,Regular,0.2008
5125938318675207,5126245920801907,阿歪_日常咸鱼ing,2025-01-24 07:42,,Regular,0.0167
5124666455230675,5126245335435234,黎山老公,2025-01-24 07:39,,Regular,0.1242
5126064903553256,5126169231361810,lifepieces,2025-01-24 02:37,,Regular,0.5885
5125938189436800,5126160852189430,小任性的月薪,2025-01-24 02:04,,Regular,0.6207
5125938189436800,5126160839083142,茶茶茶茶茶树JURI-,2025-01-24 02:04,,Regular,0.2381
5125938189436800,5126160838559338,草莓味的坏女孩,2025-01-24 02:04,,Regular,0.021
5126400807797499,5126402049837044,大7--,2025-01-24 18:02,,Regular,0.0864
5126400807797499,5126402047477686,非点点滴滴淡淡的,2025-01-24 18:02,,Regular,0.0877
5126400807797499,5126402043286532,壹生晴宝,2025-01-24 18:02,,Regular,0.994
5126400807797499,5126402045118545,yunhuhu的,2025-01-24 18:02,,Regular,0.0154
5126400807797499,5126402045646522,理想与思想意,2025-01-24 18:02,,Regular,0.3008
5126400807797499,5126402049049838,埃意随风岂,2025-01-24 18:02,,Regular,0.0005
5126400807797499,5126402049835825,秋天共振季节,2025-01-24 18:02,,Regular,0.3482
5126400807797499,5126402050097843,老福围脖,2025-01-24 18:02,,Regular,0.0004
5126400807797499,5126402043019668,VQ37YYDS,2025-01-24 18:02,,Regular,0.0065
5126400807797499,5126402040924665,佳晔写作,2025-01-24 18:02,,Regular,0.2348
5126296453252396,5126317601721881,Bittersweetiam,2025-01-24 12:27,,Regular,0.8462
5126296453252396,5126316872173145,路过十八次,2025-01-24 12:24,,RedV,0.054
5126282533146769,5126378148337724,乱世尘埃-持续减重中,2025-01-24 16:27,,Regular,0.1242
5126310102043312,5126377842147915,撸图的大F,2025-01-24 16:26,,Regular,0.1242
5126333690806736,5126377829303500,布哈拉游台湾,2025-01-24 16:26,,Regular,0.0182
5126093230841279,5126153293530508,亚当uncertainworld,2025-01-24 01:34,,Regular,0.5885
5126005636994363,5126149317067144,人云亦耘123,2025-01-24 01:18,,Regular,0.0108
5126289055025861,5126327215067861,Frankianming,2025-01-24 13:05,,Regular,0.04
5126343513605319,5126363920991247,成益民呀,2025-01-24 15:31,,Regular,0.0773
5126296453252396,5126350760837223,钱塘茶客,2025-01-24 14:38,,Regular,0.5885
5126342012043563,5126350643925254,破线了吗__止损要趁早,2025-01-24 14:38,,Regular,0.5885
5126400807797499,5126402040662841,我的名字十二个字不信你看_617,2025-01-24 18:02,,Regular,0.1665
5126400807797499,5126402040402181,蓝色歌者2011,2025-01-24 18:02,,Regular,0.0021
5126400807797499,5126402038830209,韵枫枫上,2025-01-24 18:02,,Regular,0.0553
5126182427952561,5126834511938506,利子改三,2025-01-25 22:41,,Regular,0.0722
5126247902611933,5126261720220071,东南区fj,2025-01-24 08:44,,Regular,0.3044
5126229302444040,5126376498136898,MadMen-R,2025-01-24 16:21,,Regular,0.0216
5126231962681604,5126261661503535,余丰慧,2025-01-24 08:44,,GoldV,0.1242
5126310102043312,5126375793230040,就是不射门,2025-01-24 16:18,,Regular,0.0027
5126434332348995,5126775571219479,瞎闹滕文,2025-01-25 18:46,,Regular,0.0021
5126434332348995,5126775556804636,ABC_doremi,2025-01-25 18:46,,Regular,0.1222
5126310102043312,5126360702124399,Love青藤蔓草,2025-01-24 15:18,,Regular,0.1562
5126317481922632,5126348005441570,北京鲁戈,2025-01-24 14:27,,RedV,0.0279
5126747859190868,5126748063402520,余丰慧,2025-01-25 16:57,,GoldV,0.9561
5126680740626726,5126744825135984,学佛人与股票,2025-01-25 16:44,,Regular,0.1588
5126287211369061,5126288254176722,放飞自我的镜子,2025-01-24 10:30,,Regular,0.7324
5126352347072290,5126374015369924,天仙宝宝17620,2025-01-24 16:11,,Regular,0.0499
5126434332348995,5126775459547705,芮丝,2025-01-25 18:46,,Regular,0.0007
5126434332348995,5126775451157866,浪漫主义的外婆桥,2025-01-25 18:46,,Regular,0.0199
5126434332348995,5126775445394477,才贝1,2025-01-25 18:46,,Regular,0.0352
5126434332348995,5126775445389534,空中瑜伽教练,2025-01-25 18:46,,Regular,0.054
5125948422753198,5126274463041414,秦洪亮的,2025-01-24 09:35,,Regular,0.6823
5126343513605319,5126346464299176,老艾观察,2025-01-24 14:21,,RedV,0.0013
5126725988778547,5126744350131145,K线0的艺术,2025-01-25 16:42,,Regular,0.0059
5126230108799856,5126302782719195,饶春海,2025-01-24 11:28,,Regular,0.5885
5126705905666188,5126782902602902,疯中勿语201101,2025-01-25 19:15,,Regular,0.1505
5126265873108706,5126287688204539,新派观察,2025-01-24 10:28,,Regular,0.0108
5126658434795502,5126729368079676,温暖阳光嘟嘟鱼,2025-01-25 15:43,,Regular,0.0812
5126658434795502,5126729328757283,颜色鲜艳艳丽,2025-01-25 15:43,,Regular,0.009
5126658434795502,5126729328756664,真味道美食,2025-01-25 15:43,,Regular,0.015
5126261869643737,5126311373444220,KrisFish去看南京照相馆,2025-01-24 12:02,,GoldV,0.5885
5126348553060727,5126373633164298,笑着寻梦,2025-01-24 16:09,,YellowV,0.0412
5126310102043312,5126373188307968,我是你的昵称,2025-01-24 16:07,,Regular,0.1385
5126607729068895,5126800812285447,O倾匿岭O1,2025-01-25 20:27,,Regular,0.5885
5126557221520303,5126799644428399,我就是喜欢看小说,2025-01-25 20:22,,GoldV,0.0007
5126296453252396,5126302041115455,tubaniu,2025-01-24 11:25,,Regular,0.5885
5126466147191571,5126782262706926,Degg_GlobalMacroFin,2025-01-25 19:13,,RedV,0.6015
5126093230841279,5126240298076402,海楼石_平,2025-01-24 07:19,,Regular,0.0402
5126658434795502,5126729326660671,冬天穿搭分享,2025-01-25 15:43,,Regular,0.9775
5126658434795502,5126729324827053,好喝是精粮食,2025-01-25 15:43,,Regular,0.0093
5126607729068895,5126763875664789,千言万语恨渣浪,2025-01-25 18:00,,Regular,0.009
5126259073617274,5126259828853429,那一年沉迷于花香,2025-01-24 08:37,,Regular,0.66
5125944597547785,5126795821324322,喜糖哈尼,2025-01-25 20:07,,Regular,0.5885
5126557221520303,5126815062169431,我就是喜欢看小说,2025-01-25 21:23,,GoldV,0.7392
5126229302444040,5126301289550395,格兰特卡修,2025-01-24 11:22,,Regular,0.1242
5126607729068895,5126737421667558,秋名山街猫,2025-01-25 16:15,,RedV,0.4962
5126475906295907,5126726849921758,是之行,2025-01-25 15:33,,Regular,0.0504
5126605946749962,5126716632863328,萤火虫如我,2025-01-25 14:52,,GoldV,0.4969
5126230108799856,5126285921094757,冷眼旁哈,2025-01-24 10:21,,Regular,0.3081
5126654068523354,5126655255251827,仁者见仁心也,2025-01-25 10:48,,Regular,0.1814
5126270856202414,5126734202802168,你必须释放温暖的火,2025-01-25 16:02,,Regular,0.0164
5126228329366715,5126236835939589,黄斌,2025-01-24 07:06,,GoldV,0.0143
5126706595889855,5126713552144610,國老1947新七窗口,2025-01-25 14:40,,Regular,0.07
5126693549247007,5126696649101970,jeyfer风,2025-01-25 13:33,,Regular,0.0025
5126680740626726,5126695999504779,--幸福老汉--,2025-01-25 13:30,,Regular,0.6513
5126461291764206,5126611953517281,财重信,2025-01-25 07:56,,Regular,0.1754
5126654068523354,5126655242404217,ismylikey,2025-01-25 10:48,,Regular,0.2029
5126654068523354,5126655238997677,此乃神矣,2025-01-25 10:48,,Regular,0.5919
5126654068523354,5126655238734343,壹生晴宝,2025-01-25 10:48,,Regular,0.1447
5126654068523354,5126655234016793,助力老铁,2025-01-25 10:48,,Regular,0.0276
5126654068523354,5126655229560859,黑白配俊俊,2025-01-25 10:48,,Regular,0.4758
5126654068523354,5126655141743299,仰望那片净土,2025-01-25 10:48,,Regular,0.983
5126654068523354,5126655134401822,半间宅,2025-01-25 10:48,,Regular,0.0491
5126654068523354,5126655133616993,小仙女棒D,2025-01-25 10:48,,Regular,0.1044
5126557221520303,5126809614290644,小墙纸2016,2025-01-25 21:02,,Regular,0.5885
5126296453252396,5126300027586916,magicprophet,2025-01-24 11:17,,Regular,0.5885
5126277410851324,5126299943961641,傲娇毛与按不住花,2025-01-24 11:16,,Regular,0.0875
5126277410851324,5126299930593664,壹生晴宝,2025-01-24 11:16,,Regular,0.9839
5126277410851324,5126299828094117,止水浮身,2025-01-24 11:16,,Regular,0.5173
5126277410851324,5126299827834011,嘻嘻哈哈汪二二,2025-01-24 11:16,,Regular,0.9556
5126277410851324,5126299821543606,可爱的男孩呵哟,2025-01-24 11:16,,Regular,0.7296
5126277410851324,5126299819710495,冬天穿搭分享,2025-01-24 11:16,,Regular,0.0116
5126277410851324,5126299825472161,悠悠幽幽呦呦哟,2025-01-24 11:16,,Regular,0.5648
5126653333996159,5126721185514400,最近有点忙为梦想努力着,2025-01-25 15:10,,Regular,0.1112
5126653333996159,5126721189970754,热火的鱼_836,2025-01-25 15:10,,Regular,0.4176
5126653333996159,5126721183680581,奋斗的路上加油,2025-01-25 15:10,,Regular,0.0013
5126265604933370,5126271194892373,scy八月,2025-01-24 09:22,,Regular,0.7897
5126265604933370,5126271191224728,Alan的孤单,2025-01-24 09:22,,Regular,0.0296
5126621602251565,5126624196428078,斩美狗屠精日,2025-01-25 08:45,,Regular,0.5885
5126456516547566,5126609904599345,唯独进取,2025-01-25 07:48,,Regular,0.4237
5126653333996159,5126654816944710,草莓味的坏女孩,2025-01-25 10:46,,Regular,0.6309
5126653333996159,5126654676698230,蓝天蓝天蓝天蓝天蓝天百,2025-01-25 10:46,,Regular,0.0276
5126653333996159,5126654663855550,仰望那片净土,2025-01-25 10:46,,Regular,0.9076
5126653333996159,5126654668046971,sun青8,2025-01-25 10:46,,Regular,0.051
5126653333996159,5126654656252089,潇洒313,2025-01-25 10:46,,Regular,0.0916
5126653333996159,5126654651796013,小仙女棒D,2025-01-25 10:46,,Regular,0.0066
5126490995824813,5126590282072927,侦探1616,2025-01-25 06:30,,Regular,0.5885
5126465054052222,5126568326201909,九三樊,2025-01-25 05:03,,YellowV,0.5885
5126277410851324,5126299822332231,绝对疯狂a,2025-01-24 11:16,,Regular,0.9506
5126277410851324,5126299822068548,急吼吼jhg,2025-01-24 11:16,,Regular,0.3648
5126277410851324,5126299825996119,king-lft,2025-01-24 11:16,,Regular,0.3637
5126277410851324,5126299825997300,立波JACK,2025-01-24 11:16,,Regular,0.1052
5126654068523354,5126679791407411,木子王琪琪,2025-01-25 12:26,,Regular,0.121
5126654068523354,5126679790094125,小鱼儿要淡定淡定淡定,2025-01-25 12:26,,Regular,0.1161
5126654068523354,5126679565435277,说了个书的妞,2025-01-25 12:25,,Regular,0.1066
5126654068523354,5126679560979291,丽萍小丁当,2025-01-25 12:25,,Regular,0.0163
5126654068523354,5126679562029009,yunhuhu的,2025-01-25 12:25,,Regular,0.5769
5126654068523354,5126679552329807,纯粹为了吐槽,2025-01-25 12:25,,Regular,0.0314
5126654068523354,5126679533981473,不了了之也,2025-01-25 12:25,,Regular,0.5821
5126654068523354,5126679532407249,强强仔仔来,2025-01-25 12:25,,Regular,0.2333
5126654068523354,5126679532405612,她叫chenlili,2025-01-25 12:25,,Regular,0.003
5126654068523354,5126679531361856,樊有才_,2025-01-25 12:25,,Regular,0.3485
5126653333996159,5126721181321202,Izalith在烧烤,2025-01-25 15:10,,Regular,0.9654
5126653333996159,5126721181060801,寒冰绵掌残粉,2025-01-25 15:10,,Regular,0.1384
5126653333996159,5126721177127195,鲜蘑咖啡,2025-01-25 15:10,,Regular,0.1699
5126653333996159,5126721175293294,调皮小熊猫5,2025-01-25 15:10,,Regular,0.0285
5126653333996159,5126721175295785,大力出奇迹135,2025-01-25 15:10,,Regular,0.4566
5126653333996159,5126721176602926,龙城飞将后,2025-01-25 15:10,,Regular,0.3789
5126653333996159,5126721176606056,蜗牛biubiu,2025-01-25 15:10,,Regular,0.0371
5126653333996159,5126721176865301,king-lft,2025-01-25 15:10,,Regular,0.9008
5126653333996159,5126721177127629,止水浮身,2025-01-25 15:10,,Regular,0.3731
5126653333996159,5126721179484367,悠悠幽幽呦呦哟,2025-01-25 15:10,,Regular,0.1882
5126621602251565,5126637048302158,亿周视野,2025-01-25 09:36,,YellowV,0.1242
5126265604933370,5126271186505398,悠悠幽幽呦呦哟,2025-01-24 09:22,,Regular,0.1824
5126621602251565,5126622530764896,亿周视野,2025-01-25 08:38,,YellowV,0.0474
5126605946749962,5126664444711677,萤火虫如我,2025-01-25 11:25,,GoldV,0.0298
5126310102043312,5126501924605109,内娱客观路人,2025-01-25 00:39,,Regular,0.0127
5126476364252528,5126608086369207,lom2019,2025-01-25 07:41,,Regular,0.0356
5126654068523354,5126679527166582,星锈,2025-01-25 12:25,,Regular,0.1046
5126654068523354,5126679527687127,开欣喜哈哈,2025-01-25 12:25,,Regular,0.2704
5126654068523354,5126679527688501,胡义信_,2025-01-25 12:25,,Regular,0.0049
5127137286424037,5127183540421640,财重信,2025-01-26 21:47,,Regular,0.027
5126653333996159,5126721180795800,鼠尾草111,2025-01-25 15:10,,Regular,0.2387
5126653333996159,5126721181319265,东北特产正宗,2025-01-25 15:10,,Regular,0.0851
5126653333996159,5126721182105855,微辣酱爆兔,2025-01-25 15:10,,Regular,0.0403
5126653333996159,5126721177652284,酷热天气晴朗,2025-01-25 15:10,,Regular,0.0179
5126653333996159,5126721172408531,大唐不夜城之后,2025-01-25 15:10,,Regular,0.5848
5126653333996159,5126721172672729,jeyfer风,2025-01-25 15:10,,Regular,0.0065
5126653333996159,5126721172673629,幸福的小嘿嘿哦,2025-01-25 15:10,,Regular,0.0696
5126653333996159,5126721175030209,立波JACK,2025-01-25 15:10,,Regular,0.0237
5126653333996159,5126721177388113,春月恋歌jm,2025-01-25 15:10,,Regular,0.2212
5126310102043312,5126636851429601,各美其美美人之美美美与共,2025-01-25 09:35,,Regular,0.0181
5126490995824813,5126500049488456,水獭一般编-阿怡,2025-01-25 00:32,,GoldV,0.012
5126490512165120,5126499655749493,大为网讯,2025-01-25 00:30,,BlueV,0.1012
5126310102043312,5127192294458325,hengyi1127,2025-01-26 22:22,,Regular,0.5885
5126653333996159,5126721175031088,可爱的男孩呵哟,2025-01-25 15:10,,Regular,0.439
5126653333996159,5126721173193582,龙年吉祥幸福,2025-01-25 15:10,,Regular,0.0659
5127119757904246,5127163940176566,观察者网出行中心,2025-01-26 20:30,,BlueV,0.0512
5127035584513363,5127163179173337,建筑狂人,2025-01-26 20:27,,YellowV,0.5885
5126310102043312,5126635168469059,NekoHaDayo,2025-01-25 09:28,,Regular,0.5885
5126627891090742,5126634820077394,古如百,2025-01-25 09:27,,Regular,0.5885
5126585109185947,5126634606691085,KrisFish去看南京照相馆,2025-01-25 09:26,,GoldV,0.5885
5126351451325873,5126618592577184,萤火虫之光201008,2025-01-25 08:23,,Regular,0.0005
5126465054052222,5126618555090114,奔六,2025-01-25 08:22,,RedV,0.5885
5126658434795502,5126662067064007,想躲起来的思念,2025-01-25 11:15,,Regular,0.0072
5126658434795502,5126662056313780,LV华夏,2025-01-25 11:15,,Regular,0.0154
5126658434795502,5126662048187399,暴雨1348974760,2025-01-25 11:15,,Regular,0.0189
5126658434795502,5126662028533302,念于北诗-0879,2025-01-25 11:15,,Regular,0.0055
4510715404278670,5127108183722813,黄金矩阵,2025-01-26 16:48,,Regular,0.5885
5127107449457907,5127173226110392,绥芬河口南出西海,2025-01-26 21:06,,Regular,0.0099
5126265630359709,5126269677340948,矢镝,2025-01-24 09:16,,Regular,0.0083
5126612790284327,5126614557655442,kaiguo,2025-01-25 08:07,,Regular,0.0144
5125014447723298,5126613357824514,不定期来个五公里,2025-01-25 08:02,,Regular,0.0138
5126490512165120,5126659808165947,麻瓜电影,2025-01-25 11:06,,RedV,0.6044
5127046858804971,5127050174925521,太湖啥个,2025-01-26 12:58,,RedV,0.0335
5126310102043312,5126675021172459,绮罗香泽GL,2025-01-25 12:07,,Regular,0.0056
5126289385592394,5126648976115919,笑笑还是孩纸,2025-01-25 10:23,,Regular,0.5
5126267433388885,5126296061345968,小陆家嘴,2025-01-24 11:01,,Regular,0.5885
5126286439876350,5126295992931010,军曹先生888,2025-01-24 11:01,,Regular,0.5885
5126557221520303,5127034147441650,雪會yukizeng0804504,2025-01-26 11:54,,Regular,0.5885
5127059925632914,5127088278868642,精致暂七师师长基地车展开,2025-01-26 15:29,,Regular,0.5885
5126200172741072,5126268951725596,刚honyu,2025-01-24 09:13,,Regular,0.5885
5126310102043312,5127057113612526,耳机吧羊驼,2025-01-26 13:25,,YellowV,0.1281
5126230108799856,5126255118385469,红衣_大侠,2025-01-24 08:18,,Regular,0.0022
5126253612633824,5126255081424986,spieler,2025-01-24 08:18,,Regular,0.0145
5127059925632914,5127099306478754,TomXiaoXu,2025-01-26 16:13,,Regular,0.5885
5126310102043312,5127029746041601,星河涛涛_古川喝开塞露了吗,2025-01-26 11:36,,Regular,0.5885
5126816634767120,5126960873734580,笑着寻梦,2025-01-26 07:03,,YellowV,0.0011
5126490512165120,5126871132409000,火柴盒212016,2025-01-26 01:06,,Regular,0.5885
5126310102043312,5127028107381866,止盈出金,2025-01-26 11:30,,Regular,0.5885
5126980812669476,5126994333532834,舞舞则天,2025-01-26 09:16,,Regular,0.0139
5126310102043312,5127024500801918,点点的童童乖乖,2025-01-26 11:15,,Regular,0.5
5182279166722836,5182298926612748,deal_late_no_more,2025-06-27 23:56,,Regular,0.5885
5182088592494708,5182297737528308,maya97195,2025-06-27 23:52,,Regular,0.0864
5181446517164172,5181574251024803,_恒_我_,2025-06-25 23:57,,Regular,0.5885
5122789479287472,5126252602589235,保叔同路人,2025-01-24 08:08,,YellowV,0.1242
5180394926245226,5180486697615525,悟-方志华,2025-06-22 23:55,,Regular,0.764
5169518007553439,5180482393739195,道可道---非常道,2025-06-22 23:38,,Regular,0.1233
5126856091111480,5126856363481567,安康符静儿,2025-01-26 00:07,,Regular,0.3619
5182832864923294,5183022355186731,羊绒主义,2025-06-29 23:51,,BlueV,0.4545
5182624114416509,5182659934033524,琴心剑胆_10558,2025-06-28 23:51,,Regular,0.5885
5181927568967680,5181934877541163,颜那亚骑郎,2025-06-26 23:50,,Regular,0.4533
5181446517164172,5181572673439140,小小韭菜不可欺,2025-06-25 23:50,,Regular,0.1242
5180473883493788,5180480300777892,程宁雪Sofi,2025-06-22 23:30,,Regular,0.0452
5182624114416509,5182659291779781,-琴心剑胆68,2025-06-28 23:48,,Regular,0.5885
5179864173774363,5180016155689112,欢喜春秋5555,2025-06-21 16:45,,Regular,0.0438
5179864173774363,5180016099066951,欢喜春秋5555,2025-06-21 16:45,,Regular,0.0015
5126228329366715,5126251322278601,G4ii,2025-01-24 08:03,,Regular,0.5885
5180406250605684,5180474865225634,看乐子的小账本,2025-06-22 23:08,,Regular,0.5885
5178649961044007,5180037334830199,默鸣其妙,2025-06-21 18:10,,Regular,0.0186
5182624114416509,5182658335476405,-琴心剑胆,2025-06-28 23:44,,YellowV,0.5885
5178463973019253,5180010149184503,睿大99,2025-06-21 16:22,,Regular,0.5885
5179539036311192,5179967662981210,不变了回525,2025-06-21 13:33,,Regular,0.3308
5179740249915797,5179967197680499,传奇周期,2025-06-21 13:31,,Regular,0.3589
5179753356329215,5179966853743397,读书旅行写字,2025-06-21 13:29,,Regular,0.1242
5181753214109747,5181918727639771,非农闪亮,2025-06-26 22:46,,Regular,0.0018
5180944668688812,5181918561702628,yyli,2025-06-26 22:45,,Regular,0.0169
5179861947122666,5179862482683010,期股大乐透,2025-06-21 06:35,,Regular,0.0162
5181446517164172,5181568235602206,丸子迷,2025-06-25 23:33,,Regular,0.5885
5179739316688380,5179925546141221,马海峰003,2025-06-21 10:45,,Regular,0.5
5126265630359709,5126266804504636,围棋搜索引擎,2025-01-24 09:05,,Regular,0.0504
5181821111241847,5181927817481553,大写就是大写,2025-06-26 23:22,,Regular,0.5885
5179913522905331,5179930653756239,好的被爱,2025-06-21 11:06,,Regular,0.1757
5179954117740713,5179963860322939,涂若虚,2025-06-21 13:18,,Regular,0.0523
5179868708341302,5179889322821076,风吟听竹,2025-06-21 08:21,,RedV,0.0091
5160399268481143,5183016028865491,张無忌聊投资,2025-06-29 23:26,,YellowV,0.5885
5163411336595174,5179810223489059,2020sky_,2025-06-21 03:07,,Regular,0.5885
5180464593111959,5180469651703501,顽石再升,2025-06-22 22:47,,Regular,0.2604
5182639923270420,5182653854648883,安然淡定chris_HeavenLight,2025-06-28 23:27,,Regular,0.2202
5180281825002038,5180422213338303,御风589,2025-06-22 19:39,,Regular,0.5387
5180374407710493,5180410738246369,如意金箍棒重三万六千钧,2025-06-22 18:53,,Regular,0.0007
5180406250605684,5180410083937057,茶叶二号,2025-06-22 18:51,,Regular,0.021
5138815048221576,5180396133417626,何家劲儿,2025-06-22 17:55,,Regular,0.0119
5180293964631937,5180333398954110,张国庆看天下,2025-06-22 13:46,,YellowV,0.0022
5180304809528289,5180320560186371,月影清寒就是俺,2025-06-22 12:55,,Regular,0.0004
5180304578841796,5180319690918538,凡庸01,2025-06-22 12:52,,Regular,0.0273
5181446517164172,5181563853078609,围博泥码撕了,2025-06-25 23:15,,Regular,0.5885
5180284615528269,5180306497736709,金无常素封,2025-06-22 11:59,,RedV,0.1242
5180335505541214,5180343180855210,ReSeptemberSan,2025-06-22 14:25,,Regular,0.9446
5180290175863036,5180342891971951,好蝈,2025-06-22 14:24,,Regular,0.7578
5180305862300600,5180362822519916,气正风清2328,2025-06-22 15:43,,Regular,0.0146
5180266549346881,5180326894373661,桃夭zip,2025-06-22 13:20,,Regular,0.0161
5180406250605684,5180430701828113,说服杠精不如去用L85-1号,2025-06-22 20:13,,Regular,0.5885
5181333996831778,5181563614531466,蓝天196509,2025-06-25 23:14,,Regular,0.5885
5180281825002038,5180299187325083,御风589,2025-06-22 11:30,,Regular,0.0061
5180292520214857,5180340622855064,风雪之叶,2025-06-22 14:15,,Regular,0.5885
5180292520214857,5180340487848943,风雪之叶,2025-06-22 14:14,,Regular,0.5885
5180136658045967,5180324138978006,星辰大海I00,2025-06-22 13:09,,Regular,0.5885
5182648970118342,5182649272631849,八大商人,2025-06-28 23:08,,RedV,0.0138
5180096834967965,5180221462675851,老店伙计,2025-06-22 06:21,,Regular,0.1476
5180249404604579,5180314579633039,范雎,2025-06-22 12:31,,GoldV,0.0113
5180390969181467,5181561947554447,Charles傻笑,2025-06-25 23:08,,Regular,0.5885
5179911490505308,5179915492132427,卷毛帅哥,2025-06-21 10:05,,Regular,0.0093
5180266974807787,5180297667938337,无花果-7347,2025-06-22 11:24,,Regular,0.0873
5155009046250660,5180296728415788,舰船知识,2025-06-22 11:20,,BlueV,0.0354
5180136658045967,5180287852219773,wstilden_gu3r9,2025-06-22 10:45,,Regular,0.4868
5180266935223335,5180286835099295,寒霜云云,2025-06-22 10:41,,Regular,0.0005
5180298360261334,5180306715840858,北极星021,2025-06-22 12:00,,Regular,0.0269
5176682365322149,5180164523688574,投资是修行123,2025-06-22 02:35,,Regular,0.5885
5180135679461769,5180141898826571,儒人码头,2025-06-22 01:05,,Regular,0.1108
5180136658045967,5180267836736619,南岛财经眼,2025-06-22 09:26,,Regular,0.0627
5180815614415917,5180818856611192,博古忠国闻天尚文秋怡果周孝贵,2025-06-23 21:55,,Regular,0.9449
5180799843828026,5180802958626021,史国兴-,2025-06-23 20:52,,YellowV,0.3615
5180667526647409,5180758037890667,不变了回525,2025-06-23 17:53,,Regular,0.3308
5180717471370464,5180727723036030,卢晓周,2025-06-23 15:53,,RedV,0.0063
5180711181224260,5180811814374273,不变了回525,2025-06-23 21:27,,Regular,0.3308
5180719354874353,5180792894655408,旺霏旺霏,2025-06-23 20:12,,Regular,0.002
5180719354874353,5180768197545863,旺霏旺霏,2025-06-23 18:34,,Regular,0.4074
5179903532074186,5180262153454295,Z姐和6只猫,2025-06-22 09:03,,Regular,0.9973
5180759262629602,5180776271319078,國老1947新七窗口,2025-06-23 19:06,,Regular,0.0116
5181783828070722,5181909861664632,跨栏财经说,2025-06-26 22:10,,Regular,0.5885
5180717471370464,5180751582595478,卢晓周,2025-06-23 17:28,,RedV,0.0069
5180735061495385,5180749323436648,缸哥说车,2025-06-23 17:19,,Regular,0.1138
5180610239791256,5180647535805785,大杰杰和小鑫鑫,2025-06-23 10:34,,Regular,0.0004
5180623078818089,5180634628885429,禅中七祖,2025-06-23 09:43,,YellowV,0.0005
5180473883493788,5180688471163689,三少爷fly,2025-06-23 13:17,,Regular,0.1838
5175631518371367,5180775748342078,崔凡,2025-06-23 19:04,,YellowV,0.2589
5180724421854958,5180748056233350,黑土走大道,2025-06-23 17:14,,Regular,0.5885
5180448638505735,5180507710818333,开心蚂蚁1,2025-06-23 01:19,,Regular,0.0147
5180605617931233,5180629492170763,旗扬时事,2025-06-23 09:23,,RedV,0.0131
5181177929665202,5181182191079313,传奇周期,2025-06-24 21:59,,Regular,0.3589
5180610239791256,5180620953355132,财大别野,2025-06-23 08:49,,RedV,0.0008
5181111466722134,5181121702133885,颖祥五四,2025-06-24 17:58,,Regular,0.9793
5180487284559852,5180731622168328,米小希Rue,2025-06-23 16:08,,Regular,0.5885
5172648310997471,5180731224753306,山西闻喜反邪教,2025-06-23 16:07,,BlueV,0.5885
5180651085234983,5180712040010865,魔芋爽hi,2025-06-23 14:51,,Regular,0.0233
5180304618162277,5180669568751836,一只叫Lucy的加菲猫,2025-06-23 12:02,,Regular,0.5178
5180944668688812,5181076100356327,老老奴婢,2025-06-24 14:57,,Regular,0.5885
5180654696530476,5180657907273708,小狐狸无聊,2025-06-23 11:16,,Regular,0.1088
5175658810182942,5180657002090399,老王RR涡扇花动机,2025-06-23 11:12,,RedV,0.5885
5180944668688812,5181136397668253,修身養心0,2025-06-24 18:57,,Regular,0.4473
5179684259629637,5181061407441545,zao29626,2025-06-24 13:59,,Regular,0.5885
5178175535449301,5181120924617313,离火燎原梦起航,2025-06-24 17:55,,Regular,0.146
5172978213455409,5180730969688663,山西闻喜反邪教,2025-06-23 16:06,,BlueV,0.5885
5175658810182942,5180639139332223,民航休闲小站,2025-06-23 10:01,,RedV,0.5835
5180944668688812,5181045206683105,心砚阁主,2025-06-24 12:54,,Regular,0.9861
5180944668688812,5181193224194701,闻小妮子_973,2025-06-24 22:43,,Regular,0.5885
5181139862160700,5181147277427438,0乖乖00,2025-06-24 19:40,,Regular,0.0073
5180944668688812,5180985587274757,雨露雾水,2025-06-24 08:58,,Regular,0.1675
5180944668688812,5180985219745736,积金熊猫哦,2025-06-24 08:56,,Regular,0.0028
5180624100918890,5180706082783962,东风551,2025-06-23 14:27,,Regular,0.5885
5179684259629637,5180970727637621,学习任务很重啊,2025-06-24 07:59,,Regular,0.8553
5180949257782304,5180955830779987,丝路花雨2202,2025-06-24 06:59,,Regular,0.0027
5180944668688812,5181043357519290,用户7787572929,2025-06-24 12:47,,Regular,0.5885
5138815048221576,5180701831332230,半点浮云,2025-06-23 14:10,,Regular,0.5885
5180944668688812,5180970263381362,先生吾师,2025-06-24 07:57,,Regular,0.0255
5180724913374893,5180917213037285,Phynics,2025-06-24 04:26,,Regular,0.0072
5180977429086974,5181073432776307,世界经济论坛,2025-06-24 14:47,,BlueV,0.8473
5180944668688812,5180984418635600,用户5521045875,2025-06-24 08:53,,Regular,0.9951
5180691235997742,5180699843758959,微博时事,2025-06-23 14:02,,BlueV,0.5
5180944668688812,5181042424021512,杨杨开心6,2025-06-24 12:43,,Regular,0.9967
5180944668688812,5181143885286348,做小米的好妈妈,2025-06-24 19:27,,Regular,0.1539
5180944668688812,5181088952749639,陈_钇_伶,2025-06-24 15:48,,Regular,0.0041
5179684259629637,5180999807010549,汪海林,2025-06-24 09:54,,GoldV,0.002
5180944668688812,5180999721813067,文墨飞剑,2025-06-24 09:54,,Regular,0.4279
5180944668688812,5181088672514691,Phortress,2025-06-24 15:47,,Regular,0.5885
5181101569739119,5181116111127793,國老1947八窗口,2025-06-24 17:36,,Regular,0.0639
5180944668688812,5180983637709102,amtf001019,2025-06-24 08:50,,Regular,0.6093
5180961514064271,5180969309176410,期股大乐透,2025-06-24 07:53,,Regular,0.0447
5180944668688812,5180969289517844,什锦豆腐脑_,2025-06-24 07:53,,Regular,0.006
5180944668688812,5180969263826838,大呆秦,2025-06-24 07:53,,Regular,0.71
5180944668688812,5180969243640971,乐小奕的历史课,2025-06-24 07:53,,Regular,0.9542
5179684259629637,5181055117822073,从山村走来,2025-06-24 13:34,,Regular,0.5885
5180944668688812,5181029003563052,卟卟车啵啵啵,2025-06-24 11:50,,Regular,0.4187
5180944668688812,5180982967404484,佛燈火413,2025-06-24 08:47,,Regular,0.9937
5179684259629637,5181041337962360,骑自行车上坡,2025-06-24 12:39,,Regular,0.5885
5179684259629637,5181040999006367,风君兰,2025-06-24 12:38,,Regular,0.8225
5180944668688812,5180969028946147,--道心不稳--,2025-06-24 07:52,,Regular,0.9537
5180944668688812,5180969019771014,-碧空过雁-,2025-06-24 07:52,,Regular,0.9362
5180944668688812,5180968982807290,noeasywen,2025-06-24 07:52,,Regular,0.9582
5181085149299247,5181158025334413,ZEG的路人粉,2025-06-24 20:23,,Regular,0.0005
5180944668688812,5181099384510120,继续微笑198810,2025-06-24 16:30,,Regular,0.0006
5181113157813342,5181130330607545,世界经济论坛,2025-06-24 18:33,,BlueV,0.9466
5180944668688812,5180968852783526,余东为伊,2025-06-24 07:51,,Regular,0.9965
5179684259629637,5180968689206422,徐记观察,2025-06-24 07:50,,GoldV,0.0026
5180944668688812,5181087392730524,yyli,2025-06-24 15:42,,Regular,0.5885
5181382378392661,5181512578499579,奔六,2025-06-25 19:52,,RedV,0.0018
5180944668688812,5180981880294091,中原山水之菖狂,2025-06-24 08:43,,Regular,0.5
5180944668688812,5180981877412018,江畔有清风2024,2025-06-24 08:43,,Regular,0.5
5180944668688812,5180981709112165,董麒麟QILIN,2025-06-24 08:42,,Regular,0.0145
5180487284559852,5180625788338567,集微网集成电路,2025-06-23 09:08,,BlueV,0.5885
5180944668688812,5180968610825249,韩亚潓,2025-06-24 07:50,,RedV,0.0167
5180944668688812,5180968563902449,凌晨de1,2025-06-24 07:50,,Regular,0.7965
5180944668688812,5181014223881707,天牛看世界,2025-06-24 10:51,,Regular,0.5885
5180944668688812,5180968468219047,股市小杨哥,2025-06-24 07:50,,RedV,0.4607
5180820038881532,5180998199279861,漫步曼谷街头,2025-06-24 09:48,,Regular,0.525
5180944668688812,5181053221474488,无间入有,2025-06-24 13:26,,Regular,0.5885
5180944668688812,5181052889858192,夜莺87337,2025-06-24 13:25,,Regular,0.9329
5179684259629637,5180981386413011,踏月丶留香,2025-06-24 08:41,,Regular,0.0107
5181113762316544,5181128073023846,冰_冰_猪_,2025-06-24 18:24,,Regular,0.0004
5180944668688812,5180981116144743,复利小白牛,2025-06-24 08:40,,Regular,0.0525
5180487284559852,5180625633935791,手机中国联盟官博,2025-06-23 09:07,,BlueV,0.0146
5180944668688812,5180968446461486,白侠_64618,2025-06-24 07:49,,Regular,0.9642
5179684259629637,5180980998704619,指月心明,2025-06-24 08:39,,Regular,0.0952
5180390969181467,5181557062767264,Morty13,2025-06-25 22:48,,Regular,0.5885
5179684259629637,5181026846639720,北山逍遥子,2025-06-24 11:42,,Regular,0.5885
5179684259629637,5181039506101042,卧虎老老,2025-06-24 12:32,,YellowV,0.027
5181137808263276,5181168853189032,陆二两,2025-06-24 21:06,,Regular,0.0077
5180944668688812,5180967981679720,财捏满,2025-06-24 07:48,,Regular,0.0902
5180944668688812,5181069788712996,微笑cdm,2025-06-24 14:32,,Regular,0.9646
5180958849892525,5180959609848820,日月照山江,2025-06-24 07:14,,Regular,0.0061
5180944668688812,5181038043335684,用户5645146698,2025-06-24 12:26,,Regular,0.9928
5181118837950594,5181125632459913,慧眼看日本,2025-06-24 18:14,,Regular,0.1048
5181354473948188,5181437495219023,三叔的装备空间,2025-06-25 14:53,,GoldV,0.5885
5179684259629637,5181037489164256,意观水,2025-06-24 12:24,,Regular,0.0087
5180944668688812,5181083381662892,嘉乐君子_乎,2025-06-24 15:26,,Regular,0.0005
5180944668688812,5180978062688414,ADT_戈力,2025-06-24 08:28,,Regular,0.3921
5180390969181467,5181552973320082,石磊Attractor_MS,2025-06-25 22:32,,RedV,0.0878
5180944668688812,5181110460088876,frank23,2025-06-24 17:14,,Regular,0.9911
5181079641654188,5181082875202108,吃瓜王十八,2025-06-24 15:24,,Regular,0.9715
5180944668688812,5180996569795677,归乡梦中人,2025-06-24 09:41,,Regular,0.9809
5180944668688812,5181096401830398,平安是福201506,2025-06-24 16:18,,Regular,0.9914
5180944668688812,5180976997335598,户部都给事中,2025-06-24 08:23,,Regular,0.997
5179684259629637,5181036439014007,伯阳先生-段本司,2025-06-24 12:20,,GoldV,0.0908
5180944668688812,5181047328212855,Xon_hxx,2025-06-24 13:03,,Regular,0.0028
5180944668688812,5181047190062660,正心以中中中,2025-06-24 13:02,,Regular,0.9993
5180944668688812,5180976623780851,细雨青岩,2025-06-24 08:22,,Regular,0.5885
5180944668688812,5180976445785383,爱知君,2025-06-24 08:21,,RedV,0.5885
5179684259629637,5181046544404084,用户7884824825,2025-06-24 13:00,,Regular,0.5885
5180944668688812,5180975795407116,漪兰回归,2025-06-24 08:19,,Regular,0.0008
5181515538367492,5181535927928000,传奇周期,2025-06-25 21:24,,Regular,0.0088
5181446517164172,5181550594621720,SUV大百科,2025-06-25 22:23,,RedV,0.0602
5177826858762414,5181094825298509,私想K线,2025-06-24 16:12,,Regular,0.2052
5181446517164172,5181550484524187,贺宇孙,2025-06-25 22:22,,Regular,0.0462
5179684259629637,5181347858483643,田胤齐x2,2025-06-25 08:57,,Regular,0.5361
5181090507785054,5181108825358865,世界经济论坛,2025-06-24 17:07,,BlueV,0.6836
5181090507785054,5181108784467420,世界经济论坛,2025-06-24 17:07,,BlueV,0.4921
5181090507785054,5181108706608296,世界经济论坛,2025-06-24 17:07,,BlueV,0.7092
5158333327343881,5181449047118831,桃花潭养基,2025-06-25 15:39,,Regular,0.0086
5180944668688812,5181094383063351,用户7716716223,2025-06-24 16:10,,Regular,0.2051
5175658810182942,5180975286060424,sshucy,2025-06-24 08:17,,Regular,0.5885
5181067858281531,5181093808703761,世界经济论坛,2025-06-24 16:08,,BlueV,0.4028
5180944668688812,5180974996654422,凡里奇·海,2025-06-24 08:16,,Regular,0.9942
5181424777036013,5181486900708951,格局是个好东西516,2025-06-25 18:10,,Regular,0.1242
5180944668688812,5180994932181427,姜饼人姐姐618,2025-06-24 09:35,,Regular,0.8283
5181067858281531,5181093764664039,世界经济论坛,2025-06-24 16:07,,BlueV,0.5793
5181067858281531,5181093717476199,世界经济论坛,2025-06-24 16:07,,BlueV,0.6046
5180944668688812,5180994241434614,图远先生,2025-06-24 09:32,,GoldV,0.9912
5180944668688812,5180974036158455,DOING交易员,2025-06-24 08:12,,Regular,0.9551
5180944668688812,5180973937331110,wx744,2025-06-24 08:11,,Regular,0.0034
5181321455863831,5181377817610299,第一球迷胖哥,2025-06-25 10:56,,GoldV,0.0475
5180944668688812,5181033417018964,是我们的阿清啊,2025-06-24 12:08,,Regular,0.9997
5180944668688812,5181079187096207,申浩然2024,2025-06-24 15:10,,Regular,0.2708
5180944668688812,5181063057116664,燃灯者-善缘,2025-06-24 14:05,,Regular,0.5885
5180944668688812,5180972995709657,yichenangle,2025-06-24 08:08,,Regular,0.7591
5181114893470017,5181404695498805,wildrood,2025-06-25 12:43,,YellowV,0.0233
5181424777036013,5181529862177940,永远的米沙,2025-06-25 21:00,,Regular,0.5885
5159830911976329,5181302589358559,杜笃Amy,2025-06-25 05:57,,YellowV,0.7973
5181190170215564,5181299302072390,你说什么你再说一遍你到底会不会,2025-06-25 05:44,,Regular,0.9853
5180724913374893,5180993000442005,Phynics,2025-06-24 09:27,,Regular,0.285
5180944668688812,5180971844372984,唇齿噙香对月歌,2025-06-24 08:03,,Regular,0.9889
5180944668688812,5180971819205847,萌韭菜,2025-06-24 08:03,,Regular,0.0005
5181168766686646,5181250102624283,嘎嘚嘚卖血计,2025-06-25 02:29,,Regular,0.0414
5181172965185134,5181247739396944,Vin的加菲猫,2025-06-25 02:19,,Regular,0.1486
5180944668688812,5181343279350880,唇齿噙香对月歌,2025-06-25 08:39,,Regular,0.7776
5180944668688812,5181236214760681,元山村民,2025-06-25 01:33,,Regular,0.5346
5181289571025426,5181326835843604,华乐思文,2025-06-25 07:34,,Regular,0.5976
5181123098576576,5181341985407070,今日灼见,2025-06-25 08:34,,GoldV,0.1242
5180944668688812,5180991363614406,轻松小默儿,2025-06-24 09:21,,Regular,0.8141
5181783828070722,5181784861966836,游云9981,2025-06-26 13:54,,Regular,0.3207
5181804740611693,5181890005835171,雪水绿201602,2025-06-26 20:51,,Regular,0.5885
5181782573187740,5181830606359456,小明的喇叭,2025-06-26 16:55,,Regular,0.9904
5181778778131907,5181782809116937,传奇周期,2025-06-26 13:45,,Regular,0.0086
5180944668688812,5181426347021393,勇敢杨大,2025-06-25 14:09,,YellowV,0.9915
5181210751927343,5181215313499363,祖国风光如画,2025-06-25 00:10,,Regular,0.0667
5181167843938002,5181338594577325,我就是喜欢看小说,2025-06-25 08:20,,GoldV,0.1242
5180944668688812,5180989979755192,罗落之,2025-06-24 09:15,,Regular,0.9613
5181850747931503,5181858230306080,源深路炒家,2025-06-26 18:45,,GoldV,0.0663
5180944668688812,5180989321775929,美神D棣,2025-06-24 09:12,,Regular,0.0199
5181333996831778,5181337117134838,VV靖哥哥VV,2025-06-25 08:14,,GoldV,0.0188
5179684259629637,5181336718412747,老鹰茶168,2025-06-25 08:13,,Regular,0.5885
5181372361607685,5181388124327428,胡门打狗棒,2025-06-25 11:37,,Regular,0.0061
5181321455863831,5181375768429480,星光下的蓝海,2025-06-25 10:48,,Regular,0.0805
5181446517164172,5181709685621931,夏日遗落森林,2025-06-26 08:55,,Regular,0.0607
5179684259629637,5181676422431909,亚历山大埃尔德,2025-06-26 06:43,,Regular,0.5023
5181446517164172,5181662381211719,励麦,2025-06-26 05:47,,Regular,0.052
5181381527472524,5181628936356039,景气行业研究,2025-06-26 03:34,,YellowV,0.5885
5181692388311059,5181722523077052,曲子系谱,2025-06-26 09:46,,Regular,0.0955
5181804740611693,5181854367615930,youngwe,2025-06-26 18:30,,Regular,0.0005
5181530445973791,5181586615566379,舒国华的微博,2025-06-26 00:46,,YellowV,0.0016
5181732435001840,5181745319641407,世界经济论坛,2025-06-26 11:16,,BlueV,0.988
5181398936720499,5182222065470226,蓝色妖君,2025-06-27 18:51,,Regular,0.5885
5182242617819836,5182250509402784,颖祥五四,2025-06-27 20:44,,Regular,0.0169
5181833304343550,5182275664481435,灰蓝色星星,2025-06-27 22:24,,Regular,0.5885
5138815048221576,5182263298886694,ColinShen-CFA,2025-06-27 21:35,,RedV,0.0248
5182267820874891,5182273726714901,镜子里的财经,2025-06-27 22:16,,RedV,0.5885
5180977429086974,5181742094484247,Louis许,2025-06-26 11:04,,Regular,0.5885
5181321455863831,5181356545933324,QAQ909,2025-06-25 09:32,,Regular,0.0049
5182182932089858,5182193158849707,慧眼看日本,2025-06-27 16:56,四川,Regular,0.7598
5182097442736663,5182192726314371,旺霏旺霏,2025-06-27 16:54,广东,Regular,0.0487
5182177312769892,5182192570335951,第三只眼KSG,2025-06-27 16:54,,Regular,0.0283
5181398936720499,5182215135955148,不要纹路的大理石,2025-06-27 18:23,,Regular,0.0056
5181710845089003,5181730345457106,凑热闹的火老师,2025-06-26 10:17,,Regular,0.0012
5182267820874891,5182272548638273,镜子杂谈,2025-06-27 22:12,,GoldV,0.2386
5165438197304766,5181864244937783,雪水绿201602,2025-06-26 19:09,,Regular,0.5885
5181876941359245,5181880095217006,简历菌,2025-06-26 20:12,,RedV,0.8792
5182183108776293,5182212108456810,传奇周期,2025-06-27 18:11,,Regular,0.0422
5182233163598011,5182256554705555,Lamb_Blue,2025-06-27 21:08,,Regular,0.0005
5182170101712884,5182175835062831,小散首领,2025-06-27 15:47,,YellowV,0.0142
5182160862711892,5182269532670535,第一球迷胖哥,2025-06-27 22:00,,GoldV,0.2614
5182254517328459,5182255313984461,一旅网深,2025-06-27 21:03,,Regular,0.0831
5182049474314670,5182145007192838,斯基泰战车,2025-06-27 13:45,,RedV,0.2858
5181846973585154,5181862475468900,宁采4620,2025-06-26 19:02,,Regular,0.1622
5182129081684260,5182133293285674,不记名观点,2025-06-27 12:58,,Regular,0.0213
5182092314674345,5182118058526673,东南区fj,2025-06-27 11:58,,Regular,0.0466
5182072905797022,5182117933744991,黑眼睛2024,2025-06-27 11:57,,Regular,0.001
5181702080299689,5181728740085612,世界经济论坛,2025-06-26 10:11,,BlueV,0.9218
5181702080299689,5181728583844736,世界经济论坛,2025-06-26 10:10,,BlueV,0.8652
5182185688532768,5182198380759125,厚道棕熊讲故事,2025-06-27 17:17,,Regular,0.0035
5182070290385215,5182132214303475,萌娃与虎妈,2025-06-27 12:54,,Regular,0.1242
5183532869878133,5183598131937813,aini呦酒酒,2025-07-01 13:59,,RedV,0.9935
5183560840382526,5183596471782877,风清云淡洁儿,2025-07-01 13:52,,Regular,0.5885
5183532869878133,5183537843278210,念一与安如,2025-07-01 09:59,,Regular,0.0575
5183532869878133,5183537708007467,小王i努力,2025-07-01 09:59,,Regular,0.932
5183193598662577,5183475824984647,红石情报总局,2025-07-01 05:53,,BlueV,0.7534
5183532869878133,5183595908169819,刘亚小楠楠,2025-07-01 13:50,,Regular,0.0528
5183517334179425,5183552148997774,朱老思呀,2025-07-01 10:56,,Regular,0.0181
5183700494194334,5183702612839705,CTYRK,2025-07-01 20:54,,Regular,0.0521
5183641202463555,5183654998577147,國老1947二窗口,2025-07-01 17:45,,Regular,0.0505
5183560840382526,5183567292007156,AtlusJr,2025-07-01 11:56,,Regular,0.5885
5183561004225055,5183567266054983,克劳艾莉欧,2025-07-01 11:56,,RedV,0.4273
5183551913853568,5183579559824196,伊锘,2025-07-01 12:45,,Regular,0.0021
5183532869878133,5183551859593240,小土豆闯网记,2025-07-01 10:55,,Regular,0.5
5183532869878133,5183551788287907,Raakki,2025-07-01 10:55,,Regular,0.9905
5183532869878133,5183536889856037,中飞传媒,2025-07-01 09:56,,Regular,0.9004
5183574183252193,5183591793295612,古如百,2025-07-01 13:34,,Regular,0.5885
5183613582706173,5183622794446441,娄山关1935,2025-07-01 15:37,,Regular,0.0631
5183526057542089,5183566847938878,存在即合理乐园,2025-07-01 11:55,,Regular,0.3331
5183335799720907,5183416803002267,万事支持哥,2025-07-01 01:58,,Regular,0.9472
5183535736427454,5183536072231019,镜子里的财经,2025-07-01 09:52,,RedV,0.0148
4559142323492401,5183405001018340,银卓金融YZ银卓法律,2025-07-01 01:11,,BlueV,0.8625
5183700494194334,5183712448221438,Amifox,2025-07-01 21:33,,Regular,0.0368
5183532869878133,5183591447266527,断幺九专家,2025-07-01 13:32,,Regular,0.9781
5183560840382526,5183590275223445,夹去阴姜,2025-07-01 13:28,,Regular,0.0449
5151385214519207,5183697049357176,fred_939,2025-07-01 20:32,,Regular,0.5885
5183643585611344,5183668047842036,微博时事,2025-07-01 18:37,,BlueV,0.5
5183611040959535,5183651835807185,颖祥五四,2025-07-01 17:32,,Regular,0.9532
5118304626934598,5183638497920261,怡旺金海,2025-07-01 16:39,,Regular,0.5885
5183532869878133,5183576888574306,西门江一条鱼,2025-07-01 12:34,,Regular,0.7534
5183560840382526,5183565408502373,summerroha,2025-07-01 11:49,,Regular,0.0842
5183532869878133,5183551335042176,迷人的小hao12138,2025-07-01 10:53,,Regular,0.9867
5183532869878133,5183550682567010,取个什么名字好呢tan,2025-07-01 10:50,,Regular,0.9935
5183532869878133,5183535901312260,阳光-柠檬tree,2025-07-01 09:52,,Regular,0.1454
5183390907108617,5183501345489641,不变了回525,2025-07-01 07:34,,Regular,0.0085
5183688436613831,5183694282424552,Lucas-Tony,2025-07-01 20:21,,Regular,0.488
5183556766664685,5183665042882933,大连老顽童2012,2025-07-01 18:25,,Regular,0.0025
5183641202463555,5183649955971155,赵亮,2025-07-01 17:25,,YellowV,0.0142
5183532869878133,5183589966152947,爱吃年糕噜,2025-07-01 13:26,,Regular,0.0397
5183532869878133,5183603731335819,流浪在星球,2025-07-01 14:21,,Regular,0.8347
5183532869878133,5183575293166214,学厨时间,2025-07-01 12:28,,Regular,0.6088
5183532869878133,5183574567554498,王又又0824,2025-07-01 12:25,,Regular,0.9732
5183545733285385,5183574203700520,天行客555555,2025-07-01 12:24,,Regular,0.0266
5183521326368592,5183534612352930,尼克安闲,2025-07-01 09:47,,RedV,0.0773
5183338571631822,5183500074615566,东南区fj,2025-07-01 07:29,,Regular,0.6533
5118304626934598,5183588745873858,米小希Rue,2025-07-01 13:22,,Regular,0.5885
5183592078512542,5183603103499356,布哈拉游台湾,2025-07-01 14:19,,Regular,0.0044
5183275870194384,5183601970252174,木易薰Kaoru2,2025-07-01 14:14,,Regular,0.0754
5183560840382526,5183572862307950,Crabaggio,2025-07-01 12:18,,Regular,0.5885
5183503704785217,5183519602249537,李成东,2025-07-01 08:47,,GoldV,0.7399
5183613582706173,5183617619198627,妙道清源公,2025-07-01 15:16,,Regular,0.6378
5118304626934598,5183584941903640,紫台客,2025-07-01 13:06,,Regular,0.5885
5183560840382526,5183584103040116,万里阳光不如心尖之人正辉煌,2025-07-01 13:03,,Regular,0.3563
5183551190598118,5183583648223517,开发区毛王贸易,2025-07-01 13:01,,BlueV,0.1092
5183532869878133,5183600888122693,404NotFound你,2025-07-01 14:10,,Regular,0.3871
5183532869878133,5183572370523050,芝士抹茶三文鱼,2025-07-01 12:17,,Regular,0.9772
5183560840382526,5183571803506327,Lorna芥末,2025-07-01 12:14,,Regular,0.7125
5183532869878133,5183548445167995,是一个大美女呢,2025-07-01 10:41,,Regular,0.9905
5183560840382526,5183562641047715,热情似米花,2025-07-01 11:38,,Regular,0.8158
5183560840382526,5183562490054735,日日徒然,2025-07-01 11:37,,Regular,0.5832
5183532869878133,5183570546528199,鼻尖有颗痣呐,2025-07-01 12:09,,Regular,0.9585
5118304626934598,5183547922189645,Value_at_Risk,2025-07-01 10:39,,GoldV,0.8952
5183531800332645,5183532116739738,戴斌,2025-07-01 09:37,,RedV,0.1595
5183721524958323,5183721592329074,镜子里的财经,2025-07-01 22:09,,RedV,0.0614
5183599227964053,5183629313182572,若君燐,2025-07-01 16:03,,Regular,0.5885
5183532869878133,5183562152414133,千叶长生1202,2025-07-01 11:36,,Regular,0.5885
5183560840382526,5183561659057645,包容万物恒河水,2025-07-01 11:34,,GoldV,0.1045
5183532869878133,5183561079981587,结发艳红,2025-07-01 11:32,,Regular,0.9841
5183532869878133,5183547161969712,不克不克8,2025-07-01 10:36,,Regular,0.9206
5183532869878133,5183547140738535,TZ咫尺天涯,2025-07-01 10:36,,Regular,0.064
5183532869878133,5183546697975262,一杯冰可乐的独白,2025-07-01 10:35,,Regular,0.5888
5183532869878133,5183546441597333,财神爷爷家的小锦鲤,2025-07-01 10:33,,Regular,0.6195
5183532869878133,5183559447874137,抹茶味儿的星星点点,2025-07-01 11:25,,Regular,0.9418
5183532869878133,5183545984420821,润泽梅毅,2025-07-01 10:32,,Regular,0.0129
5183532869878133,5183545953750206,锅歪不正,2025-07-01 10:32,,Regular,0.3558
5183532869878133,5183545627903474,一三五869,2025-07-01 10:30,,Regular,0.983
5183532869878133,5183557565416217,啃猪蹄的小仙纸,2025-07-01 11:18,,Regular,0.0157
5183175676398252,5183557523214055,张兰78456,2025-07-01 11:18,,Regular,0.3175
5183248743270210,5183528413170567,李澧铵,2025-07-01 09:22,,Regular,0.2248
5183296133923444,5183527609696341,Zhihui1687,2025-07-01 09:19,,Regular,0.0349
5183532869878133,5183556259154587,清漓糯米糍,2025-07-01 11:13,,Regular,0.1532
5183532869878133,5183544474208049,小小HXXH,2025-07-01 10:26,,Regular,0.0084
5183231114347640,5183511117432443,囍幸,2025-07-01 08:13,,Regular,0.0693
5183532869878133,5183543653173132,作家最美爱心大使写故事,2025-07-01 10:22,,Regular,0.2094
5118304626934598,5183553908245528,aiyan621,2025-07-01 11:03,,Regular,0.5885
5183517334179425,5183553538097445,东方大涨佬,2025-07-01 11:02,,YellowV,0.0356
5182510667661693,5183508290737762,垒土成台,2025-07-01 08:02,,Regular,0.1323
5183539398051697,5183553069647126,Marguerite_WilliamS,2025-07-01 11:00,,Regular,0.0252
5183301532780012,5183541470039220,我是风0562,2025-07-01 10:14,,Regular,0.491
5183532869878133,5183541396636345,最爱喝豆粥,2025-07-01 10:13,,Regular,0.5157
5183532869878133,5183540292748493,紫米饭呀_,2025-07-01 10:09,,Regular,0.9905
5131729814164076,5131925811629266,东南西23,2025-02-08 23:52,安徽,Regular,0.5885
5130635291398353,5130840626171810,Masoncte1,2025-02-05 23:59,广东,Regular,0.5885
5130625929446526,5130839991518286,Civo0030,2025-02-05 23:57,海南,Regular,0.1032
5122693737221487,5130839279801324,陳偉andy香港,2025-02-05 23:54,中国香港,YellowV,0.6535
5127549471955891,5128665792776946,务实直接有目标的李总,2025-01-30 23:57,上海,Regular,0.5885
5128619011085580,5128664658742263,顺手牵杨扬,2025-01-30 23:53,天津,Regular,0.5885
4995203598909449,5127937568018821,超人卡罗特,2025-01-28 23:44,浙江,Regular,0.0465
5127326130766140,5127936204343901,墨鸢s,2025-01-28 23:38,四川,Regular,0.5885
5127792463451816,5127933631138524,付大尧,2025-01-28 23:28,湖南,Regular,0.5885
5127326130766140,5127578838894700,线上常驻民,2025-01-27 23:58,浙江,Regular,0.4234
5127326130766140,5127577564088837,盛世里的光头老王,2025-01-27 23:53,四川,Regular,0.5885
5130792292584650,5130838831006625,小墙纸2016,2025-02-05 23:52,美国,Regular,0.5885
5129751206039242,5130115538747461,驭酒者,2025-02-03 23:58,江苏,Regular,0.5885
5129317503731362,5129385902082386,LikeDeng,2025-02-01 23:39,四川,Regular,0.5885
5129317503731362,5129385153923883,KrisFish去看南京照相馆,2025-02-01 23:36,美国,GoldV,0.8572
5128953465409416,5129021870834952,一把大胡子1123,2025-01-31 23:32,湖南,Regular,0.5885
5128155842479057,5128290917156387,小唐小唐蜜罐软糖,2025-01-29 23:08,云南,Regular,0.0077
5127326130766140,5127571841221695,牛心村的守村人,2025-01-27 23:30,上海,Regular,0.5885
5131915233592486,5131916311266998,骑牛看周期,2025-02-08 23:14,四川,RedV,0.7407
5124471937831447,5130835453286062,娛樂圈新聞速遞,2025-02-05 23:39,中国香港,YellowV,0.023
5129611787372511,5130115240956250,宥融以梦为马诗酒趁年华,2025-02-03 23:57,,Regular,0.0799
5129750016426418,5129751461103667,龜龜龜3999,2025-02-02 23:51,,Regular,0.06
5129113721634922,5129382272174306,大湾区战神,2025-02-01 23:24,,Regular,0.0729
5127546135910550,5127570021158271,布哈拉游台湾,2025-01-27 23:23,,Regular,0.0231
5127186575265477,5127565805623229,源味奶茶66,2025-01-27 23:06,,Regular,0.1907
5122693737221487,5130834665537632,娛樂圈新聞速遞,2025-02-05 23:36,,YellowV,0.0261
5131829535310269,5131915470047764,上泉下泉Springs,2025-02-08 23:10,,Regular,0.5885
5130334618255593,5130474387672344,一笑倾城居所,2025-02-04 23:44,,Regular,0.2331
5127799088873981,5128654306937669,心碎之觞,2025-01-30 23:12,,Regular,0.5885
5127549471955891,5128651941610650,MT03,2025-01-30 23:02,,Regular,0.0023
5127337966568064,5127565162841677,沈烜华,2025-01-27 23:04,,Regular,0.5885
5130635291398353,5130833561649994,西雅图黄都督,2025-02-05 23:31,,RedV,0.3432
5130325358806189,5130473724446731,yrhn,2025-02-04 23:41,,Regular,0.1444
5130327152398086,5130473484849909,yrhn,2025-02-04 23:41,,Regular,0.1697
5130315916118075,5130473204351320,尼克安闲,2025-02-04 23:39,,RedV,0.1242
5129373978463635,5129379607218437,阳光中的银杏树,2025-02-01 23:14,,Regular,0.5885
5130100369262231,5130114192904759,您就很烦,2025-02-03 23:53,,Regular,0.5885
5128512027757849,5129376796248874,请问一句哦哦哦哦哦,2025-02-01 23:03,,Regular,0.5885
5130327152398086,5130472734328902,馨柚-灵犀,2025-02-04 23:38,,Regular,0.5885
5130633024637573,5130831918273846,痞啵儿,2025-02-05 23:25,,Regular,0.5885
5130633024637573,5130831359905459,Chen的敦煌星圖,2025-02-05 23:23,,Regular,0.9841
5129113721634922,5129376322291659,南瓜红薯66,2025-02-01 23:01,,Regular,0.5885
5132996196434352,5133375811879618,想若只如初见,2025-02-12 23:53,,Regular,0.076
5133373822206647,5133375591943923,7万小时17年交易者2,2025-02-12 23:52,,RedV,0.001
5132578702492261,5132652501271196,Degg_GlobalMacroFin,2025-02-10 23:59,,RedV,0.1242
5132285605316898,5132289442579073,财重信,2025-02-09 23:56,,Regular,0.184
5130668521032210,5132287441896236,rockyman_I,2025-02-09 23:49,,Regular,0.0021
5132263006143179,5132287257871459,SLR1的微博,2025-02-09 23:48,,Regular,0.3389
5133980914155955,5134098269998314,郑良霄,2025-02-14 23:44,,Regular,0.9613
5133732505455442,5133735027283745,麗裏紫99999999,2025-02-13 23:41,,Regular,0.5885
5132613167615527,5132649646000704,山海_海山,2025-02-10 23:48,,Regular,0.3259
5132278592442250,5132286389650151,江上数峰青1990,2025-02-09 23:44,,Regular,0.9724
5133486521844975,5134096395669966,rockdrill,2025-02-14 23:37,,Regular,0.5885
5131729814164076,5132282646237703,meng_xx,2025-02-09 23:29,,Regular,0.2867
5130368319488895,5131197963305678,haitao-b,2025-02-06 23:39,,Regular,0.0581
5134089559218774,5134095531901387,一介布衣123,2025-02-14 23:33,,Regular,0.2717
5133614234210397,5134093360565277,三杯茶clf,2025-02-14 23:25,,Regular,0.0889
5132578702492261,5133369676925239,峰混音,2025-02-12 23:29,,Regular,0.5885
5103964019756703,5132644149105444,星火之历,2025-02-10 23:26,,RedV,0.5885
5133717473857854,5133731446916107,昀熹MT,2025-02-13 23:26,,Regular,0.0192
5130113146685146,5133731396584915,sfw的赛博日记,2025-02-13 23:26,,Regular,0.0005
5133346374424806,5133367922393888,K线0的艺术,2025-02-12 23:22,,Regular,0.0005
5133980914155955,5134093249157952,Justinjyb,2025-02-14 23:24,,Regular,0.5885
5133350941496085,5133367819633266,撒手锏_,2025-02-12 23:22,,GoldV,0.0231
5132488676215778,5132642356561658,用户7823135977,2025-02-10 23:19,,Regular,0.9964
5132766448190843,5133011890472230,I陋室铭铖I,2025-02-11 23:47,,Regular,0.5885
5133980914155955,5134089365487908,镜舞,2025-02-14 23:09,,Regular,0.5885
5131187364565908,5131189358693297,邦法正德,2025-02-06 23:05,,Regular,0.5863
5134017689290267,5134089017365318,时光2025年,2025-02-14 23:07,,Regular,0.5885
5131187364565908,5131189109658447,邦法正德,2025-02-06 23:04,,Regular,0.1001
5130465932214291,5130470927106088,聚焦三农官方微博,2025-02-04 23:30,,BlueV,0.6382
5130261191197127,5130470762742109,精致暂七师师长基地车展开,2025-02-04 23:30,,Regular,0.5885
5133515283500804,5133727378179843,用户7823135977,2025-02-13 23:10,,Regular,0.0794
5130316949229457,5130469391729249,要记住密码真不容易,2025-02-04 23:24,,Regular,0.0054
5130100369262231,5130112901060523,奥特快啊,2025-02-03 23:48,,RedV,0.0896
5130008070984545,5130112728831461,南方智慧库,2025-02-03 23:47,,Regular,0.3301
5132770139178158,5133007218807502,山西芮城反邪教,2025-02-11 23:29,,BlueV,0.5885
5132770139178158,5133006712868736,山西芮城反邪教,2025-02-11 23:27,,BlueV,0.5885
5132766448190843,5133006668828877,秦方2015,2025-02-11 23:26,,Regular,0.5885
5130308654205203,5130826386244548,山西芮城反邪教,2025-02-05 23:03,,BlueV,0.5885
5132821689538213,5133006479821980,紫扬剑的微博,2025-02-11 23:26,,Regular,0.3576
5130327152398086,5130468305407177,呵TIME,2025-02-04 23:20,,Regular,0.0345
5127799088873981,5128650284076302,沈良-宏观价值投资,2025-01-30 22:56,,GoldV,0.9301
5127799088873981,5128647534973237,峰光远-永远学习价值投资,2025-01-30 22:45,,Regular,0.5885
5127799088873981,5128646484295712,勤劳慈祥狠无奈,2025-01-30 22:41,,Regular,0.0746
5132766448190843,5133003661252357,知行合一6969,2025-02-11 23:15,,Regular,0.5885
5130430732570056,5130467182121332,遂昌快活林,2025-02-04 23:15,,GoldV,0.7153
5127799088873981,5128602848854085,梅里雪山789,2025-01-30 19:47,,Regular,0.0046
5130354398594452,5130466583906817,牤牛河,2025-02-04 23:13,,Regular,0.0455
5127799088873981,5128590635041422,股道热肠也,2025-01-30 18:59,,GoldV,0.0035
5127799088873981,5128589769708546,张颐武,2025-01-30 18:55,,RedV,0.8828
5127799088873981,5128627928697600,任逍遥_201811,2025-01-30 21:27,,Regular,0.9939
5128421355029686,5128558937114519,秋名山街猫,2025-01-30 16:53,,RedV,0.6042
5128509150465547,5128556058772791,花和尚lnstagramcyh,2025-01-30 16:41,,Regular,0.0011
5126379179869575,5128539751842364,汉唐墨客,2025-01-30 15:37,,Regular,0.154
5128155842479057,5128539483931421,Nov-1208,2025-01-30 15:35,,Regular,0.5885
5132574949378817,5133002059286044,linger__road,2025-02-11 23:08,,Regular,0.5885
5128462109251311,5128467823722953,手机中国联盟官博,2025-01-30 10:51,,BlueV,0.0823
5128254084092500,5128454794118832,尼克安闲,2025-01-30 09:59,,RedV,0.1242
5128143502837066,5128487466435154,继续搬砖的老莫,2025-01-30 12:09,,Regular,0.0062
5127799088873981,5128608614714449,和·卓,2025-01-30 20:10,山东,Regular,0.5885
5128606374956840,5128606696609317,余丰慧,2025-01-30 20:03,河南,GoldV,0.6093
5128606374956840,5128606425023704,余丰慧,2025-01-30 20:01,河南,GoldV,0.2241
5128216111743162,5128339700580885,在外琴岛人,2025-01-30 02:22,,Regular,0.0005
5127554073887904,5128339616958099,财重信,2025-01-30 02:21,,Regular,0.051
5130325358806189,5130464015421551,成都黄冈商会2021,2025-02-04 23:03,,BlueV,0.0416
5128575743165802,5128967281184149,屈膝看月亮,2025-01-31 19:55,,Regular,0.5
5128954622776464,5128966115165324,馮凡妃凤飞,2025-01-31 19:51,,Regular,0.0968
5128830656712107,5128831338023416,小鱼儿呼啦啦,2025-01-31 10:55,安徽,Regular,0.0323
5128830656712107,5128831336449236,gogo糖果-,2025-01-31 10:55,福建,Regular,0.8339
5128830656712107,5128831335661737,大美人小涵_478,2025-01-31 10:55,江西,Regular,0.0331
5128830656712107,5128831331994719,小小-木子慧,2025-01-31 10:55,福建,Regular,0.0216
5128254084092500,5128354023866756,尼克安闲,2025-01-30 03:19,安徽,RedV,0.0005
5128862976967138,5128946922029095,孟起1978,2025-01-31 18:34,江苏,Regular,0.5885
5128862976967138,5128932897329883,斯氏鲎,2025-01-31 17:39,山东,Regular,0.5885
5128830656712107,5128831310234224,jeyfer风,2025-01-31 10:55,广东,Regular,0.0653
5128738910502952,5128741504156154,睡眠不足的树袋熊,2025-01-31 04:58,,Regular,0.0262
5128754474779353,5128914156914163,饶春海,2025-01-31 16:24,江西,Regular,0.5885
5128634778782714,5128694471591333,ECO-云,2025-01-31 01:51,四川,Regular,0.5885
5127799088873981,5128957620127479,邝伟略价值投资,2025-01-31 19:17,,Regular,0.5885
5128811903977499,5128812108974303,我少时诵诗书_58963,2025-01-31 09:39,北京,Regular,0.113
5129231997340188,5129300271696346,用户7884824825,2025-02-01 17:59,云南,Regular,0.5885
5129296358146131,5129315100401630,沉默的中间派,2025-02-01 18:58,江苏,Regular,0.0195
5129258018802279,5129329596172230,北京王立新世说新语,2025-02-01 19:55,北京,RedV,0.187
5129177187749899,5129283775498005,上海波浪玩家,2025-02-01 16:53,,RedV,0.3601
5129113721634922,5129283720185013,农民老让,2025-02-01 16:53,,Regular,0.5885
5129162619094276,5129342746627661,很好看的秋天,2025-02-01 20:47,,Regular,0.5885
5129199779579736,5129342417899733,布哈拉游台湾,2025-02-01 20:46,,Regular,0.2424
5120444664907511,5129224467253034,夜露死苦喧嘩上等,2025-02-01 12:57,,Regular,0.5885
5129158906347846,5129194329607309,水獭一般编-阿怡,2025-02-01 10:58,,GoldV,0.0006
5129181250456655,5129296700249849,为吃货争口气,2025-02-01 17:44,,Regular,0.5885
5129149507438190,5129329559999474,micky202311,2025-02-01 19:55,,Regular,0.5885
5129094142100000,5129164490015635,月贝凡之路,2025-02-01 08:59,,Regular,0.5885
5129216910165842,5129328189508384,张怀平论坛,2025-02-01 19:50,,Regular,0.154
5129149507438190,5129164052498451,我醒着做梦10,2025-02-01 08:57,,Regular,0.068
5129113721634922,5129268147785604,阿丶袖袖呀,2025-02-01 15:51,,GoldV,0.6318
5128754474779353,5128827480573409,满仓豆包,2025-01-31 10:40,山东,Regular,0.627
5129341970682576,5129357834326263,余丰慧,2025-02-01 21:47,河南,GoldV,0.1242
5127799088873981,5128825967478665,两人余,2025-01-31 10:34,陕西,Regular,0.0137
5129164195893266,5129208380785411,这个世界很混乱,2025-02-01 11:53,上海,Regular,0.0021
5128887782343374,5129193031994411,呛呛独行,2025-02-01 10:52,北京,Regular,0.0022
5129161749825048,5129178674104452,学佛人与股票,2025-02-01 09:55,安徽,Regular,0.0498
5129190279479859,5129192541522083,她叫我二毛,2025-02-01 10:51,福建,Regular,0.0027
5129231997340188,5129267081643421,日经中文网,2025-02-01 15:47,,BlueV,0.1227
5129162619094276,5129326699480745,零落的黄色枫叶,2025-02-01 19:44,湖北,RedV,0.0549
5129179125518624,5129266217880960,William_26578,2025-02-01 15:43,甘肃,Regular,0.0594
4997587612992838,5129222750472940,SUV大百科,2025-02-01 12:51,山东,RedV,0.5617
5129119853707839,5129222177164204,用户5615087376,2025-02-01 12:48,广西,Regular,0.0024
5129001169587788,5129036787614287,船老大美股日志,2025-02-01 00:32,加拿大,RedV,0.107
5129094142100000,5129264808594722,William_26578,2025-02-01 15:38,,Regular,0.3249
5129217207960830,5129279899438421,动机资本,2025-02-01 16:38,湖北,Regular,0.3718
5129533869785790,5129602450592575,穗城流年,2025-02-02 13:59,广东,YellowV,0.0979
5129703652329058,5129722595378837,半导体投资联盟,2025-02-02 21:57,江苏,BlueV,0.201
5129091263234951,5129145296880921,Nothing-2100,2025-02-01 07:43,广东,Regular,0.4285
5129662148118105,5129722572837010,白雪下的小麦,2025-02-02 21:57,江苏,Regular,0.5885
5129626181961737,5129737332590301,kleinprincelove,2025-02-02 22:55,广东,Regular,0.0009
5129272875027611,5129278692264514,vivi爱老虎油,2025-02-01 16:33,河北,Regular,0.7576
5129696835273688,5129722218678331,下午茶2599,2025-02-02 21:55,海南,RedV,0.028
5129172936295482,5129190485524888,亿周视野,2025-02-01 10:42,辽宁,YellowV,0.0077
5128943720203511,5129692702838854,7万小时17年交易者2,2025-02-02 19:58,江苏,RedV,0.0303
5129655348365682,5129692375419696,狐阿丹,2025-02-02 19:57,美国,Regular,0.5885
5129506307965628,5129511873544279,_几许青筏,2025-02-02 07:59,辽宁,Regular,0.2469
5128807134266515,5128819842746002,笑傲_神雕,2025-01-31 10:10,广东,Regular,0.0058
5129557155516274,5129721820487510,道理不深言语多,2025-02-02 21:54,重庆,Regular,0.0442
5129169711138946,5129263039126225,萤火虫如我,2025-02-01 15:31,,GoldV,0.0042
5124847936210185,5129736583382463,社长de晨翼尖,2025-02-02 22:52,,YellowV,0.0352
5129489632461206,5129493767258329,谷大白话,2025-02-02 06:47,,GoldV,0.0062
5125770947070018,5129493041905914,A哥_AVR,2025-02-02 06:45,,RedV,0.1162
5129217207960830,5129260008473019,桂曙光,2025-02-01 15:19,,RedV,0.0253
5129734410993874,5129736464371868,种花家的听阅,2025-02-02 22:52,,Regular,0.1369
5129296358146131,5129316599335692,橘子蛋糕,2025-02-01 19:03,,Regular,0.0222
5129593963156239,5129616740848056,麦田蓑笠翁,2025-02-02 14:56,,GoldV,0.0005
5129256892107231,5129259264249832,珠簾大寨主,2025-02-01 15:16,,RedV,0.0748
5125770947070018,5129491571802492,水獭otter,2025-02-02 06:39,,RedV,0.2776
5129696835273688,5129735917801602,陆锡鑫,2025-02-02 22:50,,RedV,0.0225
5129734684150283,5129735879526278,财经小豆子,2025-02-02 22:50,,Regular,0.0424
5129558846343837,5129587031281074,小恶魔提利航,2025-02-02 12:58,,Regular,0.0112
5129231997340188,5129315872409497,crhubei,2025-02-01 19:01,湖北,Regular,0.5
5128102605488741,5129526729771547,丘山的快乐生活,2025-02-02 08:58,广东,Regular,0.0978
5129582094586368,5129586407374982,田园自在生活是我,2025-02-02 12:56,,Regular,0.105
5129564414021996,5129600662765872,辣叶摧秋,2025-02-02 13:52,,YellowV,0.5885
5129698898874267,5129734698830866,大唐不夜城之后,2025-02-02 22:45,,Regular,0.0192
5129563927745703,5129585915859303,江流儿-行者,2025-02-02 12:54,,Regular,0.5885
5129153781695692,5129585764863378,all4one4all,2025-02-02 12:53,四川,Regular,0.5885
5129698898874267,5129734692539670,冬天穿搭分享,2025-02-02 22:45,,Regular,0.0776
5129698898874267,5129734690182425,龙年吉祥幸福,2025-02-02 22:45,,Regular,0.1875
5129698898874267,5129734687818359,J-小锦的宝藏圈,2025-02-02 22:45,,Regular,0.121
5129698898874267,5129734680222700,急吼吼jhg,2025-02-02 22:45,,Regular,0.1288
5129580767874834,5129599929028907,wanshi童鞋2,2025-02-02 13:49,广东,GoldV,0.1242
5129502772167484,5129599496749620,卩东木公,2025-02-02 13:48,江苏,Regular,0.015
5129626181961737,5129734115820187,雅典娜的猫头鹰2023,2025-02-02 22:43,上海,Regular,0.0084
5129535005393646,5129556398706472,传奇周期,2025-02-02 10:56,广东,Regular,0.5885
5129535005393646,5129556329761196,传奇周期,2025-02-02 10:56,广东,Regular,0.5885
5129381792712305,5129584292400812,轻舟飞过万重天,2025-02-02 12:47,辽宁,Regular,0.18
5129120421773732,5129583713587264,钰涵灿辉,2025-02-02 12:45,福建,Regular,0.1089
5129526126314574,5129598210408590,疯狂大象,2025-02-02 13:42,河南,RedV,0.0071
5129296358146131,5129583647262439,沉默的中间派,2025-02-02 12:45,江苏,Regular,0.1242
5129661899866415,5129721619153601,j20老张,2025-02-02 21:53,,Regular,0.5885
5129606069748163,5129721450334510,性感的猫鱼,2025-02-02 21:52,,Regular,0.3821
5129606069748163,5129721446402361,陈亚州33,2025-02-02 21:52,,Regular,0.0695
5129606069748163,5129721442733985,菲芘毛小毛,2025-02-02 21:52,,Regular,0.9932
5129606069748163,5129721438802082,小届的珠宝小铺,2025-02-02 21:52,,Regular,0.0843
5129606069748163,5129721438014979,陆兮兮兮兮,2025-02-02 21:52,,Regular,0.0512
5129606069748163,5129721430672547,郑弘明,2025-02-02 21:52,,Regular,0.0315
5129606069748163,5129721430674889,鱼儿鱼儿喜欢歌,2025-02-02 21:52,,Regular,0.4002
5129606069748163,5129721436176492,落汤口苗,2025-02-02 21:52,,Regular,0.5504
5129606069748163,5129721423858150,要多远酒对圆,2025-02-02 21:52,,Regular,0.1651
5129606069748163,5129721425169156,傲娇毛与按不住花,2025-02-02 21:52,,Regular,0.2936
5129606069748163,5129721425429969,秋天共振季节,2025-02-02 21:52,,Regular,0.0367
5129606069748163,5129721425432333,我超爱喝椰子噢,2025-02-02 21:52,福建,Regular,0.1932
5129606069748163,5129721425956556,白天不懂野德黑,2025-02-02 21:52,福建,Regular,0.3717
5129606069748163,5129721425958243,蓝色歌者2011,2025-02-02 21:52,广东,Regular,0.2533
5129606069748163,5129721426221128,大地的下面是大地,2025-02-02 21:52,福建,Regular,0.9944
5129606069748163,5129721427792585,丁程鹏的歌,2025-02-02 21:52,安徽,Regular,0.0642
5129606069748163,5129721430147445,酷丶酷爱,2025-02-02 21:52,福建,Regular,0.082
5129606069748163,5129721425167081,能翱翔的鹰,2025-02-02 21:52,广东,Regular,0.1821
5129606069748163,5129721422026321,PCC晨晨2013_579,2025-02-02 21:52,福建,Regular,0.2171
5129606069748163,5129721422026084,甜心公主的欣,2025-02-02 21:52,安徽,Regular,0.1547
5129606069748163,5129721421239016,PS黑糖饅頭,2025-02-02 21:52,福建,Regular,0.0984
5129506307965628,5129555429821069,张星云-阿星,2025-02-02 10:53,湖南,Regular,0.0365
5129606069748163,5129721421235872,candy路从今夜白_,2025-02-02 21:52,广东,Regular,0.4267
5129606069748163,5129721420974891,小任性的月薪,2025-02-02 21:52,广东,Regular,0.1027
5129606069748163,5129721420972957,国外有光的小伙伴,2025-02-02 21:52,福建,Regular,0.0078
5129606069748163,5129721416782877,玲w8868,2025-02-02 21:52,福建,Regular,0.017
5129606069748163,5129721413373322,情书你怀念的_233,2025-02-02 21:52,福建,Regular,0.2728
5129606069748163,5129721412849001,忍不住遛猫了,2025-02-02 21:52,福建,Regular,0.0424
5129606069748163,5129721415468133,冠军公司--胡桢,2025-02-02 21:52,福建,Regular,0.7944
5129606069748163,5129721417302204,小子快说话,2025-02-02 21:52,福建,Regular,0.0424
5129714039528579,5129720477781334,曉辰,2025-02-02 21:48,,YellowV,0.0237
5129505767949390,5129522437686502,津云新闻,2025-02-02 08:41,,Regular,0.3494
5129519301656928,5129522225089820,财相伴,2025-02-02 08:41,四川,Regular,0.0453
5129489632461206,5129581873595999,卡李,2025-02-02 12:38,,Regular,0.3584
5129564414021996,5129581494799486,猴哥行云,2025-02-02 12:36,,Regular,0.0462
5129120421773732,5129580413190822,真诚的知识分享,2025-02-02 12:32,上海,GoldV,0.4602
5129577212939877,5129580317250305,合新闻,2025-02-02 12:31,,Regular,0.1086
5129579611820625,5129579930847289,祈花缘,2025-02-02 12:30,湖南,Regular,0.5653
5129579611820625,5129579922982497,他师哥A爆了,2025-02-02 12:30,浙江,Regular,0.6119
5129579611820625,5129579920626623,J-小锦的宝藏圈,2025-02-02 12:30,广东,Regular,0.9921
5129579611820625,5129579899653306,厚厚厚厚的衣服,2025-02-02 12:30,,Regular,0.6644
5129563927745703,5129579175871057,yfhzl12700,2025-02-02 12:27,,Regular,0.5885
5129515244194412,5129579108764691,冷静谨慎谦逊克制,2025-02-02 12:27,,Regular,0.0171
5129556154124944,5129579084121520,莫兆聪,2025-02-02 12:26,,Regular,0.5676
5129551814330708,5129553955260482,集微网集成电路,2025-02-02 10:47,,BlueV,0.5885
5129535606227201,5129553871637206,五间非四六,2025-02-02 10:46,,Regular,0.0038
5129455763194110,5129553746594744,镜子里的财经,2025-02-02 10:46,,RedV,0.0588
5129543554433767,5129553546576277,作家圆圆,2025-02-02 10:45,河南,GoldV,0.0475
5129553141304142,5129553504897273,凡间喜鹊,2025-02-02 10:45,福建,Regular,0.0149
5129294741242579,5129552992928997,何以解忧一壶浊酒,2025-02-02 10:43,新疆,Regular,0.8674
5129535027416211,5129552852421389,津云新闻,2025-02-02 10:42,,Regular,0.3713
5129531566591014,5129552424865118,CHOCOOLATE2017,2025-02-02 10:41,,Regular,0.038
5129287503447530,5129552011463908,Jedi_BV,2025-02-02 10:39,,Regular,0.2149
5129550448824514,5129551959558572,尼克先生的朱迪小姐,2025-02-02 10:39,,Regular,0.0272
5129550448824514,5129551947236221,乌梅子酱拌饭,2025-02-02 10:39,,Regular,0.1153
5129550448824514,5129551783396144,止水浮身,2025-02-02 10:38,,Regular,0.1955
5129516018827644,5129551778415620,洪怀懋,2025-02-02 10:38,,RedV,0.1452
5129498259620104,5129551740668512,端方sun2022,2025-02-02 10:38,,Regular,0.0634
5129550563118727,5129550869301235,Adu62333,2025-02-02 10:34,,Regular,0.0075
5129550563118727,5129550869300738,那些年很逗,2025-02-02 10:34,,Regular,0.0311
5129550563118727,5129550869038720,幻城之夜2,2025-02-02 10:34,,Regular,0.0082
5129550563118727,5129550867991159,四芯轴端子压接工具,2025-02-02 10:34,,Regular,0.0139
5129550563118727,5129550864581179,宏腾love,2025-02-02 10:34,,Regular,0.0172
5129550563118727,5129550859865549,本怪不是詹姆斯,2025-02-02 10:34,,Regular,0.0351
5129548435818994,5129550377521111,种花家的小小园丁,2025-02-02 10:32,,Regular,0.1432
5132165483857271,5132197749067478,尼克安闲,2025-02-09 17:52,江苏,RedV,0.3524
5131702458384514,5132153945853749,恋博日常85,2025-02-09 14:58,浙江,Regular,0.2853
5132041873524327,5132108806229191,Keng_hsing,2025-02-09 11:59,贵州,Regular,0.0056
5131905400570284,5132105780825530,Ciyerkalin张亚军3100662163,2025-02-09 11:47,河南,Regular,0.5885
5131808079352588,5132093892330479,路光栋,2025-02-09 10:59,山东,Regular,0.0756
5131534853996689,5132076676287436,穎_穎_穎,2025-02-09 09:51,上海,Regular,0.0057
5132041873524327,5132062246570712,雪會yukizeng0804504,2025-02-09 08:54,日本,Regular,0.5885
5131709217509158,5132028592783525,hhacken,2025-02-09 06:40,浙江,Regular,0.7124
5131844616198680,5132015421096116,尼克安闲,2025-02-09 05:48,江苏,RedV,0.47
5131825699098772,5132207211418146,杨扉-从前有辆车,2025-02-09 18:30,,RedV,0.1876
5132195588999884,5132203593828011,大嘴发言人,2025-02-09 18:15,,RedV,0.0009
5131674021528101,5132090712524406,冷悦一生平安,2025-02-09 10:47,,YellowV,0.574
5131912723039127,5132090106708164,左右侧都交易,2025-02-09 10:44,,YellowV,0.0088
5130315154851327,5132089684394416,蔷薇糖蛋糕,2025-02-09 10:43,,Regular,0.5885
5131692386027202,5131965315678740,我心似蓝空,2025-02-09 02:29,,Regular,0.5885
5132041873524327,5132045384680251,钢雷欧,2025-02-09 07:47,,RedV,0.0063
5132014263206527,5132019720258280,卡佳鱼水全肯定版面包,2025-02-09 06:05,,Regular,0.0239
5131815973032333,5131956985267523,色米子,2025-02-09 01:55,,Regular,0.0146
5132075792859791,5132102647418318,向中行,2025-02-09 11:34,,Regular,0.0087
5132620321001445,5132621398939288,吃饭不用钱516,2025-02-10 21:56,,Regular,0.6014
5132488676215778,5132607182866524,三体星链,2025-02-10 20:59,,Regular,0.5838
5132220190432878,5132220450734967,南宫临风DH,2025-02-09 19:22,,Regular,0.0087
5131766077067166,5131937951253180,笼棫_,2025-02-09 00:40,,Regular,0.8564
5131702458384514,5132173500484200,iduke,2025-02-09 16:16,,Regular,0.5885
5131707298351963,5132142650851556,Joseph饺子,2025-02-09 14:13,,YellowV,0.5493
5131905811617499,5132086318992983,股道钱潮赢在主升浪,2025-02-09 10:29,,Regular,0.1242
5131905400570284,5132156349977144,亮剑ad,2025-02-09 15:08,,Regular,0.5885
5132051881918873,5132068484811112,东南区fj,2025-02-09 09:18,,Regular,0.6011
5132526993544925,5132590155563069,水獭一般编-阿怡,2025-02-10 19:51,,GoldV,0.0216
5132028307833756,5132049765892687,侏罗纪木质素,2025-02-09 08:04,,Regular,0.5149
5132558914030580,5132560819029363,空白又单色,2025-02-10 17:55,,Regular,0.3435
5132548897767527,5132560667252260,慧眼看日本,2025-02-10 17:54,,Regular,0.0673
5132488676215778,5132603419789837,三体星链,2025-02-10 20:44,,Regular,0.6526
5129724396046036,5132235432788127,哒哒滴答滴大,2025-02-09 20:22,,Regular,0.2777
5132063714314410,5132233448622486,木帝回,2025-02-09 20:14,,Regular,0.5885
5132451584149252,5132631518222456,奔跑吧少年jy,2025-02-10 22:36,,Regular,0.5885
5132488676215778,5132530953227211,宋清辉,2025-02-10 15:56,,YellowV,0.9825
5132501406450513,5132501519698943,大侠啊啊啊啊,2025-02-10 13:59,,Regular,0.0236
5132558914030580,5132560432630157,爱吃香菜皮带,2025-02-10 17:53,,Regular,0.1894
5132558914030580,5132560420045411,康萌洛,2025-02-10 17:53,,Regular,0.1464
5129724396046036,5132440613422880,大田斗MAN,2025-02-10 09:57,,Regular,0.5885
5131740637039356,5132440498867459,爱国子6,2025-02-10 09:57,,Regular,0.0094
5132451584149252,5132630960637962,lesliesay,2025-02-10 22:34,,RedV,0.4178
5132501406450513,5132515547548471,眼宽能行万里船,2025-02-10 14:55,,Regular,0.5885
5132495999207097,5132586991488398,EpsilonYuan,2025-02-10 19:39,,Regular,0.0838
5132463732690919,5132498629036557,明UC星之草根微博,2025-02-10 13:48,,Regular,0.0053
5132488676215778,5132559189280481,FZ小曹8888,2025-02-10 17:48,,Regular,0.5885
5132526993544925,5132559073415294,侃见财经,2025-02-10 17:48,,RedV,0.0463
5130487744170966,5132484578641890,Shf高夫,2025-02-10 12:52,,Regular,0.0097
5132033970144618,5132440146545743,Rainmake_,2025-02-10 09:55,,Regular,0.1242
5124855831206036,5132359236846025,芷菱的理想国,2025-02-10 04:34,,Regular,0.0072
4692615687569534,5132573003745296,诗梳风尽,2025-02-10 18:43,,Regular,0.5885
5132419808101622,5132454610076999,森林狼咨询-数字化成就百万梦,2025-02-10 10:53,,Regular,0.02
5132416681510822,5132439078306843,爱打滚的熊2011,2025-02-10 09:51,,Regular,0.1413
5132488676215778,5132515255522534,眼宽能行万里船,2025-02-10 14:54,,Regular,0.5885
5132495999207097,5132515003861368,晁天空23590,2025-02-10 14:53,,Regular,0.0079
5132451993619484,5132585817087583,股道钱潮赢在主升浪,2025-02-10 19:34,,Regular,0.1242
5132495999207097,5132585567262402,know_what_import,2025-02-10 19:33,,Regular,0.5885
5132419808101622,5132482373223677,森林狼咨询-数字化成就百万梦,2025-02-10 12:43,,Regular,0.7103
5132386947826324,5132388303111297,黄埔一投,2025-02-10 06:29,,YellowV,0.0368
5132578702492261,5132599360228256,壹加玖拾玖,2025-02-10 20:28,,Regular,0.5885
5132436670775342,5132438595961523,歌乐行者,2025-02-10 09:49,,YellowV,0.0383
5132626103110461,5132626509955437,秋名山街猫,2025-02-10 22:16,,RedV,0.5355
5132092640070946,5132514394112179,柴孝伟,2025-02-10 14:50,,RedV,0.0216
5131694585938896,5132466019372526,紫扬剑的微博,2025-02-10 11:38,,Regular,0.0081
5132423469730219,5132437791706934,雪會yukizeng0804504,2025-02-10 09:46,,Regular,0.5885
5130766662506703,5132308336085596,福建长安网,2025-02-10 01:12,,BlueV,0.0749
5132267137798447,5132480604803404,卢晓周战略,2025-02-10 12:36,,YellowV,0.0004
5131837221376201,5132465444750026,蓝天飞鹰009,2025-02-10 11:36,,Regular,0.1242
5132526993544925,5132555185556255,扬韬,2025-02-10 17:32,,RedV,0.0006
5132416681510822,5132436656619766,悉拉贝尔CL,2025-02-10 09:41,,Regular,0.1577
5132028307833756,5132300788698165,阳珍楚,2025-02-10 00:42,,Regular,0.0069
5132488676215778,5132596090771691,曲沃牛记涮菜坊,2025-02-10 20:15,,Regular,0.9963
5132574949378817,5132953941969360,时光精致futures,2025-02-11 19:57,,YellowV,0.0874
5132578702492261,5132594600214889,无论叫什么都好hbvgbb,2025-02-10 20:09,,Regular,0.5885
5132578702492261,5132593922315348,Degg_GlobalMacroFin,2025-02-10 20:06,,RedV,0.4464
5132422649220083,5132424094942229,博看博听,2025-02-10 08:52,,Regular,0.5885
5132166880562131,5132291679196244,鋆言天下,2025-02-10 00:05,,Regular,0.1242
5132766448190843,5132968496205321,Hermann商业与投资,2025-02-11 20:55,,Regular,0.0076
5132766448190843,5132968127630246,申浩然2024,2025-02-11 20:53,,Regular,0.2945
5132495999207097,5132567025814798,有个梨GPT,2025-02-10 18:20,,RedV,0.122
5132981186332643,5132982576747756,执著的老宋,2025-02-11 21:51,,YellowV,0.421
5132423469730219,5132434414240668,精日真会吹2,2025-02-10 09:33,,Regular,0.2623
5132488676215778,5132507221852235,撒尼尼是小狗,2025-02-10 14:22,,Regular,0.2306
5132564668876030,5132565537359811,微博时事,2025-02-10 18:14,,BlueV,0.5
5122451784597915,5132475947552832,王晓鹏PPG,2025-02-10 12:18,,RedV,0.9829
5132436670775342,5132447799314340,朱理明-中医肿瘤君,2025-02-10 10:26,,YellowV,0.0137
5132526993544925,5132538328910767,牛市sky,2025-02-10 16:25,,GoldV,0.0653
5132477314112019,5132489396060222,止盈出金,2025-02-10 13:11,,Regular,0.5885
5132463844104595,5132474814826412,0陈耳东0,2025-02-10 12:13,,Regular,0.7613
5132766448190843,5132937915273807,告诉自己要加班,2025-02-11 18:53,,Regular,0.5885
5132393619128762,5132423237210518,往这边走行,2025-02-10 08:48,,Regular,0.1432
5132422649220083,5132423234848970,王成强_Futures,2025-02-10 08:48,,RedV,0.3613
5132442367428127,5132488024263110,布哈拉游台湾,2025-02-10 13:06,,Regular,0.0331
5132653605425731,5132863756307693,教授老头,2025-02-11 13:59,,RedV,0.5885
5132563255397126,5132564475414103,微博时事,2025-02-10 18:09,,BlueV,0.5
5132578702492261,5132950075870120,Cj_HandsomeGirl,2025-02-11 19:42,,Regular,0.5885
5132813997443463,5132949909408545,中银宗良,2025-02-11 19:41,,YellowV,0.5885
5132488676215778,5132550479806485,帕丁小叶,2025-02-10 17:14,,Regular,0.4749
5131444509475411,5132459322901649,紫扬剑的微博,2025-02-10 11:12,,Regular,0.0064
5132146754720375,5132423077562148,勤且谨,2025-02-10 08:48,,Regular,0.0476
5132558262078397,5132563389088237,UFO启示,2025-02-10 18:05,,RedV,0.0028
5132947592318135,5132949039613785,小鱼儿要淡定淡定淡定,2025-02-11 19:37,,Regular,0.4895
5131501252908070,5132432089026949,周天慧VanessaChow,2025-02-10 09:23,,YellowV,0.024
5131815973032333,5132536770463105,M2在路上,2025-02-10 16:19,,YellowV,0.0052
5132488676215778,5132501847120394,大侠啊啊啊啊,2025-02-10 14:01,,Regular,0.4749
5132804872996536,5132922602653561,MzzM03,2025-02-11 17:52,,Regular,0.162
5129153781695692,5132908008309184,steelblog,2025-02-11 16:54,,Regular,0.5885
5132463844104595,5132472055235061,金手指宝宝,2025-02-10 12:02,,Regular,0.0007
5132429600492694,5132431476918725,帮主郑重,2025-02-10 09:21,,Regular,0.2527
5132488676215778,5132536123231177,Ear-耳朵,2025-02-10 16:17,,YellowV,0.7732
5132511519181417,5132548696970129,中国供应链联盟,2025-02-10 17:07,,BlueV,0.0129
5129153781695692,5132921826706139,雅典娜的猫头鹰2023,2025-02-11 17:49,,Regular,0.4709
5132488676215778,5132535835396502,汪呜这里是地球,2025-02-10 16:16,,Regular,0.9344
5132488676215778,5132548025619200,靓鱼雅居,2025-02-10 17:04,,Regular,0.9045
5132433768579476,5132443362004511,wanshi童鞋2,2025-02-10 10:08,,GoldV,0.1242
5132802939686308,5132921272534759,爱国魏,2025-02-11 17:47,,Regular,0.3226
5132813456379052,5132906699689427,木易薰Kaoru2,2025-02-11 16:49,,Regular,0.0813
5132889353885117,5132975916713263,掌上青岛,2025-02-11 21:24,,Regular,0.676
5132766448190843,5132975703068476,星星之火阿弥陀佛,2025-02-11 21:23,,Regular,0.5885
5132488676215778,5132535537602855,李卫普,2025-02-10 16:14,,Regular,0.9939
5132488676215778,5132535040840152,-你要陪住我,2025-02-10 16:12,,Regular,0.9956
5132607057300461,5132893171746347,-小鱼sama,2025-02-11 15:55,,Regular,0.0103
5132540086323877,5132862533667032,梅里雪山789,2025-02-11 13:54,,Regular,0.0129
5132766448190843,5132975551289065,lily张2233,2025-02-11 21:23,,Regular,0.1242
5132608950239412,5132975443021967,财重信,2025-02-11 21:22,,Regular,0.0023
5132766448190843,5132991548625056,明宝伟,2025-02-11 22:26,,Regular,0.5885
5132811317286621,5132833411305397,紫扬剑的微博,2025-02-11 11:58,,Regular,0.0207
5132766448190843,5132876629411299,集中精力学习,2025-02-11 14:50,,Regular,0.4279
5132766448190843,5132930148470639,韩亚潓,2025-02-11 18:22,,RedV,0.9257
5132548897767527,5132818542497467,木易薰Kaoru2,2025-02-11 10:59,,Regular,0.1053
5132766448190843,5132918705625006,居美石与顽石,2025-02-11 17:37,,Regular,0.5885
5132766448190843,5132847704444369,飞滋凌,2025-02-11 12:55,,Regular,0.5
5132488676215778,5132534835319209,保持炙热·xz,2025-02-10 16:12,,Regular,0.9962
5132488676215778,5132534729934505,-陪Ni晒太阳-,2025-02-10 16:11,,YellowV,0.2775
5132488676215778,5132534701363590,行行行星星影,2025-02-10 16:11,,Regular,0.4749
5132488676215778,5132534602007923,-我会陪住Ni-,2025-02-10 16:11,,Regular,0.9959
5132488676215778,5132519695712427,王裕庆_台湾省,2025-02-10 15:11,,GoldV,0.9769
5132430287570782,5132519521649189,尼克安闲,2025-02-10 15:11,,RedV,0.1242
5132813997443463,5132847319617582,21世纪经济报道,2025-02-11 12:53,,Regular,0.3726
5132488676215778,5132534461235830,卫普爱卫普,2025-02-10 16:10,,Regular,0.9993
5132488676215778,5132534335933257,吃土小狗来签到,2025-02-10 16:10,,Regular,0.7921
5132768119882006,5132772484319007,H67801665399,2025-02-11 07:56,,Regular,0.3068
5132548897767527,5132904588641117,慧眼看日本,2025-02-11 16:41,,Regular,0.5133
5132488676215778,5132534181269900,乖乖的小宁r,2025-02-10 16:09,,Regular,0.9906
5132488676215778,5132534108655377,-Ni要陪住我-,2025-02-10 16:09,,Regular,0.3528
5132488676215778,5132533911786577,-蔓延再蔓延-,2025-02-10 16:08,,Regular,0.9922
5132481466468440,5132927748805382,拯救世界平台听闻中心,2025-02-11 18:13,,Regular,0.5885
5132859322926998,5132859650083464,哮的巨人,2025-02-11 13:42,,Regular,0.7329
5132751081309279,5132755690849060,黄埔一投,2025-02-11 06:49,,YellowV,0.1318
5132488676215778,5132533782021871,豫见十师,2025-02-10 16:07,,YellowV,0.9964
5132488676215778,5132533576761479,叶娃的车厘子,2025-02-10 16:07,,YellowV,0.9906
5132770139178158,5132770917744646,山西反邪教,2025-02-11 07:50,,BlueV,0.0648
5132607057300461,5132889966251516,汴人郭威,2025-02-11 15:43,,GoldV,0.1242
5132488676215778,5132533568111088,小兔别皱眉,2025-02-10 16:07,,YellowV,0.9938
5132488676215778,5132533446743154,星际碎片,2025-02-10 16:06,,Regular,0.9608
5132488676215778,5132533354991428,给世界一个微笑,2025-02-10 16:06,,Regular,0.9669
5132488676215778,5132533275295810,安从单,2025-02-10 16:05,,Regular,0.5885
5132488676215778,5132517146886700,有两把刷子200309,2025-02-10 15:01,,Regular,0.5346
5131813506257674,5132517002707144,朝阳太太,2025-02-10 15:01,,Regular,0.3918
5129878272214395,5132926867478360,拯救世界平台听闻中心,2025-02-11 18:09,,Regular,0.5885
5132540086323877,5132769397571980,老王谈改革,2025-02-11 07:44,,GoldV,0.1282
5132766448190843,5132889457167651,清净禅林123,2025-02-11 15:41,,Regular,0.9616
5132481466468440,5132889346018516,今日俄罗斯RT,2025-02-11 15:40,,BlueV,0.0331
5132766448190843,5132986748244391,紫燕ZL,2025-02-11 22:07,,Regular,0.5885
5132488676215778,5132532779061276,大侠啊啊啊啊,2025-02-10 16:03,,Regular,0.4629
5132872243740892,5132872830681089,两山排闼,2025-02-11 14:35,,Regular,0.4048
5132424665368520,5132786194973258,时空舞者-,2025-02-11 08:50,,RedV,0.041
5132766448190843,5132845359564132,mingtian505,2025-02-11 12:45,,Regular,0.5885
5132488676215778,5132532599491656,震长,2025-02-10 16:03,,GoldV,0.9082
5132766448190843,5132831283741997,见众生固一善升起主体性,2025-02-11 11:50,,Regular,0.9853
5132744230961397,5132745143746667,余丰慧,2025-02-11 06:07,,GoldV,0.0899
5132766448190843,5132817816620084,戊辰-88,2025-02-11 10:56,,Regular,0.9991
5129153781695692,5132767966789745,袁金鱼同学,2025-02-11 07:38,,Regular,0.5885
5132578702492261,5132801099696294,Degg_GlobalMacroFin,2025-02-11 09:50,,RedV,0.1242
5132766448190843,5132844886657549,小菜娴69305,2025-02-11 12:44,,Regular,0.4602
5132923114621822,5132925483878495,微博时事,2025-02-11 18:04,,BlueV,0.5
5132709804114279,5132718558675725,醋溜百财,2025-02-11 04:22,,Regular,0.0526
5129153781695692,5132766878631086,LoneSchicksal,2025-02-11 07:34,,RedV,0.8982
5132495999207097,5132800546051120,门口的阿汪,2025-02-11 09:47,,Regular,0.6757
5132578702492261,5132800363335105,天狼星alpha,2025-02-11 09:47,,RedV,0.1335
5132766448190843,5132831162107474,萌韭菜,2025-02-11 11:49,,Regular,0.2195
PyXvS0mAq,5183368967753037,華華華華華華華仔,2025-06-30 22:48,,Regular,0.8657
PyWeKxowp,5183368520011287,日本沙雕日常,2025-06-30 22:47,,GoldV,0.9937
PyXvS0mAq,5183368301641813,心情超级差勁,2025-06-30 22:46,,Regular,0.7984
PyXvS0mAq,5183366441994279,荷饼,2025-06-30 22:38,,Regular,0.3214
PyYodeuvw,5183365675748015,茶渣小柯,2025-06-30 22:35,,GoldV,0.0008
PyWeKxowp,5183378992403215,灰灰太狼VITA,2025-06-30 23:28,,Regular,0.5885
5183370431562126,5183378651613951,不然你怎么总是饿,2025-06-30 23:27,,Regular,0.8805
5183370431562126,5183378002284615,我是咸菜奥,2025-06-30 23:24,,Regular,0.9435
5183370431562126,5183377074556915,旺仔牛奶甜甜甜ya,2025-06-30 23:21,,Regular,0.4403
5183370431562126,5183376870085333,香香是个小可爱啊,2025-06-30 23:20,,Regular,0.9835
5182646535589258,5182653582020461,供去困告,2025-06-28 23:26,湖南,Regular,0.9849
5181817319588850,5182297288740720,网上邻居-201905,2025-06-27 23:50,广东,Regular,0.9963
5177933938296350,5177934145131892,集微网集成电路,2025-06-15 22:52,江苏,BlueV,0.5885
5177571419361565,5177574826186943,景气行业研究,2025-06-14 23:04,山东,YellowV,0.5885
5177571294843192,5177571862119001,集微网集成电路,2025-06-14 22:53,上海,BlueV,0.5885
5177571180548005,5177571844560736,集微网集成电路,2025-06-14 22:53,上海,BlueV,0.5885
5182648058383371,5182650314660640,APLAUDPOR,2025-06-28 23:13,北京,Regular,0.5885
5134628629514713,5181570769748720,务实直接有目标的李总,2025-06-25 23:43,上海,Regular,0.5885
5181175548613164,5181204661536229,财联社APP,2025-06-24 23:28,,Regular,0.2883
5177917643949401,5177932215226891,集微网集成电路,2025-06-15 22:45,江苏,BlueV,0.5885
5177928423574892,5177932196611851,集微网集成电路,2025-06-15 22:44,江苏,BlueV,0.5885
5177917128574275,5177932180883391,集微网集成电路,2025-06-15 22:44,江苏,BlueV,0.5885
5177921468630342,5177932159129301,集微网集成电路,2025-06-15 22:44,江苏,BlueV,0.5885
5177928095891604,5177932072616560,集微网集成电路,2025-06-15 22:44,江苏,BlueV,0.5885
5177928423311091,5177932050078577,集微网集成电路,2025-06-15 22:44,江苏,BlueV,0.5885
5181564096615619,5181566848336678,唐五斤,2025-06-25 23:27,广西,Regular,0.9796
5181817319588850,5181929063973535,甜蜜的记忆1798,2025-06-26 23:27,江苏,Regular,0.506
5181923665642495,5181927733856216,白杨笔迹,2025-06-26 23:21,四川,YellowV,0.0266
5177178809175358,5177179575161747,集微网集成电路,2025-06-13 20:54,上海,BlueV,0.5885
5177179245118372,5177179563361356,集微网集成电路,2025-06-13 20:54,上海,BlueV,0.5885
5177179122962355,5177179545537955,集微网集成电路,2025-06-13 20:54,上海,BlueV,0.5885
5177160289750219,5177165610225215,集微网集成电路,2025-06-13 19:58,上海,BlueV,0.5885
5177160161035627,5177165597641022,集微网集成电路,2025-06-13 19:58,上海,BlueV,0.5885
5177160289750219,5177165525813359,半导体投资联盟,2025-06-13 19:58,上海,BlueV,0.9866
5181925560158172,5181925763582812,用户1415440103,2025-06-26 23:14,北京,Regular,0.978
5177113868504294,5177117458304409,集微网集成电路,2025-06-13 16:47,上海,BlueV,0.5885
5177752051254989,5177921024297099,景气行业研究,2025-06-15 22:00,山东,YellowV,0.0324
5176648602223162,5177056877088707,伊莱之书德利天平,2025-06-13 12:46,广西,Regular,0.0448
5176045003083031,5177044832878740,草上飞舞csfw,2025-06-13 11:58,江苏,Regular,0.107
5181197535940245,5181197682218010,集微网集成电路,2025-06-24 23:00,江苏,BlueV,0.5885
5176045003083031,5177026308214667,草上飞舞csfw,2025-06-13 10:45,江苏,Regular,0.9972
5177112447156596,5177117428156694,集微网集成电路,2025-06-13 16:47,上海,BlueV,0.5885
5177115404405007,5177117400891885,集微网集成电路,2025-06-13 16:47,上海,BlueV,0.5885
5177114975797497,5177117366032013,集微网集成电路,2025-06-13 16:47,上海,BlueV,0.5885
5177114464355108,5177117352659377,集微网集成电路,2025-06-13 16:47,上海,BlueV,0.5885
5177114317818285,5177117336671657,集微网集成电路,2025-06-13 16:47,上海,BlueV,0.5885
5177113473974402,5177117308619495,集微网集成电路,2025-06-13 16:46,上海,BlueV,0.5885
5177113309352157,5177117295772333,集微网集成电路,2025-06-13 16:46,上海,BlueV,0.5885
5177901466781200,5177910082407342,景气行业研究,2025-06-15 21:17,山东,YellowV,0.5952
5176630167211182,5177125083812968,星空原本是微尘,2025-06-13 17:17,山东,Regular,0.0968
5177113128734019,5177117276900451,集微网集成电路,2025-06-13 16:46,上海,BlueV,0.5885
5177112966726021,5177117265365004,集微网集成电路,2025-06-13 16:46,上海,BlueV,0.5885
5177112812326088,5177117248591615,集微网集成电路,2025-06-13 16:46,上海,BlueV,0.5885
5177112660546634,5177117236266427,集微网集成电路,2025-06-13 16:46,上海,BlueV,0.5885
5177112269164473,5177117219230813,集微网集成电路,2025-06-13 16:46,上海,BlueV,0.5885
5177112094837176,5177117207954016,集微网集成电路,2025-06-13 16:46,上海,BlueV,0.5885
5177111706863178,5177117190655767,集微网集成电路,2025-06-13 16:46,上海,BlueV,0.5885
5177111514974860,5177117177545622,集微网集成电路,2025-06-13 16:46,上海,BlueV,0.5885
5177111166062002,5177117148711394,集微网集成电路,2025-06-13 16:46,上海,BlueV,0.5885
5177150384901998,5177152242976137,集微网集成电路,2025-06-13 19:05,上海,BlueV,0.5885
5177149687596667,5177152224890385,集微网集成电路,2025-06-13 19:05,上海,BlueV,0.5885
5177149309065566,5177152213355988,集微网集成电路,2025-06-13 19:05,上海,BlueV,0.5885
5177895492517906,5177906922783441,集微网集成电路,2025-06-15 21:04,江苏,BlueV,0.5885
5177146390612877,5177152186091020,集微网集成电路,2025-06-13 19:05,上海,BlueV,0.5885
5177902368820534,5177906850435388,集微网集成电路,2025-06-15 21:04,江苏,BlueV,0.5885
5164351023743024,5176979713950907,高铁J,2025-06-13 07:40,北京,Regular,0.1109
5176411950419852,5176868929799043,武名士,2025-06-13 00:19,广东,Regular,0.5885
5177068253875683,5177117131936180,集微网集成电路,2025-06-13 16:46,上海,BlueV,0.5885
5177052904033495,5177117118826750,集微网集成电路,2025-06-13 16:46,上海,BlueV,0.5885
5177111706863178,5177116808971733,半导体投资联盟,2025-06-13 16:44,上海,BlueV,0.962
5177113309352157,5177116526119895,半导体投资联盟,2025-06-13 16:43,上海,BlueV,0.9775
5177149876604589,5177152091980350,集微网集成电路,2025-06-13 19:05,上海,BlueV,0.5885
5177149465560501,5177152072846751,集微网集成电路,2025-06-13 19:05,上海,BlueV,0.5885
5177149193718008,5177152060262625,集微网集成电路,2025-06-13 19:05,上海,BlueV,0.5885
5177852926100202,5177906816876942,集微网集成电路,2025-06-15 21:04,江苏,BlueV,0.5885
5177148306362489,5177151991058237,集微网集成电路,2025-06-13 19:04,上海,BlueV,0.5885
5177868025332499,5177906802458964,集微网集成电路,2025-06-15 21:04,江苏,BlueV,0.5885
5177147578387288,5177151965889673,集微网集成电路,2025-06-13 19:04,上海,BlueV,0.5885
5177882528712913,5177906764451483,集微网集成电路,2025-06-15 21:03,江苏,BlueV,0.5885
5177895257377868,5177906747413488,集微网集成电路,2025-06-15 21:03,江苏,BlueV,0.5885
5177901466781200,5177906712022216,集微网集成电路,2025-06-15 21:03,江苏,BlueV,0.5885
5177901920289793,5177906692099880,集微网集成电路,2025-06-15 21:03,江苏,BlueV,0.5885
5177903240975043,5177906658542797,集微网集成电路,2025-06-15 21:03,江苏,BlueV,0.5885
5178100996641425,5178233240424573,景气行业研究,2025-06-16 18:41,山东,YellowV,0.0042
5176630167211182,5176864620414746,-半边修竹半边兰-,2025-06-13 00:02,江苏,Regular,0.5885
5177034043032867,5177036739186532,集微网集成电路,2025-06-13 11:26,上海,BlueV,0.5885
5176648602223162,5177008692923171,日经中文网,2025-06-13 09:35,,BlueV,0.8633
5177033925331661,5177036726863263,集微网集成电路,2025-06-13 11:26,上海,BlueV,0.5885
5177033740517455,5177036710612754,集微网集成电路,2025-06-13 11:26,上海,BlueV,0.5885
5177032340408812,5177036697242385,集微网集成电路,2025-06-13 11:26,上海,BlueV,0.5885
5177035548788380,5177036681252585,集微网集成电路,2025-06-13 11:26,上海,BlueV,0.5885
5177518246070791,5177522117412689,集微网集成电路,2025-06-14 19:35,上海,BlueV,0.5885
5177489280468780,5177522071541062,集微网集成电路,2025-06-14 19:35,上海,BlueV,0.5885
5177147002193904,5177151951209159,集微网集成电路,2025-06-13 19:04,上海,BlueV,0.5885
5177145904336754,5177151910577142,集微网集成电路,2025-06-13 19:04,上海,BlueV,0.5885
5177132176640329,5177151897732145,集微网集成电路,2025-06-13 19:04,上海,BlueV,0.5885
5177905173760721,5177906637572965,集微网集成电路,2025-06-15 21:03,江苏,BlueV,0.5885
5177901920289793,5177906310419321,半导体投资联盟,2025-06-15 21:02,江苏,BlueV,0.9346
5177901466781200,5177906285776408,半导体投资联盟,2025-06-15 21:02,江苏,BlueV,0.36
5177149876604589,5177151273571872,半导体投资联盟,2025-06-13 19:01,上海,BlueV,0.9646
5177034722510626,5177036618072376,集微网集成电路,2025-06-13 11:26,上海,BlueV,0.5885
5177034410295708,5177036586880055,集微网集成电路,2025-06-13 11:26,上海,BlueV,0.5885
5177032112865500,5177036563547216,集微网集成电路,2025-06-13 11:26,上海,BlueV,0.5885
5177031956368139,5177036550439216,集微网集成电路,2025-06-13 11:26,上海,BlueV,0.5885
5177031956368139,5177036516885075,半导体投资联盟,2025-06-13 11:25,上海,BlueV,0.9412
5177413027759990,5177522003380556,集微网集成电路,2025-06-14 19:35,上海,BlueV,0.5885
5177518378453793,5177521986345029,集微网集成电路,2025-06-14 19:34,上海,BlueV,0.5885
5177518081708131,5177521972972619,集微网集成电路,2025-06-14 19:34,上海,BlueV,0.5885
5177504882493989,5177521947804598,集微网集成电路,2025-06-14 19:34,上海,BlueV,0.5885
5177488277241917,5177521932079703,集微网集成电路,2025-06-14 19:34,上海,BlueV,0.5885
5178103640363216,5178132264911548,作家圆圆,2025-06-16 11:59,河南,GoldV,0.0253
5178156247944635,5178156774067338,集微网集成电路,2025-06-16 13:37,江苏,BlueV,0.6136
5178156247944635,5178156333401782,集微网集成电路,2025-06-16 13:35,江苏,BlueV,0.9859
5178097390321777,5178097473163076,集微网集成电路,2025-06-16 09:41,江苏,BlueV,0.5885
5178103640363216,5178143310086907,让你哭的很有节奏MVP,2025-06-16 12:43,北京,Regular,0.5885
5177457822666371,5177521863659614,集微网集成电路,2025-06-14 19:34,上海,BlueV,0.5885
5177442469938824,5177521852910322,集微网集成电路,2025-06-14 19:34,上海,BlueV,0.5885
5177430139996402,5177521839539002,集微网集成电路,2025-06-14 19:34,上海,BlueV,0.5885
5177427120359167,5177521821979610,集微网集成电路,2025-06-14 19:34,上海,BlueV,0.5885
5177412020867434,5177521796812926,集微网集成电路,2025-06-14 19:34,上海,BlueV,0.5885
5178122672801825,5178125124110470,回来的路_fu,2025-06-16 11:31,湖北,Regular,0.5885
5177829055529450,5177897670673101,景气行业研究,2025-06-15 20:27,山东,YellowV,0.9384
5178155780018108,5178155887231137,集微网集成电路,2025-06-16 13:33,江苏,BlueV,0.8988
5178109549609358,5178109659974101,集微网集成电路,2025-06-16 10:30,江苏,BlueV,0.0315
5178576107737197,5178590058517096,钱局观V,2025-06-17 18:19,上海,RedV,0.0007
5178525155331540,5178568361119860,作手平溪,2025-06-17 16:52,上海,Regular,0.8443
5178177778617143,5178177912572177,集微网集成电路,2025-06-16 15:01,江苏,BlueV,0.0471
5178549344668074,5178652428076320,景气行业研究,2025-06-17 22:26,山东,YellowV,0.7247
5178120610775111,5178120678149414,集微网集成电路,2025-06-16 11:13,江苏,BlueV,0.5885
5178109084568221,5178109206464393,集微网集成电路,2025-06-16 10:28,江苏,BlueV,0.8371
5178576107737197,5178585649514239,羊绒的那些事,2025-06-17 18:01,上海,YellowV,0.0054
5178541025002208,5178565676761687,集微网集成电路,2025-06-17 16:42,江苏,BlueV,0.5885
5178533221501219,5178565658150883,集微网集成电路,2025-06-17 16:42,江苏,BlueV,0.5885
5178537353151886,5178565643733689,集微网集成电路,2025-06-17 16:42,江苏,BlueV,0.5885
5178537673753097,5178565624596839,集微网集成电路,2025-06-17 16:42,江苏,BlueV,0.5885
5178548669121262,5178565603626793,集微网集成电路,2025-06-17 16:41,江苏,BlueV,0.5885
5178549344668074,5178565592876190,集微网集成电路,2025-06-17 16:41,江苏,BlueV,0.5885
5178601952511992,5178637508414330,集微网集成电路,2025-06-17 21:27,江苏,BlueV,0.5885
5178585255254161,5178637474335686,集微网集成电路,2025-06-17 21:27,江苏,BlueV,0.5885
5178600355009861,5178637462274070,集微网集成电路,2025-06-17 21:27,江苏,BlueV,0.5885
5178549825702317,5178565559322109,集微网集成电路,2025-06-17 16:41,江苏,BlueV,0.5885
5178552762500604,5178565540710579,集微网集成电路,2025-06-17 16:41,江苏,BlueV,0.5885
5178539994518019,5178565446601197,集微网集成电路,2025-06-17 16:41,江苏,BlueV,0.5885
5178548279051022,5178565429824247,集微网集成电路,2025-06-17 16:41,江苏,BlueV,0.5885
5178532226927057,5178547001889227,传奇周期,2025-06-17 15:28,广东,Regular,0.9662
5178607518617359,5178637422692149,集微网集成电路,2025-06-17 21:27,江苏,BlueV,0.5885
5178614825878888,5178637391238435,集微网集成电路,2025-06-17 21:27,江苏,BlueV,0.5885
5178634845029497,5178637357419782,集微网集成电路,2025-06-17 21:27,江苏,BlueV,0.5885
5178600355009861,5178636804295697,半导体投资联盟,2025-06-17 21:24,江苏,BlueV,0.9621
5178614463070633,5178636174366811,手机中国联盟官博,2025-06-17 21:22,江苏,BlueV,0.962
5177491866259096,5177492549931781,桂冠诗人喝醉了,2025-06-14 17:38,广东,Regular,0.971
5177491866259096,5177492546521193,丁丁5564965799,2025-06-14 17:37,福建,Regular,0.5214
5177491866259096,5177492543373972,梦溪的霸天下,2025-06-14 17:37,福建,Regular,0.8925
5178104152326428,5178104234380175,集微网集成电路,2025-06-16 10:08,江苏,BlueV,0.5885
5178571691917651,5178574597261451,财商侠客行,2025-06-17 17:17,广东,Regular,0.781
5178477440401468,5178496306647076,一个酒精过敏的美人,2025-06-17 12:06,江西,Regular,0.9973
5178550333213052,5178565396270349,集微网集成电路,2025-06-17 16:41,江苏,BlueV,0.5885
5178477440401468,5178495619564746,力偶2022,2025-06-17 12:03,江西,Regular,0.8401
5178552338351192,5178565377134464,集微网集成电路,2025-06-17 16:41,江苏,BlueV,0.5885
5178552492491099,5178565360619889,集微网集成电路,2025-06-17 16:40,江苏,BlueV,0.5885
5178561741983074,5178565344628573,集微网集成电路,2025-06-17 16:40,江苏,BlueV,0.5885
5178477440401468,5178494728281646,108个熊猫人,2025-06-17 12:00,江西,Regular,0.9992
5178562874704784,5178565332828236,集微网集成电路,2025-06-17 16:40,江苏,BlueV,0.5885
5178552492491099,5178565199136797,半导体投资联盟,2025-06-17 16:40,江苏,BlueV,0.9821
5178539994518019,5178565069114310,半导体投资联盟,2025-06-17 16:39,江苏,BlueV,0.7389
5046391527444925,5178458063505132,鸭家军最强女兵,2025-06-17 09:34,四川,YellowV,0.9953
5178882642674264,5179007729405658,景气行业研究,2025-06-18 21:58,山东,YellowV,0.5793
5178991775323052,5179006079207876,景气行业研究,2025-06-18 21:52,山东,YellowV,0.3146
5178937572852085,5178977627933835,糖果车手,2025-06-18 19:59,上海,Regular,0.9884
5178937766052354,5178977599884584,糖果车手,2025-06-18 19:59,上海,Regular,0.9964
5178942604444434,5178961611198161,享清福ing,2025-06-18 18:55,河北,Regular,0.9956
5178937601688706,5178947507850960,人生更美好111,2025-06-18 17:59,广东,Regular,0.9953
5178932842201672,5179015678923989,银河帝国的骑士,2025-06-18 22:30,北京,Regular,0.9756
5178456364549420,5178528087936596,集微网集成电路,2025-06-17 14:12,江苏,BlueV,0.5885
5178473622799954,5178528074040589,集微网集成电路,2025-06-17 14:12,江苏,BlueV,0.5885
5178473878651697,5178528056478709,集微网集成电路,2025-06-17 14:12,江苏,BlueV,0.5885
5178489294294264,5178528040751158,集微网集成电路,2025-06-17 14:12,江苏,BlueV,0.5885
5178489650283155,5178528027904257,集微网集成电路,2025-06-17 14:12,江苏,BlueV,0.5885
5178502204101284,5178528011653012,集微网集成电路,2025-06-17 14:12,江苏,BlueV,0.5885
5178517304119555,5178527997493341,集微网集成电路,2025-06-17 14:12,江苏,BlueV,0.5885
5178943612653126,5178961262543473,__纷纷宿雾空,2025-06-18 18:54,河北,Regular,0.9932
5178525818028549,5178527982815433,集微网集成电路,2025-06-17 14:12,江苏,BlueV,0.5885
5178526110062680,5178527964992235,集微网集成电路,2025-06-17 14:12,江苏,BlueV,0.5885
5178932539165345,5178960892922814,容可1,2025-06-18 18:52,湖南,Regular,0.9745
5178944228690451,5178960868802671,你也喜欢小猫嘛a,2025-06-18 18:52,新疆,Regular,0.9952
5177766355927413,5177832050262888,集微网集成电路,2025-06-15 16:07,江苏,BlueV,0.5885
5177779943375367,5177832034012270,集微网集成电路,2025-06-15 16:06,江苏,BlueV,0.5885
5177794038596200,5177832017236284,集微网集成电路,2025-06-15 16:06,江苏,BlueV,0.5885
5178215769311089,5178511983641356,阿放真不胖,2025-06-17 13:08,北京,Regular,0.2895
5177810144199560,5177832000720519,集微网集成电路,2025-06-15 16:06,江苏,BlueV,0.5885
5178854596676249,5178854740328671,集微网集成电路,2025-06-18 11:50,江苏,BlueV,0.5885
5177093503582375,5177463765206381,贾佳HondaYes,2025-06-14 15:43,北京,GoldV,0.0143
5177429631959420,5177461060928683,她叫我二毛,2025-06-14 15:32,福建,Regular,0.0039
5178932842201672,5178946275773103,先生的美貌呢,2025-06-18 17:54,四川,Regular,0.9885
5178937601688706,5178946246149023,不如叫猪古力,2025-06-18 17:54,广东,Regular,0.9953
5178937601688706,5178946180088567,-YangyAngzzz,2025-06-18 17:54,山西,Regular,0.9948
5178932842201672,5178945402045113,小媛在上课,2025-06-18 17:51,四川,Regular,0.9895
5178932842201672,5178945133614225,初之心-,2025-06-18 17:50,四川,Regular,0.9232
5178556880519722,5178928129905495,微博职校生,2025-06-18 16:42,,BlueV,0.9761
5178472935723093,5178527953715945,集微网集成电路,2025-06-17 14:12,江苏,BlueV,0.5885
5178473198912941,5178527935628294,集微网集成电路,2025-06-17 14:12,江苏,BlueV,0.5885
5178502204101452,5178527889754659,集微网集成电路,2025-06-17 14:12,江苏,BlueV,0.5885
5178525649733837,5178527856989492,集微网集成电路,2025-06-17 14:11,江苏,BlueV,0.5885
5178489504007326,5178527529832167,半导体投资联盟,2025-06-17 14:10,江苏,BlueV,0.5468
5177823066065994,5177831946718389,集微网集成电路,2025-06-15 16:06,江苏,BlueV,0.5885
5177829445866318,5177831929156514,集微网集成电路,2025-06-15 16:06,江苏,BlueV,0.5885
5177829731339695,5177831913162105,集微网集成电路,2025-06-15 16:06,江苏,BlueV,0.5885
5178942606541148,5178960833151965,你也喜欢小猫嘛a,2025-06-18 18:52,新疆,Regular,0.9864
5177794038071630,5177831862831819,集微网集成电路,2025-06-15 16:06,江苏,BlueV,0.5885
5178943612653126,5178960793043758,容可1,2025-06-18 18:52,湖南,Regular,0.9858
5177810142626465,5177831849460047,集微网集成电路,2025-06-15 16:06,江苏,BlueV,0.5885
5177815177888971,5177831777634777,集微网集成电路,2025-06-15 16:05,江苏,BlueV,0.5885
5178937601688706,5178944569213034,尘世美小爽_572,2025-06-18 17:47,河北,Regular,0.9967
5178798153663030,5178944396724520,隐庭深浅,2025-06-18 17:47,辽宁,Regular,0.4358
5178941845274793,5178944245990887,落汤口苗,2025-06-18 17:46,安徽,Regular,0.9958
5178992383494387,5179009598230151,财金发_英拼中文顺利转换,2025-06-18 22:06,广东,Regular,0.1242
5178941845274793,5178944213225954,卞玉栋,2025-06-18 17:46,北京,Regular,0.9962
5178941845274793,5178944203786183,奋斗的小曹,2025-06-18 17:46,山西,Regular,0.996
5178473878651697,5178527252481236,半导体投资联盟,2025-06-17 14:09,江苏,BlueV,0.0997
5178942604444434,5178960413464136,x茉莉8888,2025-06-18 18:50,陕西,YellowV,0.9967
5177829055529450,5177831688769418,集微网集成电路,2025-06-15 16:05,江苏,BlueV,0.5885
5177829298802458,5177831673302585,集微网集成电路,2025-06-15 16:05,江苏,BlueV,0.5885
5178942606016824,5178960368896447,甜甜的甜甜圈oo,2025-06-18 18:50,新疆,Regular,0.9842
5177829055529450,5177831298695520,半导体投资联盟,2025-06-15 16:04,江苏,BlueV,0.9694
5178969390584395,5178970016320735,CHINA_ZhangMN,2025-06-18 19:28,湖北,Regular,0.9958
5178937572852481,5178960335340768,甜甜的甜甜圈oo,2025-06-18 18:50,新疆,Regular,0.9963
5178942844572933,5178960296023257,甜甜的甜甜圈oo,2025-06-18 18:50,新疆,Regular,0.989
5177829445866318,5177831028163079,半导体投资联盟,2025-06-15 16:02,江苏,BlueV,0.9913
5178942606016824,5178960201911952,心动林初,2025-06-18 18:49,新疆,Regular,0.9332
5177438679859475,5177444438116510,己已斋,2025-06-14 14:26,江苏,Regular,0.004
5178937601688706,5178943717511034,皓皓琪琪520,2025-06-18 17:44,黑龙江,Regular,0.9911
5178932842201672,5178943268981690,容可1,2025-06-18 17:42,湖南,Regular,0.9948
5178937601688706,5178943005268141,Kawyi樱桃味棉花糖,2025-06-18 17:41,河北,Regular,0.9942
5178879438493132,5178895074854362,进击ing的韭菜,2025-06-18 14:31,辽宁,Regular,0.5885
5178832472509316,5178846309254839,财航木子,2025-06-18 11:17,湖北,Regular,0.2133
5178621775315824,5178846133355568,星辰大海靠舵手,2025-06-18 11:16,湖北,Regular,0.5
5178882098465652,5178882966687286,集微网知识产权,2025-06-18 13:43,上海,BlueV,0.5885
5178882098465652,5178882913207283,集微网本土IC,2025-06-18 13:42,上海,BlueV,0.5885
5177438679859475,5177439236132422,Rex牙醫,2025-06-14 14:06,北京,Regular,0.9347
5178937572852481,5178960163376864,心动林初,2025-06-18 18:49,新疆,Regular,0.0288
5178942606016824,5178960141096158,本份赚钱,2025-06-18 18:49,广东,Regular,0.9962
5178942844572933,5178960130607589,心动林初,2025-06-18 18:49,新疆,Regular,0.9872
5178942844572933,5178960062712775,甜心糖果小奶喵,2025-06-18 18:49,河北,Regular,0.9956
5178942606016824,5178960037546781,过野野野野野,2025-06-18 18:49,新疆,Regular,0.6946
5178942844572933,5178960025223660,蛋吉宝,2025-06-18 18:49,云南,Regular,0.5551
5178937572852481,5178960000322456,过野野野野野,2025-06-18 18:49,新疆,Regular,0.995
5178942844572933,5178959962312144,过野野野野野,2025-06-18 18:48,新疆,Regular,0.9955
5178937766052354,5178942132588969,台灯--tablelamp,2025-06-18 17:38,山东,Regular,0.9968
5178882098465652,5178882514749257,半导体投资联盟,2025-06-18 13:41,上海,BlueV,0.5885
5178882098465652,5178882450001635,手机中国联盟官博,2025-06-18 13:40,上海,BlueV,0.5885
5178882098465652,5178882401765866,集微网官方微博,2025-06-18 13:40,,BlueV,0.9633
5178942844572933,5178959819440523,超级可爱的兔儿,2025-06-18 18:48,河北,Regular,0.9956
5178937572852481,5178959789556695,安安推书,2025-06-18 18:48,新疆,Regular,0.6253
5178942606016824,5178959514047142,大大奖励我,2025-06-18 18:47,广东,Regular,0.9968
5178942844572933,5178959416791857,简简单单就好兰秀,2025-06-18 18:46,山东,Regular,0.9931
5178942606541148,5178959207599059,墙头多多本命一个昵称,2025-06-18 18:45,内蒙古,Regular,0.9898
5178942606541148,5178959010731316,巨饿今天吃啥啊,2025-06-18 18:45,浙江,Regular,0.9691
5178937766052354,5178941986048487,eleven幻想家,2025-06-18 17:37,山东,Regular,0.9869
5178937766052354,5178941977398072,为什么突然不笑了呢,2025-06-18 17:37,山东,Regular,0.9278
5178937572852085,5178941903995315,Catheese_1,2025-06-18 17:37,山东,Regular,0.3965
5178932539165345,5178941879880952,Filbert-F,2025-06-18 17:37,河南,Regular,0.9941
5178937766052354,5178941804906631,摇义摇呀,2025-06-18 17:36,山西,Regular,0.9957
5178937774440929,5178941782624886,Catheese_1,2025-06-18 17:36,山东,Regular,0.9856
5178872469655264,5178892736531541,净无暇,2025-06-18 14:21,浙江,Regular,0.6151
5178843766983268,5178843901199692,集微网集成电路,2025-06-18 11:07,江苏,BlueV,0.5885
5179269602607868,5179369643578719,景气行业研究,2025-06-19 21:56,山东,YellowV,0.0738
5178815007164811,5178815082661842,集微网集成电路,2025-06-18 09:13,江苏,BlueV,0.9228
5177799318962318,5177800409221844,7万小时17年交易者2,2025-06-15 14:01,江苏,RedV,0.2151
5178937766052354,5178978138591960,雷霆飞驰战车,2025-06-18 20:01,上海,Regular,0.996
5178942844572933,5178959009679799,达布溜达布溜达布溜,2025-06-18 18:45,广东,Regular,0.9956
5178942606541148,5178958813334744,简简单单就好兰秀,2025-06-18 18:44,山东,Regular,0.0149
5178942606541148,5178958787380180,你好天真_,2025-06-18 18:44,山西,Regular,0.1764
5178937571280552,5178941593618507,古城晓娟,2025-06-18 17:35,山西,YellowV,0.9242
5178937766052354,5178941569499249,张笑笑极雅,2025-06-18 17:35,四川,Regular,0.9731
5178937774440929,5178941568451444,Gentle小夏,2025-06-18 17:35,山东,Regular,0.9965
5178880604245048,5178880702287252,集微网集成电路,2025-06-18 13:34,江苏,BlueV,0.9228
5178814363863478,5178814483137950,集微网集成电路,2025-06-18 09:10,江苏,BlueV,0.8402
5179203797386567,5179364124660263,集微网集成电路,2025-06-19 21:34,江苏,BlueV,0.5885
5177397180894743,5177411591475355,博看博听,2025-06-14 12:16,广东,Regular,0.5885
5179264142150911,5179364092415746,集微网集成电路,2025-06-19 21:34,江苏,BlueV,0.5885
5179287646245720,5179364075639295,集微网集成电路,2025-06-19 21:34,江苏,BlueV,0.5885
5174501207969239,5177784521458904,Marguerite_WilliamS,2025-06-15 12:58,福建,Regular,0.8481
5179346224153908,5179376243312577,守正出奇的海豹,2025-06-19 22:23,江苏,Regular,0.3194
5178937766052354,5178941393338725,女神范的事小瑗,2025-06-18 17:35,内蒙古,Regular,0.9822
5178937766052354,5178941363198235,坡头区网瘾少年,2025-06-18 17:35,河北,Regular,0.9956
5178938897730319,5178941305259306,小Y要发财咯lo,2025-06-18 17:34,江苏,Regular,0.9856
5178937766052354,5178941275899560,哦哟不得了22,2025-06-18 17:34,山东,Regular,0.9959
5178937766052354,5178941255713122,伤心的小猫咪o,2025-06-18 17:34,湖北,Regular,0.9964
5178937766052354,5178978035568528,飞车行驶在未来,2025-06-18 20:00,上海,Regular,0.9959
5179209363489379,5179364057552063,集微网集成电路,2025-06-19 21:34,江苏,BlueV,0.5885
5179240567800279,5179364012202032,集微网集成电路,2025-06-19 21:34,江苏,BlueV,0.5885
5179249276488864,5179363966063748,集微网集成电路,2025-06-19 21:34,江苏,BlueV,0.5885
5179261397766589,5179363949806397,集微网集成电路,2025-06-19 21:34,江苏,BlueV,0.5885
5179262916100492,5179363932244451,集微网集成电路,2025-06-19 21:34,江苏,BlueV,0.5885
5179263521131988,5179363915992820,集微网集成电路,2025-06-19 21:34,江苏,BlueV,0.5885
5179269602607868,5179363885581842,集微网集成电路,2025-06-19 21:34,江苏,BlueV,0.5885
5173623449190721,5178913958661104,文欧价值,2025-06-18 15:46,广东,RedV,0.4667
5179263940296793,5179347203787301,薛国城北徐公,2025-06-19 20:27,浙江,Regular,0.9223
5178942606541148,5178955453695220,哈翘啊,2025-06-18 18:31,广东,Regular,0.997
5178868367102591,5178879853727892,半导体投资联盟,2025-06-18 13:30,江苏,BlueV,0.8316
5178832472509316,5178879683332737,财航木子,2025-06-18 13:29,湖北,Regular,0.1563
5179287265084069,5179363869594133,集微网集成电路,2025-06-19 21:33,江苏,BlueV,0.5885
5179312292495900,5179363836301218,集微网集成电路,2025-06-19 21:33,江苏,BlueV,0.5885
5179326635180848,5179363818999942,集微网集成电路,2025-06-19 21:33,江苏,BlueV,0.5885
5179338808098877,5179363802223268,集微网集成电路,2025-06-19 21:33,江苏,BlueV,0.5885
5179339357555600,5179363784137441,集微网集成电路,2025-06-19 21:33,江苏,BlueV,0.5885
5179339494659763,5179363767096359,集微网集成电路,2025-06-19 21:33,江苏,BlueV,0.5885
5179360076104741,5179363735115020,集微网集成电路,2025-06-19 21:33,江苏,BlueV,0.5885
5178937766052354,5178941187818016,111贤惠樱桃折星星,2025-06-18 17:34,山东,Regular,0.9927
5179360315447484,5179363722790803,集微网集成电路,2025-06-19 21:33,江苏,BlueV,0.5885
5178938897730319,5178941116776799,歪-歪-Y,2025-06-18 17:34,江苏,Regular,0.9805
5179187234081268,5179203411512278,集微网集成电路,2025-06-19 10:56,江苏,BlueV,0.5885
5179188060623246,5179203382412863,集微网集成电路,2025-06-19 10:56,江苏,BlueV,0.5885
5179188302579549,5179203365374037,集微网集成电路,2025-06-19 10:56,江苏,BlueV,0.5885
5177396552007789,5177398422930028,集微网集成电路,2025-06-14 11:23,上海,BlueV,0.5885
5177394285512037,5177398405631786,集微网集成电路,2025-06-14 11:23,上海,BlueV,0.5885
5177382324929018,5177398392785972,集微网集成电路,2025-06-14 11:23,上海,BlueV,0.5885
5178946570420997,5178954115713636,简简单单就好兰秀,2025-06-18 18:25,山东,Regular,0.985
5178915559838485,5179245174983124,韩美之神,2025-06-19 13:42,河北,Regular,0.9614
5179249046588189,5179363672722770,集微网集成电路,2025-06-19 21:33,江苏,BlueV,0.5885
5179261708404317,5179363638909392,集微网集成电路,2025-06-19 21:33,江苏,BlueV,0.5885
5179190575891660,5179203349644378,集微网集成电路,2025-06-19 10:56,江苏,BlueV,0.5885
5179263940296793,5179363624485071,集微网集成电路,2025-06-19 21:32,江苏,BlueV,0.5885
5179269820974074,5179363609806046,集微网集成电路,2025-06-19 21:32,江苏,BlueV,0.5885
5179287047243036,5179363591981785,集微网集成电路,2025-06-19 21:32,江苏,BlueV,0.5885
5179193731320736,5179203319759203,集微网集成电路,2025-06-19 10:55,江苏,BlueV,0.5885
5179287410053753,5179363575729157,集微网集成电路,2025-06-19 21:32,江苏,BlueV,0.5885
5179198378872724,5179203303246521,集微网集成电路,2025-06-19 10:55,江苏,BlueV,0.5885
5179188060623246,5179202921302524,半导体投资联盟,2025-06-19 10:54,江苏,BlueV,0.5885
5179222916072022,5179327169170220,醋溜百财,2025-06-19 19:08,山东,Regular,0.9919
5178937572854255,5178940990949047,土生土长邢台人,2025-06-18 17:33,河北,Regular,0.9929
5178946570420997,5178952505365451,啊星星星xing,2025-06-18 18:19,广东,Regular,0.8089
5179194025443929,5179226958337229,REALWATERQUEEN,2025-06-19 12:29,广东,Regular,0.0157
5178946570420997,5178952115030552,sunshine白勺白勺,2025-06-18 18:17,山东,Regular,0.9814
5178946570420997,5178951883819107,台灯--tablelamp,2025-06-18 18:16,山东,Regular,0.9963
5179181407146229,5179202661253876,集微网集成电路,2025-06-19 10:53,江苏,BlueV,0.5885
5179190731344764,5179202626390257,集微网集成电路,2025-06-19 10:53,江苏,BlueV,0.5885
5179191164141965,5179202611187969,集微网集成电路,2025-06-19 10:53,江苏,BlueV,0.5885
5179191408198589,5179202597028402,集微网集成电路,2025-06-19 10:53,江苏,BlueV,0.5885
5178910184312036,5178910262166515,集微网集成电路,2025-06-18 15:31,江苏,BlueV,0.807
5179194344211528,5179202581037739,集微网集成电路,2025-06-19 10:53,江苏,BlueV,0.5885
5179197438823595,5179202565573053,集微网集成电路,2025-06-19 10:52,江苏,BlueV,0.5885
5179338364292393,5179363512814976,集微网集成电路,2025-06-19 21:32,江苏,BlueV,0.5885
5179197676850518,5179202552988062,集微网集成电路,2025-06-19 10:52,江苏,BlueV,0.5885
5179338971679260,5179363477687205,集微网集成电路,2025-06-19 21:32,江苏,BlueV,0.5885
5179198190391147,5179202535162028,集微网集成电路,2025-06-19 10:52,江苏,BlueV,0.5885
5179339185588845,5179363462222016,集微网集成电路,2025-06-19 21:32,江苏,BlueV,0.5885
5179338364292393,5179362883667117,半导体投资联盟,2025-06-19 21:30,江苏,BlueV,0.8947
5178932544144058,5178939414154641,偶遇不如重逢,2025-06-18 17:27,贵州,YellowV,0.9382
5178937601688706,5178950332449738,开心快乐每一天1515,2025-06-18 18:10,吉林,Regular,0.9911
5178937984420204,5178950138726332,一生努力进,2025-06-18 18:09,广东,Regular,0.9969
5178937601688706,5178949865832998,一生努力进,2025-06-18 18:08,广东,Regular,0.9977
5178832472509316,5178876843527771,财航木子,2025-06-18 13:18,湖北,Regular,0.2026
5178172339655736,5179155320670514,Vagen谛,2025-06-19 07:45,山东,Regular,0.5885
5179263940296793,5179362389263672,半导体投资联盟,2025-06-19 21:28,江苏,BlueV,0.9103
5179200408913085,5179202519434084,集微网集成电路,2025-06-19 10:52,江苏,BlueV,0.5885
5179190731344764,5179202246803980,半导体投资联盟,2025-06-19 10:51,江苏,BlueV,0.9639
5179158135309658,5179187779603527,夏日梦鱼,2025-06-19 09:54,宁夏,Regular,0.9961
5177748672744493,5177755064077469,集微网集成电路,2025-06-15 11:01,江苏,BlueV,0.5885
5177751713874448,5177754446200883,集微网集成电路,2025-06-15 10:58,江苏,BlueV,0.5885
5178934228681980,5178938650789928,鲸鱼天天开心呀,2025-06-18 17:24,新疆,YellowV,0.9853
5178933798502828,5178938464931699,炎亚炎火,2025-06-18 17:23,广东,Regular,0.9337
5178942844572933,5178948097151736,抠门姐的好物,2025-06-18 18:01,湖北,Regular,0.91
5179188060623246,5179201411093429,手机中国联盟官博,2025-06-19 10:48,江苏,BlueV,0.8374
5177751058778508,5177754376994843,集微网集成电路,2025-06-15 10:58,江苏,BlueV,0.5885
5177752051254989,5177754360217893,集微网集成电路,2025-06-15 10:58,江苏,BlueV,0.5885
5177753015945943,5177754343178619,集微网集成电路,2025-06-15 10:58,江苏,BlueV,0.5885
5177709244451368,5177750998486895,教授老头,2025-06-15 10:44,江苏,RedV,0.5885
5178932842201672,5178937950341648,哦哟不得了22,2025-06-18 17:21,山东,Regular,0.9872
5178932842201672,5178937807733920,一叶知秋宛如,2025-06-18 17:20,四川,Regular,0.993
5177709244451368,5177748633159114,金陵郭健,2025-06-15 10:35,江苏,YellowV,0.8902
5178932842201672,5178937531434369,花花胖哒,2025-06-18 17:19,湖南,Regular,0.9995
5178932842201672,5178937527504316,小呆晕ie,2025-06-18 17:19,新疆,YellowV,0.9925
5178932886505370,5178937512561216,多次拒绝陈道明,2025-06-18 17:19,山东,YellowV,0.4798
5108378034507164,5179686959186737,蝶尾雨,2025-06-20 18:57,安徽,Regular,0.5885
5179727998354831,5179728432470281,集微网集成电路,2025-06-20 21:42,上海,BlueV,0.5885
5179727872525879,5179728422243996,集微网集成电路,2025-06-20 21:42,上海,BlueV,0.5885
5179727750633766,5179728407562612,集微网集成电路,2025-06-20 21:42,上海,BlueV,0.5885
5179727590458966,5179728396812569,集微网集成电路,2025-06-20 21:42,上海,BlueV,0.5885
5179727590458966,5179728359068096,半导体投资联盟,2025-06-20 21:42,上海,BlueV,0.7042
5179721885159190,5179727824296806,八卦街道办合同工丨,2025-06-20 21:40,安徽,Regular,0.1016
5177347995075678,5177359753808274,归来已不是少年叻,2025-06-14 08:50,广西,Regular,0.8959
5179028726088968,5179038323967656,让我宋你一朵小红花,2025-06-19 00:00,陕西,Regular,0.9771
5178933798240579,5178937290264508,多次拒绝陈道明,2025-06-18 17:18,山东,YellowV,0.8915
5178932886505370,5178937266671121,嗑睡不瞌睡,2025-06-18 17:18,江苏,Regular,0.966
5179560665550280,5179626423846337,lesliesay,2025-06-20 14:57,中国香港,RedV,0.9641
5179560665550280,5179607273964237,坏坏的邻居,2025-06-20 13:41,广东,Regular,0.5885
5179721885159190,5179727371573942,我不是大西花,2025-06-20 21:38,安徽,Regular,0.0061
5179652029284849,5179726319585101,crhubei,2025-06-20 21:34,湖北,Regular,0.5
5179560665550280,5179708966706166,lesliesay,2025-06-20 20:25,中国香港,RedV,0.3001
5179706693655541,5179707722831558,lan洋葱,2025-06-20 20:20,江西,Regular,0.9906
5176135719062968,5177732874897122,桑桑桑葚,2025-06-15 09:32,广东,Regular,0.781
5179191337420079,5179197703064154,小蜗牛chen,2025-06-19 10:33,湖北,Regular,0.1242
5179679963349730,5179692415982358,集微网集成电路,2025-06-20 19:19,上海,BlueV,0.5885
5179690556065271,5179692392384323,集微网集成电路,2025-06-20 19:19,上海,BlueV,0.5885
5178932842201672,5178937195891007,星河流转月,2025-06-18 17:18,新疆,YellowV,0.9615
5178932539688498,5178937187501158,伤心的小猫咪o,2025-06-18 17:18,湖北,Regular,0.9932
5179721885159190,5179736236233303,零一六五三,2025-06-20 22:13,黑龙江,Regular,0.9584
5178932842201672,5178937148966044,熊熊熊出,2025-06-18 17:18,新疆,Regular,0.7981
5178932539688498,5178937015271505,要幸福aaa,2025-06-18 17:17,陕西,Regular,0.9571
5178932842201672,5178936902551408,小Y要发财咯lo,2025-06-18 17:17,江苏,Regular,0.9836
5178932842201672,5178936884724074,鹅鹅鹅wd,2025-06-18 17:17,湖南,Regular,0.9729
5179560665550280,5179624977596816,lesliesay,2025-06-20 14:51,中国香港,RedV,0.5632
5179560665550280,5179606240067614,lesliesay,2025-06-20 13:37,中国香港,RedV,0.7254
5179721885159190,5179725127614968,喵不爱次狗粮,2025-06-20 21:29,安徽,Regular,0.834
5179689362784660,5179692337858088,集微网集成电路,2025-06-20 19:19,上海,BlueV,0.5885
5178932842201672,5178936859824453,早安甜甜甜,2025-06-18 17:17,新疆,YellowV,0.9965
5178932842201672,5178936817356605,ai冰美式bing,2025-06-18 17:17,湖北,Regular,0.7789
5179689071020374,5179692307974871,集微网集成电路,2025-06-20 19:19,上海,BlueV,0.5885
5178932842201672,5178936717740088,馋酒桃花,2025-06-18 17:16,湖南,Regular,0.9961
5179688864449142,5179692295651612,集微网集成电路,2025-06-20 19:18,上海,BlueV,0.5885
5178932842201672,5178936683397257,陀思妥耶夫斯基yiyi,2025-06-18 17:16,山西,Regular,0.9528
5179688458650132,5179692264984728,集微网集成电路,2025-06-20 19:18,上海,BlueV,0.5885
5178934228681980,5178936650631794,懿炽-,2025-06-18 17:16,江苏,Regular,0.981
5179560665550280,5179673271077216,葡萄vs芒果,2025-06-20 18:03,上海,Regular,0.0881
5179688295341907,5179692252660357,集微网集成电路,2025-06-20 19:18,上海,BlueV,0.5885
5047462180160936,5179672539173128,张一元的茉莉花,2025-06-20 18:00,河北,Regular,0.9648
5179156846347548,5179165293940307,咬不烂的老韭菜,2025-06-19 08:24,四川,Regular,0.5014
5179525848891934,5179593800550393,财经高见,2025-06-20 12:47,上海,Regular,0.9045
5179687175193107,5179692187387429,集微网集成电路,2025-06-20 19:18,上海,BlueV,0.5885
5179686902040396,5179692158289504,集微网集成电路,2025-06-20 19:18,上海,BlueV,0.5885
5179679967543652,5179692144919166,集微网集成电路,2025-06-20 19:18,上海,BlueV,0.5885
5179649765937145,5179692094587397,集微网集成电路,2025-06-20 19:18,上海,BlueV,0.5885
5178932842201672,5178936570151379,wahyakmmkiplkl,2025-06-18 17:16,上海,Regular,0.9812
5179636612337795,5179637040415801,集微网集成电路,2025-06-20 15:39,上海,BlueV,0.5885
5178932842201672,5178936466080036,糯米粥达人,2025-06-18 17:15,河北,Regular,0.9904
5178932842201672,5178936416011715,偷心大冤家,2025-06-18 17:15,河北,Regular,0.9953
5153770250437084,5179549188884960,倩男游神,2025-06-20 09:50,浙江,GoldV,0.2243
5179686902040396,5179691887497035,半导体投资联盟,2025-06-20 19:17,上海,BlueV,0.9616
5171954831069391,5179549147203068,早鸟归林,2025-06-20 09:50,辽宁,Regular,0.8991
5178915559838485,5179193780339395,名剪炫发,2025-06-19 10:18,湖南,Regular,0.9877
4765191885294929,5177631462654250,银卓金融YZ银卓法律,2025-06-15 02:49,广东,BlueV,0.5181
5179616798444519,5179617225998648,集微网集成电路,2025-06-20 14:20,上海,BlueV,0.5885
5131070317792488,5179561113292467,投资N视角,2025-06-20 10:37,广东,Regular,0.9529
5178798153663030,5179440311305410,波衣,2025-06-20 02:37,江西,Regular,0.3939
5178915559838485,5179193362219503,知心慧语,2025-06-19 10:16,浙江,Regular,0.9808
5178915559838485,5179192788386829,壹生晴宝,2025-06-19 10:14,安徽,Regular,0.989
5178915559838485,5179192763482835,暮光之城雨之,2025-06-19 10:14,广东,Regular,0.959
5179560665550280,5179630245381117,坏坏的邻居,2025-06-20 15:12,广东,Regular,0.9962
5179616248726641,5179617196902559,集微网集成电路,2025-06-20 14:20,上海,BlueV,0.5885
5179545328288244,5179559680412090,集微网集成电路,2025-06-20 10:32,上海,BlueV,0.5885
5179544570954804,5179559664158497,集微网集成电路,2025-06-20 10:31,上海,BlueV,0.5885
5179543062839866,5179559649477020,集微网集成电路,2025-06-20 10:31,上海,BlueV,0.5885
5179544071831578,5179559632703831,集微网集成电路,2025-06-20 10:31,上海,BlueV,0.5885
5179527614433979,5179559609369823,集微网集成电路,2025-06-20 10:31,上海,BlueV,0.5885
5179575047030567,5179575396730700,加油风会来,2025-06-20 11:34,浙江,Regular,0.024
5178832472509316,5179192456776329,财航木子,2025-06-19 10:12,湖北,Regular,0.3131
5179560665550280,5179629029294980,lesliesay,2025-06-20 15:07,中国香港,RedV,0.9967
5179526711872016,5179612640315586,日经中文网,2025-06-20 14:02,,BlueV,0.9712
5179527489914730,5179559596785919,集微网集成电路,2025-06-20 10:31,上海,BlueV,0.5885
5179527315849659,5179559580011922,集微网集成电路,2025-06-20 10:31,上海,BlueV,0.5885
5179558823461733,5179559554319486,集微网集成电路,2025-06-20 10:31,上海,BlueV,0.5885
5179558585696753,5179559536236245,集微网集成电路,2025-06-20 10:31,上海,BlueV,0.5885
5179558823461733,5179559466765826,半导体投资联盟,2025-06-20 10:31,上海,BlueV,0.9206
5179984911009429,5180019044254479,湘香8155,2025-06-21 16:57,江苏,Regular,0.0371
5179984911009429,5180017797759323,湘香8155,2025-06-21 16:52,江苏,Regular,0.0434
5180040339524995,5180058937590149,景气行业研究,2025-06-21 19:35,山东,YellowV,0.7973
5180026502250507,5180100451504748,景气行业研究,2025-06-21 22:20,山东,YellowV,0.5885
5180040086294466,5180051830345260,集微网集成电路,2025-06-21 19:07,上海,BlueV,0.5885
5180024736712272,5180051793380219,集微网集成电路,2025-06-21 19:07,上海,BlueV,0.5885
5180056445388682,5180095257905966,集微网集成电路,2025-06-21 22:00,上海,BlueV,0.5885
5180055690415490,5180095241392793,集微网集成电路,2025-06-21 22:00,上海,BlueV,0.5885
5179525848891934,5179571487639469,财经高见,2025-06-20 11:18,上海,Regular,0.0012
5180041597555080,5180051696915227,集微网集成电路,2025-06-21 19:07,上海,BlueV,0.5885
5180041092926895,5180051683545117,集微网集成电路,2025-06-21 19:07,上海,BlueV,0.5885
5180040339524995,5180051672794921,集微网集成电路,2025-06-21 19:07,上海,BlueV,0.5885
5180024992038991,5180051645530838,集微网集成电路,2025-06-21 19:06,上海,BlueV,0.5885
5180011648913973,5180051613027057,集微网集成电路,2025-06-21 19:06,上海,BlueV,0.5885
5178915559838485,5179190787443303,Drew大叔11,2025-06-19 10:06,福建,Regular,0.982
5179927018078590,5179968827166521,崔超Colin,2025-06-21 13:37,北京,Regular,0.993
5171954831069391,5179555421619904,早鸟归林,2025-06-20 10:15,辽宁,Regular,0.0679
5179567763098943,5179568486880317,集微网集成电路,2025-06-20 11:07,上海,BlueV,0.5885
5179567763098943,5179568413217967,半导体投资联盟,2025-06-20 11:06,上海,BlueV,0.9452
5180011648913973,5180051284824530,半导体投资联盟,2025-06-21 19:05,上海,BlueV,0.9431
5179525848891934,5179848906769025,Hs0216,2025-06-21 05:41,北京,Regular,0.5885
5178915559838485,5179190661614080,小小菲菲儿-,2025-06-19 10:05,四川,Regular,0.9908
5178544520955720,5179553248969172,固态T神,2025-06-20 10:06,北京,Regular,0.1878
5179525848891934,5179901909927493,百年未有之大变局见证者之一,2025-06-21 09:11,湖南,Regular,0.5
5180041597555080,5180051122816307,半导体投资联盟,2025-06-21 19:04,上海,BlueV,0.4
5172046495219979,5179962640040753,郑州铁院无线电协会,2025-06-21 13:13,河南,BlueV,0.7401
5180454621675861,5180454769789874,集微网集成电路,2025-06-22 21:48,江苏,BlueV,0.5885
5179927520608643,5179929666785336,集微网集成电路,2025-06-21 11:02,上海,BlueV,0.5885
5179927374332857,5179929656559927,集微网集成电路,2025-06-21 11:02,上海,BlueV,0.5885
5179927172219595,5179929642927374,集微网集成电路,2025-06-21 11:02,上海,BlueV,0.5885
5180320915915832,5180333575901806,超穷集,2025-06-22 13:47,广东,Regular,0.7383
5179927018078590,5179929626152570,集微网集成电路,2025-06-21 11:02,上海,BlueV,0.5885
5180096834967965,5180289227689087,还是无敌夹炉石,2025-06-22 10:51,浙江,Regular,0.5885
5180284846739360,5180285328293967,集微网集成电路,2025-06-22 10:35,江苏,BlueV,0.5885
5180284846739360,5180285285044357,手机中国联盟官博,2025-06-22 10:35,江苏,BlueV,0.5885
5180419702263034,5180420480045779,集微网集成电路,2025-06-22 19:32,江苏,BlueV,0.5885
5180419928490988,5180420467459804,集微网集成电路,2025-06-22 19:32,江苏,BlueV,0.5885
5180315905037325,5180362650028282,集微网集成电路,2025-06-22 15:42,江苏,BlueV,0.5885
5180319176590388,5180362486976527,集微网集成电路,2025-06-22 15:42,江苏,BlueV,0.5885
5180331512824408,5180362472817034,集微网集成电路,2025-06-22 15:42,江苏,BlueV,0.5885
5180284846739360,5180285265642057,集微网官方微博,2025-06-22 10:35,,BlueV,0.9506
5180284257701630,5180285097872163,集微网集成电路,2025-06-22 10:34,江苏,BlueV,0.5885
5180077060917888,5180387317514904,棉鞋最保暖,2025-06-22 17:20,浙江,Regular,0.0019
5180420137157830,5180420251718471,集微网集成电路,2025-06-22 19:31,江苏,BlueV,0.5885
5180416027525441,5180418175011708,集微网集成电路,2025-06-22 19:23,江苏,BlueV,0.5885
5180416618398173,5180418141196427,集微网集成电路,2025-06-22 19:23,江苏,BlueV,0.5885
5180395932619003,5180460818502491,景气行业研究,2025-06-22 22:12,山东,YellowV,0.5885
5180444334887093,5180445554639859,集微网集成电路,2025-06-22 21:12,江苏,BlueV,0.5885
5180369521607415,5180369628564838,集微网集成电路,2025-06-22 16:10,江苏,BlueV,0.5885
5180363187686911,5180369361436855,集微网集成电路,2025-06-22 16:09,江苏,BlueV,0.5885
5180363041145614,5180368973990761,集微网集成电路,2025-06-22 16:07,江苏,BlueV,0.5885
5180416231473435,5180417410075258,集微网集成电路,2025-06-22 19:20,江苏,BlueV,0.5885
5180403481838468,5180415466016438,集微网集成电路,2025-06-22 19:12,江苏,BlueV,0.5885
5180403481838468,5180415442682712,半导体投资联盟,2025-06-22 19:12,江苏,BlueV,0.5885
5180403481838468,5180415352769231,手机中国联盟官博,2025-06-22 19:12,江苏,BlueV,0.4364
5180774481662220,5180774544052850,集微网集成电路,2025-06-23 18:59,江苏,BlueV,0.5885
5180773325865050,5180773397432385,集微网集成电路,2025-06-23 18:54,江苏,BlueV,0.8875
5180713545503100,5180713959690561,集微网集成电路,2025-06-23 14:58,江苏,BlueV,0.5885
5180403481838393,5180415100848136,集微网集成电路,2025-06-22 19:11,江苏,BlueV,0.5885
5180727304128074,5180727651732280,集微网集成电路,2025-06-23 15:53,江苏,BlueV,0.5885
5180725793918186,5180727142383884,集微网集成电路,2025-06-23 15:51,江苏,BlueV,0.5885
5180725793918186,5180727113026468,手机中国联盟官博,2025-06-23 15:51,江苏,BlueV,0.5885
5176365414614405,5180697289426496,大脸晒太阳,2025-06-23 13:52,辽宁,Regular,0.0823
5180725793918186,5180727086025901,集微网官方微博,2025-06-23 15:50,,BlueV,0.1552
5180710937431697,5180711058539396,集微网集成电路,2025-06-23 14:47,江苏,BlueV,0.5885
5180630293285903,5180696475992211,用户6405850867,2025-06-23 13:49,广东,Regular,0.5885
5180648514125859,5180680491501886,坏坏的邻居,2025-06-23 12:45,广东,Regular,0.5885
5181195637757259,5181195773809068,集微网集成电路,2025-06-24 22:53,江苏,BlueV,0.5885
5181195637757259,5181195735798975,半导体投资联盟,2025-06-24 22:53,江苏,BlueV,0.7476
5180708870161484,5180709216979102,集微网集成电路,2025-06-23 14:39,江苏,BlueV,0.5885
5181181276720519,5181181680423692,半导体投资联盟,2025-06-24 21:57,上海,BlueV,0.5885
5181181276720519,5181181596800442,手机中国联盟官博,2025-06-24 21:56,上海,BlueV,0.9536
5180648514125859,5180679115506348,lesliesay,2025-06-23 12:40,中国香港,RedV,0.103
5180622618496385,5180679098991125,黄永耀,2025-06-23 12:40,广东,YellowV,0.7155
5179582661526148,5180678930960508,蛊市无贼,2025-06-23 12:39,上海,Regular,0.0529
5180793443321201,5180793538479909,集微网集成电路,2025-06-23 20:14,江苏,BlueV,0.9602
5180649950677398,5180650439051525,集微网集成电路,2025-06-23 10:46,江苏,BlueV,0.5885
5180779279680220,5180779388733856,集微网集成电路,2025-06-23 19:18,江苏,BlueV,0.5885
5180779279680220,5180779328177132,半导体投资联盟,2025-06-23 19:18,江苏,BlueV,0.8528
5180778858418685,5180778950691276,集微网集成电路,2025-06-23 19:16,江苏,BlueV,0.5885
5180629425062391,5180664434658833,独钓梦中雪,2025-06-23 11:41,北京,Regular,0.0391
5180778858418685,5180778910844717,半导体投资联盟,2025-06-23 19:16,江苏,BlueV,0.8619
5180630293285903,5180762145688175,骑着蜗牛超飞机咯,2025-06-23 18:10,江苏,Regular,0.5885
5181009645539962,5181192463720127,集微网集成电路,2025-06-24 22:40,江苏,BlueV,0.5885
5181010042161470,5181192450343182,集微网集成电路,2025-06-24 22:40,江苏,BlueV,0.5885
5181038416364273,5181192414168651,集微网集成电路,2025-06-24 22:39,江苏,BlueV,0.5885
5181078316517811,5181161936520974,好心玉米吃汉堡,2025-06-24 20:38,广东,Regular,0.7372
5180689365337451,5180692611990619,集微网集成电路,2025-06-23 13:33,江苏,BlueV,0.5885
5180674518024960,5180692499533765,集微网集成电路,2025-06-23 13:33,江苏,BlueV,0.5885
5180674518024960,5180692474629731,半导体投资联盟,2025-06-23 13:33,江苏,BlueV,0.5885
5180674518024960,5180692448938883,手机中国联盟官博,2025-06-23 13:33,江苏,BlueV,0.945
5179563585572006,5180636228225924,北京西路丨星宇,2025-06-23 09:49,北京,RedV,0.1387
5181052257043093,5181192374846376,集微网集成电路,2025-06-24 22:39,江苏,BlueV,0.5885
5181076278608386,5181192337885156,集微网集成电路,2025-06-24 22:39,江苏,BlueV,0.5885
5181076919291319,5181192322417035,集微网集成电路,2025-06-24 22:39,江苏,BlueV,0.5885
5181017780388502,5181192305118347,集微网集成电路,2025-06-24 22:39,江苏,BlueV,0.5885
5181022287432038,5181192287553991,集微网集成电路,2025-06-24 22:39,江苏,BlueV,0.5885
5181022547480241,5181192269991652,集微网集成电路,2025-06-24 22:39,江苏,BlueV,0.5885
5181145177133709,5181145462342223,半导体投资联盟,2025-06-24 19:33,江苏,BlueV,0.9795
5180635132988635,5180635309937433,集微网集成电路,2025-06-23 09:46,江苏,BlueV,0.5885
5181076638269965,5181192204978688,集微网集成电路,2025-06-24 22:39,江苏,BlueV,0.5885
5181145177133709,5181192192393461,集微网集成电路,2025-06-24 22:39,江苏,BlueV,0.5885
5181146071302195,5181192175356600,集微网集成电路,2025-06-24 22:38,江苏,BlueV,0.5885
5181181303459211,5181192141803789,集微网集成电路,2025-06-24 22:38,江苏,BlueV,0.5885
5181181276720519,5181192129478810,集微网集成电路,2025-06-24 22:38,江苏,BlueV,0.5885
5181090299643037,5181192106150903,集微网集成电路,2025-06-24 22:38,江苏,BlueV,0.5885
5181017780388502,5181086910645896,半导体投资联盟,2025-06-24 15:40,江苏,BlueV,0.9732
5178832472509316,5180635050411410,财航木子,2025-06-23 09:45,湖北,Regular,0.2052
5180630293285903,5180691282660253,财联社APP,2025-06-23 13:28,,Regular,0.4015
5181091088695794,5181192072861134,集微网集成电路,2025-06-24 22:38,江苏,BlueV,0.5885
5181094854400176,5181192011515096,集微网集成电路,2025-06-24 22:38,江苏,BlueV,0.5885
5181099858199443,5181191993167426,集微网集成电路,2025-06-24 22:38,江苏,BlueV,0.5885
5181106867144497,5181191976129459,集微网集成电路,2025-06-24 22:38,江苏,BlueV,0.5885
5181122469429724,5181191964591549,集微网集成电路,2025-06-24 22:38,江苏,BlueV,0.5885
5181137066132394,5181191948864483,集微网集成电路,2025-06-24 22:38,江苏,BlueV,0.5885
5180096834967965,5181045542750275,台湾辰瑞的两岸观察,2025-06-24 12:56,中国台湾,YellowV,0.5885
5180622624523966,5180673641416577,金陵郭健,2025-06-23 12:18,江苏,YellowV,0.1584
5180629425062391,5180661363379948,回来的路_fu,2025-06-23 11:29,湖北,Regular,0.5885
5181019860239578,5181029833770247,同志们2023年你会更美好,2025-06-24 11:53,广东,Regular,0.5885
5180632389126314,5180632502110462,集微网集成电路,2025-06-23 09:35,江苏,BlueV,0.5885
5181162194472665,5181191910858620,集微网集成电路,2025-06-24 22:37,江苏,BlueV,0.5885
5181180328544532,5181191848464689,集微网集成电路,2025-06-24 22:37,江苏,BlueV,0.5885
5181090542388106,5181191818056016,集微网集成电路,2025-06-24 22:37,江苏,BlueV,0.5885
5181094674040905,5181191785026663,集微网集成电路,2025-06-24 22:37,江苏,BlueV,0.5885
5180630293285903,5180672991561366,骑着蜗牛超飞机咯,2025-06-23 12:15,江苏,Regular,0.5885
5181095064895994,5181191772962964,集微网集成电路,2025-06-24 22:37,江苏,BlueV,0.5885
5180648514125859,5180733601612049,坏坏的邻居,2025-06-23 16:16,广东,Regular,0.5885
5181100202134993,5181191738627496,集微网集成电路,2025-06-24 22:37,江苏,BlueV,0.5885
5181106871077305,5181191725515340,集微网集成电路,2025-06-24 22:37,江苏,BlueV,0.5885
5181121968998955,5181191710049913,集微网集成电路,2025-06-24 22:37,江苏,BlueV,0.5885
5181137066135297,5181191693013457,集微网集成电路,2025-06-24 22:37,江苏,BlueV,0.5885
5181147367342257,5181191679904026,集微网集成电路,2025-06-24 22:37,江苏,BlueV,0.5885
5181162047407693,5181191662865457,集微网集成电路,2025-06-24 22:36,江苏,BlueV,0.5885
5181162714564880,5181191646875672,集微网集成电路,2025-06-24 22:36,江苏,BlueV,0.5885
5181162852975401,5181191633502772,集微网集成电路,2025-06-24 22:36,江苏,BlueV,0.5885
5181163401382224,5181191598900818,集微网集成电路,2025-06-24 22:36,江苏,BlueV,0.5885
5178544520955720,5181080161486063,固态T神,2025-06-24 15:13,北京,Regular,0.9342
5180628027837158,5180628641254479,集微网集成电路,2025-06-23 09:19,江苏,BlueV,0.5885
5180645416371447,5180645891902262,瞧你说的是啥,2025-06-23 10:28,北京,Regular,0.7851
5180635132988635,5180658240457155,Aurelito_,2025-06-23 11:17,江苏,Regular,0.1652
5181175854272673,5181191537298317,集微网集成电路,2025-06-24 22:36,江苏,BlueV,0.5885
5181188595518695,5181191504530171,集微网集成电路,2025-06-24 22:36,江苏,BlueV,0.5885
5181175854272673,5181191247629952,半导体投资联盟,2025-06-24 22:35,江苏,BlueV,0.9496
5180742778751299,5180983976660345,Demi-辰,2025-06-24 08:51,上海,Regular,0.5206
5180937500885401,5180967964115609,杨宏武不清白,2025-06-24 07:48,湖南,Regular,0.9912
5180627046367497,5180627759664833,集微网集成电路,2025-06-23 09:16,江苏,BlueV,0.5885
5180627223318814,5180627743148790,集微网集成电路,2025-06-23 09:16,江苏,BlueV,0.5885
5180719668398134,5180719871823723,集微网集成电路,2025-06-23 15:22,江苏,BlueV,0.5885
5181003473879315,5181022081647061,传奇周期,2025-06-24 11:23,广东,Regular,0.9431
5180995150286100,5181009310255522,集微网集成电路,2025-06-24 10:32,江苏,BlueV,0.5885
5180995868297889,5181009294787961,集微网集成电路,2025-06-24 10:32,江苏,BlueV,0.5885
5181001022310930,5181009278798534,集微网集成电路,2025-06-24 10:32,江苏,BlueV,0.5885
5181005939868065,5181009265950872,集微网集成电路,2025-06-24 10:32,江苏,BlueV,0.5885
5181006139101173,5181009248913161,集微网集成电路,2025-06-24 10:32,江苏,BlueV,0.5885
5181162852975401,5181191091392628,半导体投资联盟,2025-06-24 22:34,江苏,BlueV,0.6178
5180630293285903,5180670146253434,财联社APP,2025-06-23 12:04,,Regular,0.2576
5180630293285903,5180732238466131,财联社APP,2025-06-23 16:11,,Regular,0.5725
5181007382448418,5181009232660080,集微网集成电路,2025-06-24 10:32,江苏,BlueV,0.5885
5181007382448418,5181008760538647,半导体投资联盟,2025-06-24 10:30,江苏,BlueV,0.0984
5180995150286100,5181008614000530,半导体投资联盟,2025-06-24 10:29,江苏,BlueV,0.8477
5181010543117679,5181021542941725,传奇周期,2025-06-24 11:20,广东,Regular,0.0794
5180096834967965,5180964149922462,金银岛黄金树,2025-06-24 07:32,广西,Regular,0.6117
5179560665550280,5180626560878983,牛熊宠儿,2025-06-23 09:11,江西,Regular,0.5885
5179560665550280,5180626529683492,牛熊宠儿,2025-06-23 09:11,江西,Regular,0.5885
5179560665550280,5180626152194395,牛熊宠儿,2025-06-23 09:09,江西,Regular,0.5885
5181385583101589,5181557633715159,一叶扁舟lw,2025-06-25 22:51,陕西,Regular,0.5885
5181499473396344,5181557250985680,穿越周期大韭菜,2025-06-25 22:49,内蒙古,Regular,0.0218
5180479483676250,5180625994908013,集微网集成电路,2025-06-23 09:09,江苏,BlueV,0.5885
5180564547829852,5180625977084313,集微网集成电路,2025-06-23 09:09,江苏,BlueV,0.5885
5180564547829852,5180625956637674,半导体投资联盟,2025-06-23 09:09,江苏,BlueV,0.5885
5180564547829852,5180625879305372,集微网官方微博,2025-06-23 09:08,,BlueV,0.5701
5180595497600483,5180625736960716,集微网集成电路,2025-06-23 09:08,江苏,BlueV,0.5885
5180654817906015,5180655165768656,集微网集成电路,2025-06-23 11:05,江苏,BlueV,0.5885
5180655022903789,5180655147158393,集微网集成电路,2025-06-23 11:05,江苏,BlueV,0.5885
5180629425062391,5180654952121341,芯谋研究顾文军,2025-06-23 11:04,上海,YellowV,0.4192
5181379845294578,5181541304241859,景气行业研究,2025-06-25 21:46,山东,YellowV,0.5885
5180648514125859,5180718193839671,lesliesay,2025-06-23 15:15,中国香港,RedV,0.2376
5134628629514713,5181437541091895,Herbiewu,2025-06-25 14:53,甘肃,GoldV,0.0881
5181182363044819,5181479428556395,外盘先生,2025-06-25 17:40,广东,Regular,0.9733
5181385583101589,5181538070429739,山高县2020,2025-06-25 21:33,河南,GoldV,0.9673
5181393602873696,5181423004944112,杰哥的投资笔记,2025-06-25 13:56,北京,GoldV,0.1242
5179188344783605,5181002155561418,漠沙舟,2025-06-24 10:03,北京,Regular,0.7102
5181499473396344,5181548966186562,穿越周期大韭菜,2025-06-25 22:16,内蒙古,Regular,0.6785
5181521097131617,5181521147200435,半导体投资联盟,2025-06-25 20:26,江苏,BlueV,0.6184
5181495570334775,5181534232644382,梦与梦的片段,2025-06-25 21:18,湖南,Regular,0.5885
5180432777743714,5180641135038042,Game-of-Traders,2025-06-23 10:09,上海,Regular,0.2253
5180245745600611,5181417719335687,稳操胜券行稳致赢,2025-06-25 13:35,广东,Regular,0.2608
5180715127014145,5180715241309485,集微网集成电路,2025-06-23 15:03,江苏,BlueV,0.5885
5180715127014145,5180715213788094,半导体投资联盟,2025-06-23 15:03,江苏,BlueV,0.5885
5181415763477570,5181415847364744,集微网集成电路,2025-06-25 13:27,江苏,BlueV,0.7514
5181499542079147,5181499691502978,集微网集成电路,2025-06-25 19:00,江苏,BlueV,0.5885
5134628629514713,5181445232395897,不再犹豫-2023,2025-06-25 15:24,上海,Regular,0.5885
5168032737394774,5181415205638328,明天也许就有空了呀,2025-06-25 13:25,湖北,Regular,0.9361
5181515845865116,5181515915068205,集微网集成电路,2025-06-25 20:05,江苏,BlueV,0.9946
5180882030690734,5181244863939794,杨杨杨VIP贵人贵客,2025-06-25 02:08,四川,Regular,0.2465
5181515176873053,5181515239789872,集微网集成电路,2025-06-25 20:02,江苏,BlueV,0.5885
5181443099855876,5181443216248080,集微网集成电路,2025-06-25 15:16,江苏,BlueV,0.5885
5181443099855876,5181443199730115,手机中国联盟官博,2025-06-25 15:16,江苏,BlueV,0.866
5180261953700720,5180987753629216,南山老邢,2025-06-24 09:06,广东,Regular,0.5148
5181362816419826,5181366505310725,集微网集成电路,2025-06-25 10:11,江苏,BlueV,0.5885
5181442391017307,5181442565865588,集微网集成电路,2025-06-25 15:13,江苏,BlueV,0.9917
5181817319588850,5181858159788140,金陵风物Nankin,2025-06-26 18:45,江苏,Regular,0.997
5181856644859509,5181857270597121,半导体投资联盟,2025-06-26 18:41,江苏,BlueV,0.8833
5181423373781205,5181428133528020,晓小露珠,2025-06-25 14:16,陕西,YellowV,0.5885
5181887626871478,5181917588624386,集微网集成电路,2025-06-26 22:41,江苏,BlueV,0.5885
5181890237827372,5181917571060002,集微网集成电路,2025-06-26 22:41,江苏,BlueV,0.5885
5181353943632471,5181354016244795,集微网集成电路,2025-06-25 09:22,江苏,BlueV,0.5885
5181423373781205,5181428061176050,财联社APP,2025-06-25 14:16,,Regular,0.301
5181890615315013,5181917553233219,集微网集成电路,2025-06-26 22:41,江苏,BlueV,0.5885
5181891273299266,5181917538554116,集微网集成电路,2025-06-26 22:41,江苏,BlueV,0.5885
5181891587080807,5181917519415514,集微网集成电路,2025-06-26 22:41,江苏,BlueV,0.5885
5181906536369337,5181917487432158,集微网集成电路,2025-06-26 22:41,江苏,BlueV,0.5885
5181907052792052,5181917469344485,集微网集成电路,2025-06-26 22:41,江苏,BlueV,0.5885
5181817319588850,5181845442397558,东山再起VB,2025-06-26 17:54,广东,Regular,0.5885
5180245745600611,5180638853334515,稳操胜券行稳致赢,2025-06-23 10:00,广东,Regular,0.0125
5181890375451361,5181917399357047,集微网集成电路,2025-06-26 22:40,江苏,BlueV,0.5885
5181891122565181,5181917369729056,集微网集成电路,2025-06-26 22:40,江苏,BlueV,0.5885
5181906681333452,5181917348501386,集微网集成电路,2025-06-26 22:40,江苏,BlueV,0.5885
5181906861690961,5181917335913711,集微网集成电路,2025-06-26 22:40,江苏,BlueV,0.5885
5181907203263683,5181917318089554,集微网集成电路,2025-06-26 22:40,江苏,BlueV,0.5885
5181907574718781,5181917303409535,集微网集成电路,2025-06-26 22:40,江苏,BlueV,0.5885
5181723312394293,5181887117002310,集微网集成电路,2025-06-26 20:40,江苏,BlueV,0.5885
5181724038267777,5181886869015594,集微网集成电路,2025-06-26 20:39,江苏,BlueV,0.5885
5181727681020417,5181886850928379,集微网集成电路,2025-06-26 20:39,江苏,BlueV,0.5885
5181817319588850,5181852215152639,黄金波浪yang,2025-06-26 18:21,河北,RedV,0.649
5181906536369337,5181916292058366,半导体投资联盟,2025-06-26 22:36,江苏,BlueV,0.8497
5181891587080807,5181916238061812,半导体投资联盟,2025-06-26 22:36,江苏,BlueV,0.9361
5181866776724831,5181916103051292,景气行业研究,2025-06-26 22:35,山东,YellowV,0.5885
5181728474792589,5181886822618087,集微网集成电路,2025-06-26 20:39,江苏,BlueV,0.5885
5181784670339159,5181886811078676,集微网集成电路,2025-06-26 20:39,江苏,BlueV,0.5885
5181809128374480,5181886789323472,集微网集成电路,2025-06-26 20:39,江苏,BlueV,0.5885
5181856644859509,5181886758389721,集微网集成电路,2025-06-26 20:39,江苏,BlueV,0.5885
5181879923507873,5181886735581336,三色彩虹雨,2025-06-26 20:38,贵州,Regular,0.9801
5181817319588850,5181849511136705,郑大宝天天见,2025-06-26 18:11,福建,Regular,0.8855
5181423373781205,5181424774157423,财联社APP,2025-06-25 14:03,,Regular,0.0572
5181745227367839,5181886681059030,集微网集成电路,2025-06-26 20:38,江苏,BlueV,0.5885
5181745911565006,5181886667948080,集微网集成电路,2025-06-26 20:38,江苏,BlueV,0.5885
5181761178305983,5181886651696079,集微网集成电路,2025-06-26 20:38,江苏,BlueV,0.5885
5181778793071873,5181886632558715,集微网集成电路,2025-06-26 20:38,江苏,BlueV,0.5885
5181808150054376,5181886584324731,集微网集成电路,2025-06-26 20:38,江苏,BlueV,0.5885
5181808362652689,5181886566761933,集微网集成电路,2025-06-26 20:38,江苏,BlueV,0.5885
5181855548834416,5181886550245402,集微网集成电路,2025-06-26 20:38,江苏,BlueV,0.5885
5181564096615619,5181596971041186,踏浪而行--,2025-06-26 01:27,江苏,Regular,0.9905
5182083631942631,5182268576109365,重庆GamePC李,2025-06-27 21:56,重庆,Regular,0.1242
5181864784429522,5181886533469202,集微网集成电路,2025-06-26 20:38,江苏,BlueV,0.5885
5181866636478344,5181886511190635,集微网集成电路,2025-06-26 20:38,江苏,BlueV,0.5885
5181867009772884,5181886495197077,集微网集成电路,2025-06-26 20:37,江苏,BlueV,0.5885
5181867328274446,5181886479207373,集微网集成电路,2025-06-26 20:37,江苏,BlueV,0.5885
5181817319588850,5181841191733329,年轻人V587,2025-06-26 17:37,广东,Regular,0.0109
5181867499722314,5181886462172386,集微网集成电路,2025-06-26 20:37,江苏,BlueV,0.5885
5181744736110094,5181886445653848,集微网集成电路,2025-06-26 20:37,江苏,BlueV,0.5885
5181761178305631,5181886410526617,集微网集成电路,2025-06-26 20:37,江苏,BlueV,0.5885
5181777282859374,5181886395847471,集微网集成电路,2025-06-26 20:37,江苏,BlueV,0.5885
5179145447276766,5181720469177301,霜林醉月198505,2025-06-26 09:38,广东,Regular,0.1407
5181817319588850,5181867608509487,声声慢story,2025-06-26 19:22,重庆,Regular,0.2967
5168082604789990,5181837487902895,手机中国联盟官博,2025-06-26 17:23,上海,BlueV,0.9744
5134628629514713,5181439207014571,幸福的牛201806,2025-06-25 15:00,陕西,Regular,0.9763
5181790839111821,5181886378545965,集微网集成电路,2025-06-26 20:37,江苏,BlueV,0.5885
5181807343435789,5181886345515262,集微网集成电路,2025-06-26 20:37,江苏,BlueV,0.5885
5181864638942176,5181886298066030,集微网集成电路,2025-06-26 20:37,江苏,BlueV,0.5885
5181409770869215,5181704420460339,呀咦哇哦嘿,2025-06-26 08:34,广东,Regular,0.0084
5182231963242844,5182232050536968,集微网集成电路,2025-06-27 19:31,江苏,BlueV,0.5885
5181724313258931,5181728962642413,超级豆豆机器人,2025-06-26 10:11,河南,Regular,0.5885
5182088592494708,5182278906683787,网路游侠,2025-06-27 22:37,陕西,RedV,0.0456
5181817319588850,5181821721772628,想吃开封菜的托尼,2025-06-26 16:20,北京,Regular,0.0244
5181866027783160,5181886267655683,集微网集成电路,2025-06-26 20:37,江苏,BlueV,0.5885
5181867143988507,5181886234103393,集微网集成电路,2025-06-26 20:36,江苏,BlueV,0.5885
5181867843390312,5181886219423031,集微网集成电路,2025-06-26 20:36,江苏,BlueV,0.5885
5181866776724831,5181886049555706,半导体投资联盟,2025-06-26 20:36,江苏,BlueV,0.9651
5182228671759685,5182228793138304,集微网集成电路,2025-06-27 19:18,江苏,BlueV,0.8882
5182210971272695,5182260997263088,薛国城北徐公,2025-06-27 21:26,浙江,Regular,0.9403
5181724313258931,5181727521638525,有事儿问柒叔,2025-06-26 10:06,四川,RedV,0.6426
5181820364392418,5181834805907424,飞天遁地的狂蟒之非,2025-06-26 17:12,北京,Regular,0.15
5182245618848194,5182257040200407,羊绒的那些事,2025-06-27 21:10,上海,YellowV,0.0058
5181815992354717,5181818030786719,戒定慧jzf,2025-06-26 16:05,上海,Regular,0.7661
5181409770869215,5181700310042145,周锦虹,2025-06-26 08:18,浙江,YellowV,0.0031
5181939851986717,5182178342209238,重庆GamePC李,2025-06-27 15:57,重庆,Regular,0.0515
5182239300387497,5182239413634478,集微网集成电路,2025-06-27 20:00,江苏,BlueV,0.5885
5182239300387497,5182239366191844,半导体投资联盟,2025-06-27 20:00,江苏,BlueV,0.9951
5182190389299262,5182190453525203,集微网集成电路,2025-06-27 16:45,江苏,BlueV,0.9782
5181696259129441,5181716176046753,麦田蓑笠翁,2025-06-26 09:21,江西,GoldV,0.8161
5182101974158690,5182131329305081,夏日炎炎火玲珑,2025-06-27 12:50,上海,Regular,0.0007
5182080655034697,5182087323715016,财联社APP,2025-06-27 09:55,,Regular,0.0727
5181783828070722,5182027126800627,呛呛独行,2025-06-27 05:56,北京,Regular,0.0531
5182067493044453,5182072135353422,波段猎手阿福,2025-06-27 08:55,河北,GoldV,0.0034
5182614454927615,5182615747560062,集微网集成电路,2025-06-28 20:55,江苏,BlueV,0.5885
5180442605260548,5182171958739999,Ken健力士课堂,2025-06-27 15:32,广东,Regular,0.6037
5182112493207643,5182157192433998,群青阁,2025-06-27 14:33,浙江,RedV,0.0665
5182107682345859,5182116121546309,回来的路_fu,2025-06-27 11:50,湖北,Regular,0.5885
5182171759514416,5182171838416529,集微网集成电路,2025-06-27 15:31,江苏,BlueV,0.5885
5182437116086557,5182568649199982,菲儿说财经,2025-06-28 17:48,上海,YellowV,0.7799
5182088592494708,5182154931176791,小狐狸无聊,2025-06-27 14:24,江西,Regular,0.6183
5182579113987081,5182621828517411,捕捉金螳螂,2025-06-28 21:19,河南,Regular,0.7747
5182587614008007,5182591684317294,集微网集成电路,2025-06-28 19:20,江苏,BlueV,0.5885
5182587778895077,5182591669896431,集微网集成电路,2025-06-28 19:20,江苏,BlueV,0.5885
5182587778895077,5182591648926148,手机中国联盟官博,2025-06-28 19:20,江苏,BlueV,0.5885
5182587614008007,5182591632413896,手机中国联盟官博,2025-06-28 19:19,江苏,BlueV,0.5885
5182587614008007,5182591590205775,集微网官方微博,2025-06-28 19:19,,BlueV,0.9726
5182587778895077,5182591566610721,集微网官方微博,2025-06-28 19:19,,BlueV,0.8009
5182631352467469,5182642082284816,Matias215,2025-06-28 22:40,江苏,RedV,0.069
5182602975643988,5182609757834608,逍遥自在乐翻天,2025-06-28 20:31,陕西,Regular,0.8287
5182607841038295,5182607966604875,集微网集成电路,2025-06-28 20:24,江苏,BlueV,0.5885
5181409770869215,5182501979948341,建筑教师WQ,2025-06-28 13:23,湖北,Regular,0.5885
5182561199855191,5182587355269848,集微网集成电路,2025-06-28 19:02,江苏,BlueV,0.5885
5182576052142106,5182587343209102,集微网集成电路,2025-06-28 19:02,江苏,BlueV,0.5885
5182500629384970,5182637552435270,江宇行舟,2025-06-28 22:22,北京,GoldV,0.0075
5182529011451005,5182529839042179,集微网集成电路,2025-06-28 15:14,江苏,BlueV,0.5885
5182529122076724,5182529825932533,集微网集成电路,2025-06-28 15:14,江苏,BlueV,0.5885
5149090670184156,5182112619300343,shen1296,2025-06-27 11:36,河南,Regular,0.1298
5179344960884666,5182112609076055,薛国城北徐公,2025-06-27 11:36,浙江,Regular,0.8858
5182485954302006,5182526555161291,集微网集成电路,2025-06-28 15:01,江苏,BlueV,0.5885
5182469847912894,5182526442440947,集微网集成电路,2025-06-28 15:00,江苏,BlueV,0.5885
5182991387068717,5182992886009036,吾笑_,2025-06-29 21:54,广东,Regular,0.1085
5182452219513164,5182468286317189,骑摩托的卡卡罗特,2025-06-28 11:09,北京,Regular,0.9692
5182960392471084,5182963333727252,集微网集成电路,2025-06-29 19:56,江苏,BlueV,0.5885
5182961109436587,5182963316430711,集微网集成电路,2025-06-29 19:56,江苏,BlueV,0.5885
5182962025105226,5182963266098287,集微网集成电路,2025-06-29 19:56,江苏,BlueV,0.5885
5182960392471084,5182963182733311,半导体投资联盟,2025-06-29 19:56,江苏,BlueV,0.5885
5182960392471084,5182963148919046,手机中国联盟官博,2025-06-29 19:56,江苏,BlueV,0.0411
5182960778609113,5182962938416139,集微网集成电路,2025-06-29 19:55,江苏,BlueV,0.5885
5182488219226038,5182526429332179,集微网集成电路,2025-06-28 15:00,江苏,BlueV,0.5885
5182497278920103,5182526412035393,集微网集成电路,2025-06-28 15:00,江苏,BlueV,0.5885
5182518166293436,5182526395258924,集微网集成电路,2025-06-28 15:00,江苏,BlueV,0.5885
5182980462481410,5182991506085652,集微网集成电路,2025-06-29 21:48,江苏,BlueV,0.5885
5182964104958130,5182975517132503,集微网集成电路,2025-06-29 20:45,江苏,BlueV,0.5885
5182526236131867,5182883337866269,夏天的蔡蔡,2025-06-29 14:39,四川,Regular,0.4245
5182962301928354,5182962926617059,集微网集成电路,2025-06-29 19:55,江苏,BlueV,0.5885
5182600411087689,5182928269345031,用户5252866813,2025-06-29 17:37,山西,Regular,0.9946
5182847084398271,5182898937791833,集微网集成电路,2025-06-29 15:41,江苏,BlueV,0.5885
5182877534522728,5182898919704386,集微网集成电路,2025-06-29 15:40,江苏,BlueV,0.5885
5182847586929932,5182898758224103,集微网集成电路,2025-06-29 15:40,江苏,BlueV,0.5885
5182862938346090,5182898739086465,集微网集成电路,2025-06-29 15:40,江苏,BlueV,0.5885
5182878037837337,5182898722573321,集微网集成电路,2025-06-29 15:40,江苏,BlueV,0.5885
5182049842890822,5182064208382286,财重信,2025-06-27 08:24,上海,Regular,0.96
5182792977351122,5182824669513870,犄角飞行,2025-06-29 10:45,广东,Regular,0.189
5182824484963247,5182824598736486,集微网集成电路,2025-06-29 10:45,江苏,BlueV,0.5885
5182453279889232,5182460658191307,什么鬼人呢,2025-06-28 10:39,广东,Regular,0.5885
5182923587977609,5182950389058181,集微网集成电路,2025-06-29 19:05,江苏,BlueV,0.5885
5182946991670284,5182949944199905,集微网集成电路,2025-06-29 19:03,江苏,BlueV,0.5885
5182624295290905,5182790666030543,仁者无敌goodluck,2025-06-29 08:30,安徽,YellowV,0.9863
5182452252282621,5182456026104055,集微网集成电路,2025-06-28 10:21,江苏,BlueV,0.5885
5182455048832863,5182455700521003,集微网集成电路,2025-06-28 10:19,江苏,BlueV,0.5885
5182455048832863,5182455675356180,手机中国联盟官博,2025-06-28 10:19,江苏,BlueV,0.5885
5182455048832863,5182455600381975,集微网官方微博,2025-06-28 10:19,,BlueV,0.8011
5176045003083031,5176136648627275,洪攻略V极端交易,2025-06-10 23:50,陕西,Regular,0.154
5175030275115618,5175411253449253,维维199603,2025-06-08 23:47,广东,Regular,0.5885
5174170409501124,5174685094119591,家有三宝慰此生,2025-06-06 23:42,广东,Regular,0.113
5174670940706515,5174671021445430,集微网集成电路,2025-06-06 22:46,江苏,BlueV,0.7698
5174571566628956,5174581837955336,JH寻找风口飞,2025-06-06 16:51,广东,Regular,0.5885
5174580937491578,5174581016922916,集微网集成电路,2025-06-06 16:48,江苏,BlueV,0.9958
5181935148077348,5182060978241925,兹兹201003,2025-06-27 08:11,河南,Regular,0.5885
5174670347474690,5174681146754427,城墙上溜达,2025-06-06 23:26,重庆,Regular,0.7653
5174491899497916,5174564199859656,dengyingxiong,2025-06-06 15:41,广东,Regular,0.7307
5175030275115618,5175031189739388,无心简影,2025-06-07 22:37,重庆,GoldV,0.0097
5174533552079316,5174640248886688,金融炼金师,2025-06-06 20:43,上海,Regular,0.0018
5182285130765485,5182451391399797,集微网集成电路,2025-06-28 10:02,江苏,BlueV,0.5885
5182407185008642,5182451359943170,集微网集成电路,2025-06-28 10:02,江苏,BlueV,0.5885
5176045003083031,5176115698342054,晓小露珠,2025-06-10 22:26,陕西,YellowV,0.5885
5174619369901189,5174619469251019,集微网集成电路,2025-06-06 19:21,江苏,BlueV,0.8962
5174454280782350,5174477417874599,巴厘岛徒步气候使,2025-06-06 09:56,安徽,Regular,0.5885
5174559959422996,5174560090755352,集微网集成电路,2025-06-06 15:25,江苏,BlueV,0.9674
5174164429737972,5174506139946899,虚实畛域,2025-06-06 11:51,山西,Regular,0.5885
5174559470781814,5174559541559392,集微网集成电路,2025-06-06 15:23,江苏,BlueV,0.9741
5174254967461163,5174412355568302,风雨同行3889804769,2025-06-06 05:38,辽宁,Regular,0.5885
5174474158640055,5174474299409210,集微网集成电路,2025-06-06 09:44,江苏,BlueV,0.9651
5174573901546246,5174573973635873,集微网集成电路,2025-06-06 16:20,江苏,BlueV,0.9145
5174488400660156,5174488486382843,集微网集成电路,2025-06-06 10:40,江苏,BlueV,0.8439
5174170409501124,5174349128795377,雷若星晨990,2025-06-06 01:27,福建,Regular,0.0111
5174982845928988,5174983854393330,集微网集成电路,2025-06-07 19:29,江苏,BlueV,0.5885
5174567984697945,5174973540074637,Devin00179,2025-06-07 18:48,贵州,Regular,0.7172
5174571566628956,5174571637410784,集微网集成电路,2025-06-06 16:11,江苏,BlueV,0.5885
5174571566628956,5174571621155074,手机中国联盟官博,2025-06-06 16:11,江苏,BlueV,0.8016
5174556236452812,5174556432272888,集微网集成电路,2025-06-06 15:10,,BlueV,0.5885
5174276873260102,5174486941043095,油腻大叔的起起伏伏,2025-06-06 10:34,辽宁,Regular,0.5885
5174938471762010,5174981710580369,集微网集成电路,2025-06-07 19:20,江苏,BlueV,0.5885
5174965403648452,5174981699043812,集微网集成电路,2025-06-07 19:20,江苏,BlueV,0.5885
5174965398670048,5174981513447657,集微网集成电路,2025-06-07 19:20,江苏,BlueV,0.5885
5173792556974898,5174839343055073,用户7821049888,2025-06-07 09:55,河南,Regular,0.4172
5175010633449655,5175011220655655,集微网集成电路,2025-06-07 21:18,江苏,BlueV,0.5885
5175010633449655,5175011197324340,半导体投资联盟,2025-06-07 21:17,江苏,BlueV,0.5885
5175010633449655,5175011128380085,手机中国联盟官博,2025-06-07 21:17,江苏,BlueV,0.7499
5174516855604919,5174873005493408,tyogyo123,2025-06-07 12:08,上海,Regular,0.0015
5174858351908502,5174859325771498,集微网集成电路,2025-06-07 11:14,江苏,BlueV,0.5885
5174858649437284,5174859295359839,集微网集成电路,2025-06-07 11:14,江苏,BlueV,0.5885
5175010847359434,5175011077790631,集微网集成电路,2025-06-07 21:17,江苏,BlueV,0.5885
5175007929961434,5175010316257743,集微网集成电路,2025-06-07 21:14,江苏,BlueV,0.5885
5174992829943600,5175010198819542,集微网集成电路,2025-06-07 21:14,江苏,BlueV,0.5885
5175007929177806,5175010184661885,集微网集成电路,2025-06-07 21:13,江苏,BlueV,0.5885
5168032737394774,5174706328045343,崔超Colin,2025-06-07 01:06,北京,Regular,0.898
5174858778412763,5174858948280397,集微网集成电路,2025-06-07 11:12,江苏,BlueV,0.5885
5174682287866001,5174856326578647,集微网集成电路,2025-06-07 11:02,江苏,BlueV,0.5885
5175065017582790,5175364965107156,elements1234,2025-06-08 20:43,北京,Regular,0.9553
5175030275115618,5175352859296261,橘子蛋糕,2025-06-08 19:55,四川,Regular,0.0766
5174811384613375,5174856297481309,集微网集成电路,2025-06-07 11:02,江苏,BlueV,0.5885
5174825477475130,5174856280183754,集微网集成电路,2025-06-07 11:02,江苏,BlueV,0.5885
5175165719676152,5175186183947390,景气行业研究,2025-06-08 08:53,河南,YellowV,0.0838
5175379042240169,5175379283414678,集微网集成电路,2025-06-08 21:40,上海,BlueV,0.5885
5175378802903162,5175379271878837,集微网集成电路,2025-06-08 21:40,上海,BlueV,0.5885
5175378647190464,5175379259294140,集微网集成电路,2025-06-08 21:40,上海,BlueV,0.5885
5175378802903162,5175379170168747,半导体投资联盟,2025-06-08 21:40,上海,BlueV,0.6939
5174957521767200,5175167963890299,值滴,2025-06-08 07:40,上海,Regular,0.0942
5175145087893522,5175156936279507,老潘快活玩,2025-06-08 06:57,江苏,Regular,0.9286
5175284309428977,5175285533119082,集微网集成电路,2025-06-08 15:28,上海,BlueV,0.5885
5175208752448730,5175214104117401,集微网集成电路,2025-06-08 10:44,上海,BlueV,0.5885
5175209801024638,5175214087603308,集微网集成电路,2025-06-08 10:44,上海,BlueV,0.5885
5175209204386820,5175214046445958,集微网集成电路,2025-06-08 10:44,上海,BlueV,0.5885
5175030275115618,5175175429752310,漱花女农,2025-06-08 08:10,广东,YellowV,0.0586
5175208584413306,5175214013156202,集微网集成电路,2025-06-08 10:43,上海,BlueV,0.5885
5175208429488239,5175213996382297,集微网集成电路,2025-06-08 10:43,上海,BlueV,0.5885
5175283611076738,5175285504806175,集微网集成电路,2025-06-08 15:27,上海,BlueV,0.5885
5175283410798717,5175285490126113,集微网集成电路,2025-06-08 15:27,上海,BlueV,0.5885
5175283298599000,5175285478588975,集微网集成电路,2025-06-08 15:27,上海,BlueV,0.5885
5175284141396291,5175285450278343,集微网集成电路,2025-06-08 15:27,上海,BlueV,0.5885
5175283767838625,5175285435859458,集微网集成电路,2025-06-08 15:27,上海,BlueV,0.5885
5175283075254788,5175285419088099,集微网集成电路,2025-06-08 15:27,上海,BlueV,0.5885
5175282764877758,5175285406504049,集微网集成电路,2025-06-08 15:27,上海,BlueV,0.5885
5175705803162245,5175729315646006,爱打球的老叔,2025-06-09 20:51,山西,Regular,0.5885
5175728681522803,5175728762784010,集微网集成电路,2025-06-09 20:49,江苏,BlueV,0.5885
5175209801024638,5175213676824254,半导体投资联盟,2025-06-08 10:42,上海,BlueV,0.6044
5175654826115499,5175655587383833,集微网集成电路,2025-06-09 15:58,江苏,BlueV,0.5885
5175654932808529,5175655312656959,集微网集成电路,2025-06-09 15:57,江苏,BlueV,0.5885
5175282249762550,5175285393657196,集微网集成电路,2025-06-08 15:27,上海,BlueV,0.5885
5175282025630709,5175285383431286,集微网集成电路,2025-06-08 15:27,上海,BlueV,0.5885
5175281830331015,5175285364562003,集微网集成电路,2025-06-08 15:27,上海,BlueV,0.5885
5175712215994652,5175757641089195,小楼听雨wdx,2025-06-09 22:44,广东,Regular,0.5885
5175281411426038,5175285353286327,集微网集成电路,2025-06-08 15:27,上海,BlueV,0.5885
5175282025630709,5175285227982828,半导体投资联盟,2025-06-08 15:26,上海,BlueV,0.8835
5175339756031984,5175340461723146,集微网集成电路,2025-06-08 19:06,上海,BlueV,0.5885
5175340113593249,5175340445994224,集微网集成电路,2025-06-08 19:06,上海,BlueV,0.5885
5175339954737666,5175340429217077,集微网集成电路,2025-06-08 19:06,上海,BlueV,0.5885
5175339756031984,5175340198003468,半导体投资联盟,2025-06-08 19:05,上海,BlueV,0.9459
5175370824810627,5175371210953244,集微网集成电路,2025-06-08 21:08,上海,BlueV,0.5885
5175360976852764,5175371151445834,集微网集成电路,2025-06-08 21:08,上海,BlueV,0.5885
5175283075254788,5175284916817020,半导体投资联盟,2025-06-08 15:25,上海,BlueV,0.9604
5175284141396291,5175284844464718,半导体投资联盟,2025-06-08 15:25,上海,BlueV,0.0559
5175566808126448,5175750027117435,用户7533419764,2025-06-09 22:13,北京,Regular,0.0088
5175717366334641,5175718549128389,集微网集成电路,2025-06-09 20:08,江苏,BlueV,0.5885
5175717489018767,5175718532352128,集微网集成电路,2025-06-09 20:08,江苏,BlueV,0.5885
5175717647355128,5175718515313575,集微网集成电路,2025-06-09 20:08,江苏,BlueV,0.5885
5175717765843846,5175718502728762,集微网集成电路,2025-06-09 20:08,江苏,BlueV,0.5885
5175566808126448,5175662136003774,1539一五三九,2025-06-09 16:24,广东,Regular,0.5885
5175661376310629,5175661507383046,集微网集成电路,2025-06-09 16:22,江苏,BlueV,0.5885
5175636516931657,5175636638304062,集微网集成电路,2025-06-09 14:43,江苏,BlueV,0.5885
5176107508174817,5176107588653729,集微网集成电路,2025-06-10 21:54,江苏,BlueV,0.739
5175746178056277,5175748516386389,集微网集成电路,2025-06-09 22:07,江苏,BlueV,0.5885
5175557983309152,5175559656573364,集微网集成电路,2025-06-09 09:37,江苏,BlueV,0.5885
5175558188044650,5175559644512525,集微网集成电路,2025-06-09 09:37,江苏,BlueV,0.5885
5175558891637312,5175559328892352,集微网集成电路,2025-06-09 09:36,江苏,BlueV,0.5885
5175559044729863,5175559311329719,集微网集成电路,2025-06-09 09:36,江苏,BlueV,0.5885
5175901328770401,5176002093253194,阿尔卑斯山扫地僧,2025-06-10 14:55,山东,Regular,0.5885
5175605114439978,5175620401103463,集微网集成电路,2025-06-09 13:38,江苏,BlueV,0.5885
5175605114439978,5175620346843706,手机中国联盟官博,2025-06-09 13:38,江苏,BlueV,0.5885
5175605114439978,5175620281568486,集微网官方微博,2025-06-09 13:38,,BlueV,0.9649
5175605617757579,5175620188770431,集微网集成电路,2025-06-09 13:37,江苏,BlueV,0.5885
5175606121073436,5175620083385153,集微网集成电路,2025-06-09 13:37,江苏,BlueV,0.5885
5175611657555802,5175620065824623,集微网集成电路,2025-06-09 13:37,江苏,BlueV,0.5885
5175901328770401,5175970403193166,日经中文网,2025-06-10 12:49,,BlueV,0.4626
5175635824612027,5175636215465812,集微网集成电路,2025-06-09 14:41,江苏,BlueV,0.5885
5175636014662654,5175636198164977,集微网集成电路,2025-06-09 14:41,江苏,BlueV,0.5885
5174572963337332,5176087451533687,放不下你199403,2025-06-10 20:34,贵州,Regular,0.994
5174572963337332,5176087348777534,空白页74896,2025-06-10 20:34,贵州,Regular,0.981
5174572963337332,5176087257547809,雪孩子200512,2025-06-10 20:33,贵州,Regular,0.993
5174572963337332,5176087156099579,炮哥最帅,2025-06-10 20:33,贵州,Regular,0.9591
5175558891637312,5175559219840707,半导体投资联盟,2025-06-09 09:35,江苏,BlueV,0.5885
5175558891637312,5175559135167016,手机中国联盟官博,2025-06-09 09:35,江苏,BlueV,0.97
5175574034383381,5175648156651905,景气行业研究,2025-06-09 15:29,河南,YellowV,0.737
5175759362853777,5175856783687703,韩美之神,2025-06-10 05:18,河北,Regular,0.8235
5174572963337332,5176086956344906,宇宙阿文最帅,2025-06-10 20:32,贵州,Regular,0.9952
5175566808126448,5175617054313163,日经中文网,2025-06-09 13:25,,BlueV,0.1837
5175545820088291,5175614642327006,用户7719924286,2025-06-09 13:15,云南,Regular,0.1242
5175899009581840,5175926876276085,东方明dfm,2025-06-10 09:56,广西,Regular,0.5885
5175630783054006,5175630900758160,集微网集成电路,2025-06-09 14:20,江苏,BlueV,0.5885
5176045003083031,5176096859098561,洪攻略之舞,2025-06-10 21:12,广东,Regular,0.9864
5176045003083031,5176096570214199,城门立木战法,2025-06-10 21:10,上海,YellowV,0.1242
5175961391205193,5176027619002104,骑着蜗牛超飞机咯,2025-06-10 16:36,江苏,Regular,0.5885
PyP80Ecs1,5183383120385151,痞子蔡Zzzzzzzz,2025-06-30 23:45,,Regular,0.5208
Pytg88pzb,5183382553889766,西安联通,2025-06-30 23:42,陕西,BlueV,0.5885
Pytg88pzb,5183379769135559,肇庆联通客服,2025-06-30 23:31,,BlueV,0.5885
Pytg88pzb,5183378384749741,雾散时光启,2025-06-30 23:26,,Regular,0.5885
Pytg88pzb,5183377532519831,bgsZws0088,2025-06-30 23:22,,Regular,0.9939
PyNQVAsBT,5183377306814578,南海的浪涛,2025-06-30 23:21,,GoldV,0.2675
PyOxBgNjq,5183376311980687,奔赴时间尽头的流萤_wy,2025-06-30 23:17,,Regular,0.9942
PyOwzzVkg,5183374572127135,奔赴时间尽头的流萤_wy,2025-06-30 23:11,,Regular,0.9928
Ojsfiagj8,5183374335676458,穿胖次的叮当猫,2025-06-30 23:10,,Regular,0.5885
PyP7jo35s,5183372720608604,藍桉_Aurora,2025-06-30 23:03,,Regular,0.3984
PyX7b84Ve,5183363736669601,南山之南0421,2025-06-30 22:28,,Regular,0.0015
Pytg88pzb,5183363528000638,周至联通,2025-06-30 22:27,陕西,BlueV,0.5885
Pytg88pzb,5183360319101434,蜜甜莲苦,2025-06-30 22:14,,Regular,0.5885
PlmvgvtX1,5154032755937383,bgs梁雁军,2025-04-10 23:57,山西,Regular,0.5885
PlmvgvtX1,5153307933807500,紫悠草4865,2025-04-08 23:56,,Regular,0.5885
Pmczncbl6,5152945391010219,轉身永恆,2025-04-07 23:56,,Regular,0.9684
Plmc1za6g,5151134281892412,齐锐_01,2025-04-02 23:59,,Regular,0.0065
PkYGxaZzI,5150047197726711,九十九砒霜,2025-03-30 23:59,,Regular,0.5885
PkElPhyAB,5149321959834513,晋中联通昔阳综合维护网格李三毛,2025-03-28 23:58,,Regular,0.5885
PkxxJiYej,5148959741050999,玩糖的,2025-03-27 23:58,,GoldV,0.0217
PkuxAloeO,5148959673157801,请你看好说明书,2025-03-27 23:58,,Regular,0.5885
PmAo1qSlA,5154031376531619,璐璐读书会,2025-04-10 23:51,,Regular,0.5885
PkElPhyAB,5152219717176151,龙岩联通,2025-04-05 23:52,,BlueV,0.5885
PlpOmjuAA,5151132439546187,王言它,2025-04-02 23:52,,GoldV,0.5885
PliHnFTUW,5150770970233629,想不想收律师函,2025-04-01 23:55,,YellowV,0.9947
PkElPhyAB,5150045977707065,枫的似水流年,2025-03-30 23:55,,Regular,0.5885
PkGuXz2dB,5149321356118887,要陪健次很久hh,2025-03-28 23:55,,Regular,0.6596
PklTRygcr,5148596798753979,M法师修炼中,2025-03-26 23:56,,Regular,0.7335
PmCIQbPBn,5154029936577165,淄博中院,2025-04-10 23:45,,BlueV,0.0157
Pkj9FpiEw,5148956960757012,LING零蛋,2025-03-27 23:47,,Regular,0.5885
PmrqKv552,5153669697244949,用户7770704455,2025-04-09 23:54,,Regular,0.998
PmmsA1rq8,5153306453740528,踏浪而行--,2025-04-08 23:51,,Regular,0.073
PmaTHyZkj,5152943646183679,dv0vp,2025-04-07 23:49,,Regular,0.0326
PlKkA9HUl,5151855579765094,yz0330,2025-04-04 23:45,,Regular,0.5885
Pkm0HaOOB,5148522101867864,安静小鹿逗小猫,2025-03-26 18:59,,Regular,0.9953
Pkm0HaOOB,5148521843656457,安静小鹿逗小猫,2025-03-26 18:58,,Regular,0.9956
PmaTHyZkj,5152943363850721,很好看的秋天,2025-04-07 23:48,,Regular,0.0092
PkdL3hHDo,5148552024821489,ye_wa,2025-03-26 20:58,,RedV,0.0005
PmagtnmWQ,5152942487506637,黑狐52055,2025-04-07 23:44,,Regular,0.5885
PlwK58HOZ,5151490504920649,反智愚昧黑歌会,2025-04-03 23:35,,Regular,0.005
Pkm0HaOOB,5148521615329080,爱蕊蕊小宝贝,2025-03-26 18:57,,Regular,0.6816
Pkm0HaOOB,5148521562114247,梦幻猫咪爱健康,2025-03-26 18:57,,Regular,0.0062
Pkm0HaOOB,5148521453064892,丽丽-354,2025-03-26 18:57,,Regular,0.9957
Pkm0HaOOB,5148521418981705,里斯本201803,2025-03-26 18:57,,Regular,0.397
PkPXauWl6,5149679545748859,树莓薯条雪_,2025-03-29 23:39,,Regular,0.0007
Pl93A4LIG,5150405156672205,钓鱼佬老闫,2025-03-31 23:42,,Regular,0.9837
Pkm0HaOOB,5148521398012176,娱乐而已别当,2025-03-26 18:56,,Regular,0.9755
Pkm0HaOOB,5148521377564571,孤独的热忱,2025-03-26 18:56,,Regular,0.9976
Pkm0HaOOB,5148521361313860,默默-353,2025-03-26 18:56,,Regular,0.9945
Pkm0HaOOB,5148521360002328,忘记披件袈裟,2025-03-26 18:56,,Regular,0.9905
Pkm0HaOOB,5148521330115338,一生恋茶,2025-03-26 18:56,,Regular,0.9991
Pkm0HaOOB,5148521317534795,多次改良,2025-03-26 18:56,,Regular,0.9677
Pkm0HaOOB,5148521272184367,看透不如看淡人生,2025-03-26 18:56,,Regular,0.9903
Pklyg4kUj,5148550888692691,我是啷哩个狼,2025-03-26 20:54,,Regular,0.5885
PlBeFyyuh,5151852484627271,一切顺意的桔子,2025-04-04 23:33,,Regular,0.5885
PlKi8w4f4,5151852267047215,风吟听竹,2025-04-04 23:32,,RedV,0.1664
Pkm0HaOOB,5148521242299518,丽丽-353,2025-03-26 18:56,,Regular,0.9949
Pkm0HaOOB,5148521226310351,善意和认识,2025-03-26 18:56,,Regular,0.1638
Pkm0HaOOB,5148521204288661,我爱圆圈圈E,2025-03-26 18:56,,Regular,0.9765
Pkxou2Ibe,5148951591521443,柠檬你为什么不萌,2025-03-27 23:26,,Regular,0.0151
PkdL3hHDo,5148550480792344,醉若星,2025-03-26 20:52,,YellowV,0.0027
Pkm0HaOOB,5148521151335004,菜菜-352,2025-03-26 18:56,,Regular,0.8646
Pkm0HaOOB,5148521137704268,风筝有风我没有,2025-03-26 18:55,,Regular,0.8569
Pkm0HaOOB,5148521129317522,千城时光,2025-03-26 18:55,,Regular,0.9483
Pkm0HaOOB,5148521088686856,不必为谁改变,2025-03-26 18:55,,Regular,0.9955
PkmbYojk6,5148521078722291,戴着枷锁的疯子,2025-03-26 18:55,,Regular,0.5885
Pkm0HaOOB,5148521070331154,兮兮-351,2025-03-26 18:55,,Regular,0.415
PlmvgvtX1,5153664886638128,雾屿ckg,2025-04-09 23:35,,Regular,0.5885
PkmbYojk6,5148521037039102,戴着枷锁的疯子,2025-03-26 18:55,,Regular,0.0365
Pkm0HaOOB,5148521028650239,过往废物,2025-03-26 18:55,,Regular,0.9674
Pkm0HaOOB,5148520986706939,饭饭12234,2025-03-26 18:55,,Regular,0.9956
Pkm0HaOOB,5148520975176526,认认真真做事的魂1,2025-03-26 18:55,,Regular,0.9981
Pkm0HaOOB,5148520973600802,狂热之后有消沉,2025-03-26 18:55,,Regular,0.7037
Pkm0HaOOB,5148520941881711,三颗板栗啊,2025-03-26 18:55,,Regular,0.0067
PlIdVvgZB,5151848701887080,桂冠诗人喝醉了,2025-04-04 23:18,,Regular,0.0428
PkElPhyAB,5150037975238520,付欣3123,2025-03-30 23:23,,Regular,0.5885
PklhFnhZo,5148520911995770,全满贯饼0804,2025-03-26 18:55,,Regular,0.9798
Pkm0HaOOB,5148520907278225,如初_岁月,2025-03-26 18:55,,Regular,0.9957
Pkm0HaOOB,5148520899154890,月月12223,2025-03-26 18:55,,Regular,0.9962
PlIdVvgZB,5151848701101927,龙城飞将后,2025-04-04 23:18,,Regular,0.0089
PlIdVvgZB,5151848698486137,jeyfer风,2025-04-04 23:18,,Regular,0.0344
Pms3CAlJ0,5154027239899155,滚滚蹲墙角,2025-04-10 23:35,,Regular,0.5885
PkElPhyAB,5150037340330036,混世魔女1983,2025-03-30 23:20,,Regular,0.5885
Pkm0HaOOB,5148520869008733,王俊凯家小娇妻,2025-03-26 18:54,,Regular,0.9567
Pkm0HaOOB,5148520856159992,开心就是上上签,2025-03-26 18:54,,Regular,0.8491
Pkm0HaOOB,5148520822604759,涵涵1232,2025-03-26 18:54,,Regular,0.9953
PkmbYojk6,5148520785905667,戴着枷锁的疯子,2025-03-26 18:54,,Regular,0.0362
Pkm0HaOOB,5148520781189512,纯棉布艺最爱,2025-03-26 18:54,,Regular,0.9378
PkElPhyAB,5151486992715666,恩施联通客服,2025-04-03 23:21,,BlueV,0.5885
PkW38fmDd,5150036054511226,婀娜姐的秘诀,2025-03-30 23:15,,Regular,0.0079
Pkm0HaOOB,5148520756024388,卷子的幸福事儿在心底,2025-03-26 18:54,,Regular,0.9724
Pkm0HaOOB,5148520755761289,自尊自爱的感觉,2025-03-26 18:54,,Regular,0.3051
Pkm0HaOOB,5148520748946815,云鱼121,2025-03-26 18:54,,Regular,0.9698
Pkm0HaOOB,5148520723777338,撕拉胶片,2025-03-26 18:54,,Regular,0.8455
Pkm0HaOOB,5148520710669142,随时浓墨重彩,2025-03-26 18:54,,Regular,0.7815
Pkm0HaOOB,5148520668994617,zcx粉粉,2025-03-26 18:54,,Regular,0.9333
PmBwDdbLj,5154026296183164,岁月11无痕,2025-04-10 23:31,,Regular,0.941
PmrqKv552,5153662847420719,刘丙迪,2025-04-09 23:27,,Regular,0.9616
PmrqKv552,5153662808623345,8023安An,2025-04-09 23:27,,Regular,0.6911
PkW38fmDd,5150034875126838,文艳利的魅力,2025-03-30 23:11,,Regular,0.3394
Pkm0HaOOB,5148520663488420,心给你看看,2025-03-26 18:54,,Regular,0.9686
Pkm0HaOOB,5148520623112975,觉得值得就积蓄,2025-03-26 18:53,,Regular,0.2526
Pkm0HaOOB,5148520592969618,zcx依依,2025-03-26 18:53,,Regular,0.9979
Pkm0HaOOB,5148520589035684,为何离去好纠结,2025-03-26 18:53,,Regular,0.4316
Pkm0HaOOB,5148520575405600,黑喵是谁捏,2025-03-26 18:53,,Regular,0.936
Pkm0HaOOB,5148520554695822,你的拥抱太勉强,2025-03-26 18:53,,Regular,0.9962
Pmuyxu7Tx,5153662683842209,今年赚十亿,2025-04-09 23:26,,Regular,0.5885
PmC3kb4Gp,5154025892745906,自由飞翔2039,2025-04-10 23:29,,Regular,0.0158
PmqdsmlUf,5153662634037591,筱嫎偞_,2025-04-09 23:26,,Regular,0.5885
Plyebsh5R,5152936218331448,元素_原子_源头,2025-04-07 23:19,,Regular,0.1242
PmaTHyZkj,5152936070483109,熊哥养基场,2025-04-07 23:19,,Regular,0.0004
Pkm0HaOOB,5148520530839377,黑猫招财Lucky,2025-03-26 18:53,,Regular,0.9162
Pkm0HaOOB,5148520517207831,情深寄情小鱼,2025-03-26 18:53,,Regular,0.7478
Pkm0HaOOB,5148520492834930,zcx洋洋,2025-03-26 18:53,,Regular,0.9919
Pkm0HaOOB,5148520483652661,少点功夫别想,2025-03-26 18:53,,Regular,0.0353
PkkWOhQrL,5148520479719643,野蜂飞舞yffw,2025-03-26 18:53,,Regular,0.0023
Pkm0HaOOB,5148520449573058,白芷天色,2025-03-26 18:53,,Regular,0.3793
PkkEPccCF,5148588138302448,Enee-,2025-03-26 23:22,,Regular,0.5885
PkmVd7wLL,5148548770302192,雨落秋思年,2025-03-26 20:45,,Regular,0.013
Pl93A4LIG,5150400967083466,心境明澈001,2025-03-31 23:25,,Regular,0.4803
Pl93A4LIG,5150400828408922,养只小猫叫八月a,2025-03-31 23:25,,Regular,0.0819
Pkm0HaOOB,5148520428606099,但不能被打败,2025-03-26 18:53,,Regular,0.3337
Pkm0HaOOB,5148520395836262,认认真真做事的鹃,2025-03-26 18:53,,Regular,0.999
Pkm0HaOOB,5148520395311012,zcx雅雅,2025-03-26 18:53,,Regular,0.9731
Pkm0HaOOB,5148520375389764,祝我与孤独和好如初,2025-03-26 18:52,,Regular,0.9687
Pkm0HaOOB,5148520375387479,刚刚开始美绝素,2025-03-26 18:52,,Regular,0.9056
PmrqKv552,5153662222206438,淄博中院,2025-04-09 23:24,,BlueV,0.0174
PknRBxSrE,5148586485748392,石嘴晨曦,2025-03-26 23:15,,YellowV,0.9727
PkmXnERON,5148548393341810,摩羯joe小凡_142,2025-03-26 20:44,,Regular,0.0162
PkYGxaZzI,5150032344909010,Herbiewu,2025-03-30 23:00,,GoldV,0.0209
Pkm0HaOOB,5148520328726062,正不压峫-,2025-03-26 18:52,,Regular,0.0068
Pkm0HaOOB,5148520328724614,a好好呀-,2025-03-26 18:52,,Regular,0.9947
Pkm0HaOOB,5148520308542784,一阵风吹过来又划走,2025-03-26 18:52,,Regular,0.8377
Pkm0HaOOB,5148520253755160,小不点佳渔,2025-03-26 18:52,,Regular,0.9663
PmipoCMYf,5153298338027962,无量ggmm,2025-04-08 23:18,,Regular,0.1049
PmErWz2Zu,5154025041824165,用户5653270727,2025-04-10 23:26,,Regular,0.5885
PkmXnERON,5148548393339987,欧小磊611,2025-03-26 20:44,,Regular,0.1144
PklTRygcr,5148586087813450,Evening1111,2025-03-26 23:14,,Regular,0.5885
Pl4iE9MAT,5150400224960054,王小p是条狗,2025-03-31 23:22,,Regular,0.5885
Pl6mPaSuR,5150400043549907,Believing77,2025-03-31 23:22,,Regular,0.5885
Pkm0HaOOB,5148520243794063,雅安吖45,2025-03-26 18:52,,Regular,0.9918
Pkm0HaOOB,5148520241434101,很咸的咸俞ovo,2025-03-26 18:52,,Regular,0.9994
Pkm0HaOOB,5148520214695635,不会的事不问,2025-03-26 18:52,,Regular,0.9965
Pkm0HaOOB,5148520202900688,芝士蛋卷好吃,2025-03-26 18:52,,Regular,0.5121
Pkm0HaOOB,5148520176945059,是好运来了吖,2025-03-26 18:52,,Regular,0.9361
Pkm0HaOOB,5148520173013279,a晶莹呀,2025-03-26 18:52,,Regular,0.9978
PmkpAiemE,5153298308404071,金融炼金师,2025-04-08 23:18,,Regular,0.1242
Pkm0HaOOB,5148520160692679,戡蓄姬皙瑜,2025-03-26 18:52,,Regular,0.8584
Pkm0HaOOB,5148520153352228,蛋黄帕恰雪饼,2025-03-26 18:52,,Regular,0.917
PlpMStXbk,5151125104755309,那川砢町,2025-04-02 23:23,,Regular,0.5885
PlmvgvtX1,5153661501049782,-青风视觉-,2025-04-09 23:21,,Regular,0.5885
Pmv4UrXW4,5153661256995575,甜筒巧克力冰淇淋,2025-04-09 23:20,,Regular,0.5885
Pkm0HaOOB,5148520139194745,因风附轻翼,2025-03-26 18:51,,Regular,0.9969
Pkm0HaOOB,5148520114294508,一生缘爱刘,2025-03-26 18:51,,Regular,0.9996
Pkm0HaOOB,5148520105640548,年糕不糕冷ouo,2025-03-26 18:51,,YellowV,0.9467
PmmiS8AiN,5153298098425823,围观的castagna,2025-04-08 23:17,,Regular,0.5885
Pkm0HaOOB,5148520097251427,惹猫惹虎别惹我,2025-03-26 18:51,,Regular,0.9715
Pmv4UrXW4,5153660838347394,水色池塘半亩花田,2025-04-09 23:19,,Regular,0.2144
Pkm0HaOOB,5148520089652562,zk唯e美,2025-03-26 18:51,,Regular,0.9963
Pkm0HaOOB,5148520056619580,喜爱的秋,2025-03-26 18:51,,Regular,0.8721
Pkm0HaOOB,5148520039582851,呱唧花花花茶,2025-03-26 18:51,,Regular,0.999
Pkm0HaOOB,5148520014414511,看漫画的玫瑰花,2025-03-26 18:51,,Regular,0.9816
Pkm0HaOOB,5148520005504218,欣欣奶萌儿,2025-03-26 18:51,,Regular,0.9896
Pkm0HaOOB,5148519975354687,认认真真做事粒,2025-03-26 18:51,,Regular,0.9377
Pkm0HaOOB,5148519971162037,饮酒故事,2025-03-26 18:51,,Regular,0.9427
Pkm0HaOOB,5148519960150551,我有一头肥肥,2025-03-26 18:51,,Regular,0.9914
Pkm0HaOOB,5148519914018066,小二哥的小二哥,2025-03-26 18:51,,Regular,0.9984
Pkm0HaOOB,5148519876005419,我是人生的赢家,2025-03-26 18:50,,Regular,0.9991
Pkm0HaOOB,5148519853986832,一帘幽梦Aa_,2025-03-26 18:50,,Regular,0.9987
Pmv5QuF3Q,5153659169805667,闲时阅读理解,2025-04-09 23:12,,Regular,0.0034
PmDmHr39t,5154023578801276,来自老百姓的基层干部,2025-04-10 23:20,,Regular,0.0657
PhMPowWQV,5148584060129779,肤爽宠物水疗液,2025-03-26 23:05,,Regular,0.5885
Pkm0HaOOB,5148519850836850,我心中的大中华,2025-03-26 18:50,,Regular,0.9923
Pkm0HaOOB,5148519842451516,清楚定位,2025-03-26 18:50,,Regular,0.9512
Pkm0HaOOB,5148519815973956,旧照片集,2025-03-26 18:50,,Regular,0.9955
Pkm0HaOOB,5148519762495790,Li_李先生nan,2025-03-26 18:50,,Regular,0.9984
PksDueWaB,5149673620510057,李尔摩4869,2025-03-29 23:15,,Regular,0.5885
PkdL3hHDo,5148546773288555,隐士解惑,2025-03-26 20:37,,Regular,0.0102
Pkm0HaOOB,5148519678086448,_聚多多,2025-03-26 18:50,,Regular,0.9989
Pkm0HaOOB,5148519673367481,四十四次日落好美,2025-03-26 18:50,,Regular,0.9366
Pkm0HaOOB,5148519623035256,大觉寺生快生快开始,2025-03-26 18:49,,Regular,0.9632
Pkm0HaOOB,5148519610712554,不是你的她他不爱他,2025-03-26 18:49,,Regular,0.3946
Pmv95mnVG,5153657965514913,期货花娇,2025-04-09 23:07,,YellowV,0.6395
PmrqKv552,5153657913871728,用户7789508154,2025-04-09 23:07,,Regular,0.2591
Pkm0HaOOB,5148519582142519,绢子喜欢旅行一起约,2025-03-26 18:49,,Regular,0.9997
Pkm0HaOOB,5148519560905063,奇迹自然会降临,2025-03-26 18:49,,Regular,0.2033
Pkm0HaOOB,5148519557760146,火车一晃再一晃,2025-03-26 18:49,,Regular,0.9086
Pkm0HaOOB,5148519540460376,胖胖胖胖胖_滴,2025-03-26 18:49,,Regular,0.9971
Pkm0HaOOB,5148519518177115,我和春天有个约会呦,2025-03-26 18:49,,Regular,0.5837
Pkm0HaOOB,5148519510052053,我要下雪了我,2025-03-26 18:49,,Regular,0.9929
Pkm0HaOOB,5148519486456128,汝信老顽童,2025-03-26 18:49,,Regular,0.0367
Pkm0HaOOB,5148519472301537,发光去爱自己,2025-03-26 18:49,,Regular,0.6679
Pkm0HaOOB,5148519464698373,巴士琳琳琳琳琳,2025-03-26 18:49,,Regular,0.9797
PmBxsAPQe,5154022027429829,瑾怡困了,2025-04-10 23:14,,Regular,0.6988
PlmvgvtX1,5154021574181532,racher168,2025-04-10 23:12,,Regular,0.9926
Pkm0HaOOB,5148519435604427,刚刚开始美绝素,2025-03-26 18:49,,Regular,0.9072
Pl7UgBH1C,5150397182248883,用户3790042357,2025-03-31 23:10,,Regular,0.0039
Pkm0HaOOB,5148519434553305,我不心把自己弄丢了,2025-03-26 18:49,,Regular,0.9841
Pkm0HaOOB,5148519423283024,温柔坚定不移,2025-03-26 18:49,,Regular,0.8467
Pkm0HaOOB,5148519413847018,ningzhenyouqu,2025-03-26 18:49,,Regular,0.972
Pkm0HaOOB,5148519359844985,qtuehui,2025-03-26 18:48,,Regular,0.9949
Pkm0HaOOB,5148519308725007,我的猪猪女孩熙宝贝,2025-03-26 18:48,,Regular,0.8525
Pkm0HaOOB,5148519279890553,十全十美的_爱情,2025-03-26 18:48,,Regular,0.9997
Pkm0HaOOB,5148519258129206,不要去遗憾,2025-03-26 18:48,,Regular,0.238
PjMPDfMLb,5151122222222172,Nekromanzer,2025-04-02 23:11,,Regular,0.5885
PmEM4pN3X,5154020450109727,古月中心相心,2025-04-10 23:08,,RedV,0.888
Pmuyxu7Tx,5153656405229976,光线入户,2025-04-09 23:01,,Regular,0.5885
Pl3sojSmB,5150396985643514,用户7884824825,2025-03-31 23:09,,Regular,0.5885
Pkm0HaOOB,5148519250264682,走火入魔best,2025-03-26 18:48,,Regular,0.9956
Pkm0HaOOB,5148519196793164,贴贴运好,2025-03-26 18:48,,Regular,0.6984
Pkm0HaOOB,5148519195481582,小黄天天早睡早起,2025-03-26 18:48,,Regular,0.9651
Pkm0HaOOB,5148519183681273,脸颊红pp,2025-03-26 18:48,,Regular,0.9899
Pkm0HaOOB,5148519146721604,赖皮小精灵,2025-03-26 18:48,,Regular,0.9936
PkElPhyAB,5149672180025635,你看起来很丑的,2025-03-29 23:09,,Regular,0.5885
Pkm0HaOOB,5148519138332684,人生不如意十有之十,2025-03-26 18:48,,Regular,0.0598
Pkm0HaOOB,5148519132563549,永往太阳里,2025-03-26 18:47,,Regular,0.8495
Pkm0HaOOB,5148519121551507,俏皮柠檬片在打太极,2025-03-26 18:47,,Regular,0.9907
Pkm0HaOOB,5148519088000645,妞妞你要干啥,2025-03-26 18:47,,Regular,0.9997
Pkm0HaOOB,5148519061000182,在南山吃白米的向日葵哈,2025-03-26 18:47,,Regular,0.9888
Pkm0HaOOB,5148519027446367,好运闪耀,2025-03-26 18:47,,Regular,0.7547
Pkm0HaOOB,5148519015647646,眼皮在抖动,2025-03-26 18:47,,Regular,0.9981
PkElPhyAB,5149671681166391,Aobaa,2025-03-29 23:07,,Regular,0.5885
PkPCDgKj3,5149671366332860,锦州播报,2025-03-29 23:06,,BlueV,0.9269
PlmvgvtX1,5154018830585874,牛儿在家2848,2025-04-10 23:01,,Regular,0.1242
Pkm0HaOOB,5148519015908623,唱愁语,2025-03-26 18:47,,Regular,0.0273
Pkm0HaOOB,5148519012499566,让我宋你一朵小红花,2025-03-26 18:47,,Regular,0.9442
Pkm0HaOOB,5148518978685574,假装不是锋,2025-03-26 18:47,,Regular,0.9775
Pkm0HaOOB,5148518977111482,李小胖胖胖胖滴,2025-03-26 18:47,,Regular,0.8245
Pkm0HaOOB,5148518957717736,浅色果子,2025-03-26 18:47,,Regular,0.9958
Pkm0HaOOB,5148518953258586,快乐桃子养生,2025-03-26 18:47,,Regular,0.943
Pkm0HaOOB,5148518944345476,纯粹若水,2025-03-26 18:47,,Regular,0.9985
Pkm0HaOOB,5148518944081449,幸运的幸幸运的运是幸运,2025-03-26 18:47,,Regular,0.9961
PkNAa6dtO,5149670481336161,中原阿梓,2025-03-29 23:03,,YellowV,0.0045
PyVVahmSl,5183268500799847,领事闲谈,2025-06-30 16:09,安哥拉,GoldV,0.1187
N6JlH7XtH,5183383967630150,湘潭刘艺波醒醒,2025-06-30 23:48,湖南,YellowV,0.0629
N6JlH7XtH,5183380855460118,南阳李某蓄意办冤案,2025-06-30 23:36,河南,Regular,0.5885
5184096776230901,5184111611220812,徐徐图徐徐,2025-07-02 23:59,浙江,Regular,0.9949
5184046469745222,5184111585267069,new_华花举花yu,2025-07-02 23:59,广西,Regular,0.5885
5184096776230901,5184111485914549,徐徐图徐徐,2025-07-02 23:59,浙江,Regular,0.994
5183971840754954,5184111254964525,只爱cc0308,2025-07-02 23:58,浙江,Regular,0.9933
5183224322195634,5183386840732441,心里ann,2025-06-30 23:59,河北,YellowV,0.5885
5183214567818569,5183386752122986,打工人要开心吃饭,2025-06-30 23:59,,Regular,0.9971
5183384218502034,5183386734823351,今日俄罗斯RT,2025-06-30 23:59,,BlueV,0.8877
5183363717799155,5183386626296959,超钢铁小刚,2025-06-30 23:58,,Regular,0.9946
5183372685215389,5183386456954318,巴黎在逃圣母玛丽亚,2025-06-30 23:58,,Regular,0.003
5183262319709627,5183386388008728,胡侃闲生,2025-06-30 23:58,,Regular,0.9767
5183224322195634,5183386230721167,拥有海绵宝宝的笑1003,2025-06-30 23:57,,Regular,0.9955
5180412290140703,5183386201362451,雾散时光启,2025-06-30 23:57,山西,Regular,0.5885
5183372672368675,5183386186680609,AzureRare,2025-06-30 23:57,中国台湾,Regular,0.9769
5183372685215389,5183386133990336,摆烂盆咪,2025-06-30 23:57,,RedV,0.0004
5183372685215389,5183386017861716,球球让我再睡一会儿,2025-06-30 23:56,,Regular,0.0053
5181120062688700,5183366635717985,晓月清风1005,2025-06-30 22:39,,Regular,0.9979
5182677050196333,5183378731303241,为三月揽星河,2025-06-30 23:27,,Regular,0.9899
5183288961925487,5183363008434603,Hanna娜宝宝,2025-06-30 22:25,,Regular,0.9954
5183288961925487,5183362407862144,小王i努力,2025-06-30 22:22,,Regular,0.9961
5183215417692192,5183358923185050,幼界Allen_树,2025-06-30 22:08,,Regular,0.9907
5182674978474746,5183372565418293,为三月揽星河,2025-06-30 23:03,,Regular,0.9752
5183288961925487,5183339829925876,最爱开塞露,2025-06-30 20:53,,YellowV,0.991
5183288961925487,5183309451889138,李3月,2025-06-30 18:52,,RedV,0.994
5183229738881103,5183265091617855,胡义信_,2025-06-30 15:56,,Regular,0.9876
5183351830875881,5183352152790622,莲子糯米团,2025-06-30 21:41,,Regular,0.9991
5183288961925487,5183322043189443,一只卡通小企鹅,2025-06-30 19:42,,Regular,0.9949
5180029210461126,5183233655311802,独特记忆深处,2025-06-30 13:51,,Regular,0.9938
5183288752737505,5183335690932182,Yasmina恣肆嫻灬身後馬扁馬扁,2025-06-30 20:36,,Regular,0.9959
5178984820379793,5183190369047332,乘风破浪的蝌蚪kkk,2025-06-30 10:59,,Regular,0.1242
5183348701922075,5183349379566926,仰头吃甜甜2462840787,2025-06-30 21:30,,Regular,0.9269
5183348701922075,5183349255314692,JR-Miki,2025-06-30 21:30,,Regular,0.0979
5183288961925487,5183334981566619,刘亚小楠楠,2025-06-30 20:33,,Regular,0.9958
5183173181833261,5183247572271365,有我有你39,2025-06-30 14:46,,Regular,0.9968
5180029228288465,5183232031327772,不喝不甜的白开水,2025-06-30 13:44,,Regular,0.9616
5182757519228948,5183320658544855,AONIJIYILU,2025-06-30 19:36,,Regular,0.5885
5183348701922075,5183349251640595,向往鹰的飞翔aa,2025-06-30 21:30,,Regular,0.9908
5181202504095567,5183305252341628,为三月揽星河,2025-06-30 18:35,,Regular,0.9642
5183288961925487,5183304909193253,财神爷爷家的小锦鲤,2025-06-30 18:34,,Regular,0.9964
5179175954549598,5183275220864016,自律_198107,2025-06-30 16:36,,Regular,0.5885
5182894801946872,5183129469845825,笑着寻梦,2025-06-30 06:57,,YellowV,0.0045
5182226503044402,5183128793514350,袋鼠国的泰勒蜀黍,2025-06-30 06:54,,YellowV,0.9453
5182669981745502,5183316953402966,为三月揽星河,2025-06-30 19:22,,Regular,0.9816
5183288961925487,5183303078385646,凉凉一凡,2025-06-30 18:26,,Regular,0.9958
5183335070697371,5183343747665145,一身温柔病的ni,2025-06-30 21:08,,Regular,0.4583
5183335070697371,5183343580155006,草籽木木8z,2025-06-30 21:07,,Regular,0.8876
5183335070697371,5183343567574046,L松松S,2025-06-30 21:07,,Regular,0.9957
5183335070697371,5183343532443585,佬网无敌,2025-06-30 21:07,,Regular,0.9964
5178984820379793,5183301155557050,张家界联通,2025-06-30 18:19,,BlueV,0.5885
5182087508265141,5183328627986369,北京鲁戈,2025-06-30 20:08,,RedV,0.1242
5178926335004718,5183286838296672,厦门联通,2025-06-30 17:22,,BlueV,0.5885
5183288752737505,5183326495445751,妳愛過月亮嗎,2025-06-30 20:00,,YellowV,0.9964
5183214010502762,5183221748728107,靖海弄潮儿,2025-06-30 13:03,,Regular,0.5249
5179175954549598,5183286066285327,厦门联通,2025-06-30 17:19,,BlueV,0.5885
5183017053323641,5183150554352448,幸福富贵花柯柯,2025-06-30 08:20,,YellowV,0.036
5183208821886369,5183221178565790,Kingsman_Agent,2025-06-30 13:01,,Regular,0.0881
5183037710532927,5183038327095708,水瓶杨小静,2025-06-30 00:54,,Regular,0.7962
5178926335004718,5183038025631106,株洲联通,2025-06-30 00:53,,BlueV,0.5885
5178539957551128,5183037369223994,株洲联通,2025-06-30 00:51,,BlueV,0.5885
5178210532461646,5183032528997511,株洲联通,2025-06-30 00:31,,BlueV,0.5885
5178539957551128,5179762907021441,晋中联通昔阳政企中心,2025-06-20 23:59,,Regular,0.5885
5178984820379793,5179762730602704,晋中联通昔阳政企中心,2025-06-20 23:58,,Regular,0.5885
5179175954549598,5179762651960262,晋中联通昔阳政企中心,2025-06-20 23:58,,Regular,0.5885
5178210532461646,5178674813077506,中国联通蚌埠客服,2025-06-17 23:55,,BlueV,0.5885
5182904913364928,5183022220449209,哲学研究者的微博,2025-06-29 23:50,,Regular,0.4144
5180975802745470,5181211228242237,妙音居士耶,2025-06-24 23:54,广东,Regular,0.6271
5180975802745470,5181211215401524,lan洋葱,2025-06-24 23:54,江西,Regular,0.1175
5177382614862713,5177571291432566,傑誓尊盟_時線TimeLine,2025-06-14 22:50,,Regular,0.5885
5178210532461646,5178310751423079,zhang5323666,2025-06-16 23:49,,Regular,0.5885
5177504858114225,5177512067861909,11-_11__,2025-06-14 18:55,,Regular,0.98
5178539957551128,5178671310572146,亮晶晶的小盆友757,2025-06-17 23:41,广西,Regular,0.8285
5177539628106763,5177584544645978,白茫茫的兔子,2025-06-14 23:43,浙江,Regular,0.9801
5175671866788147,5177480358658863,叶黄素影姐,2025-06-14 16:49,浙江,Regular,0.9963
5166279166004701,5177480333756697,二黑哥0837,2025-06-14 16:49,吉林,Regular,0.5885
5179722582462392,5179758380061500,海洋装备与公务船资讯,2025-06-20 23:41,上海,RedV,0.9666
5178984820379793,5180845092243411,中山联通,2025-06-23 23:39,广东,BlueV,0.5885
5177504858114225,5177511866532809,11-_11__,2025-06-14 18:54,重庆,Regular,0.9833
5177504858114225,5177511526531863,11-_11__,2025-06-14 18:53,重庆,Regular,0.9956
5177504080072916,5177511399134711,Vanillogurt_1816,2025-06-14 18:52,上海,RedV,0.9982
5178539957551128,5178671062058648,骑巫女的小扫帚,2025-06-17 23:40,广西,Regular,0.9929
5178539957551128,5178670786544493,草莓小布丁100,2025-06-17 23:39,广西,Regular,0.9539
5177382614862713,5177406870786788,风雨初晴ya,2025-06-14 11:57,天津,Regular,0.8429
5178984820379793,5180844939677349,三原联通,2025-06-23 23:39,陕西,BlueV,0.5885
5179175954549598,5180844742543964,中山联通,2025-06-23 23:38,广东,BlueV,0.5885
5177504858114225,5177511395721302,11-_11__,2025-06-14 18:52,重庆,Regular,0.9483
5177504858114225,5177510836831181,南岸校园,2025-06-14 18:50,重庆,BlueV,0.9663
5177504858114225,5177510612697840,南岸校园,2025-06-14 18:49,重庆,BlueV,0.985
5177417052457358,5177523917030406,夏天了Y_,2025-06-14 19:42,上海,Regular,0.9382
5178926335004718,5179032283908394,蜜甜莲苦,2025-06-18 23:36,山西,Regular,0.5885
5177504858114225,5177510477434710,南岸校园,2025-06-14 18:49,重庆,BlueV,0.9167
5177504858114225,5177510402457923,南岸校园,2025-06-14 18:48,重庆,BlueV,0.9713
5178984820379793,5179031994764825,转瞬为美,2025-06-18 23:35,山西,Regular,0.1242
5177504858114225,5177510033362987,南岸校园,2025-06-14 18:47,重庆,BlueV,0.9845
5178926335004718,5179755281519969,雁塔区分公司,2025-06-20 23:29,,Regular,0.5885
5177370429882867,5177375467768074,就是爱音乐的凉姑,2025-06-14 09:52,,Regular,0.9864
5177370429882867,5177375232099063,眼神在旅行,2025-06-14 09:51,,Regular,0.9137
5178926335004718,5179031826989316,wangyusai096_382,2025-06-18 23:34,,Regular,0.9075
5177504858114225,5177509547345860,永川校园,2025-06-14 18:45,,BlueV,0.9793
5177504858114225,5177509411818398,永川校园,2025-06-14 18:45,,BlueV,0.9056
5177504858114225,5177509249549336,永川校园,2025-06-14 18:44,,BlueV,0.9833
5177577572664014,5177580543543780,小南爱发呆,2025-06-14 23:27,,Regular,0.9957
5178926335004718,5179031328129055,约旦河畔007,2025-06-18 23:32,,Regular,0.9688
5177377467401419,5177402009322657,格诺爱折腾,2025-06-14 11:38,,RedV,0.7924
5177504858114225,5177508764844913,永川校园,2025-06-14 18:42,,BlueV,0.9623
5177504858114225,5177508691445850,永川校园,2025-06-14 18:42,,BlueV,0.9904
5177547839244919,5177551314226075,泡泡龙在云上看景,2025-06-14 21:31,,Regular,0.9952
5178210532461646,5180839701776291,憨厚橙子在工作,2025-06-23 23:18,,Regular,0.5885
5180083059036247,5180839689194644,适合的就是想要的,2025-06-23 23:18,,Regular,0.9952
5180083059036247,5180839579357337,适合的就是想要的,2025-06-23 23:17,,Regular,0.9947
5177366280405973,5177372307360937,春暖花开凯哥,2025-06-14 09:40,,Regular,0.9555
5178926335004718,5181203307301271,云在天上飞吗,2025-06-24 23:23,,Regular,0.5885
5178984820379793,5179030585738982,生活永远幸福美好,2025-06-18 23:29,,Regular,0.996
5177504858114225,5177508079077622,合川校园,2025-06-14 18:39,,BlueV,0.8405
5177504858114225,5177507716531761,合川校园,2025-06-14 18:38,,BlueV,0.9951
5177504858114225,5177507663055518,合川校园,2025-06-14 18:38,,BlueV,0.976
5178926335004718,5179030086354967,枕头风暴,2025-06-18 23:27,,Regular,0.9171
5177504858114225,5177507586506908,合川校园,2025-06-14 18:37,,BlueV,0.9734
5175682184511640,5177354691283872,简传媒_视天下,2025-06-14 08:30,,Regular,0.9936
5177382614862713,5177416348602500,uTwTuong,2025-06-14 12:35,,Regular,0.9997
5178926335004718,5179029659587298,逆风四季对,2025-06-18 23:25,,Regular,0.9221
5178926335004718,5179029261127103,三秦小哥,2025-06-18 23:24,,Regular,0.8833
5177504858114225,5177520526985477,重庆市中学生,2025-06-14 19:29,,BlueV,0.1242
5178926335004718,5180836577286232,星星眨眼789,2025-06-23 23:05,,Regular,0.5885
5177504858114225,5177520479540005,重庆市中学生,2025-06-14 19:28,,BlueV,0.1242
5178984820379793,5179029038828591,寻思2012,2025-06-18 23:23,,Regular,0.1242
5177412527587860,5177414416336498,于适-YOSH能量站,2025-06-14 12:27,,GoldV,0.9939
5177557391248254,5177559471884036,燃彬尼,2025-06-14 22:03,,Regular,0.9993
5178984820379793,5179028707477831,elrt唐宋,2025-06-18 23:22,,Regular,0.1242
5178926335004718,5179028675763794,寻思2012,2025-06-18 23:22,,Regular,0.1242
5178984820379793,5179028663436057,聊城联通,2025-06-18 23:21,,BlueV,0.1242
5178926335004718,5179028555175375,豆豆开心豆子,2025-06-18 23:21,,Regular,0.1242
5178846074373369,5179750767398740,悠扬雅儿,2025-06-20 23:11,,Regular,0.1242
5177392953557866,5177395514442402,就是爱音乐的凉姑,2025-06-14 11:12,,Regular,0.987
5176812256888942,5177350536563310,簌簌花微雨,2025-06-14 08:13,,Regular,0.5885
5177412527587860,5177412649751782,于适Yosh的宣传组,2025-06-14 12:20,,RedV,0.9746
5178984820379793,5179028510344304,elrt唐宋,2025-06-18 23:21,,Regular,0.1242
5178984820379793,5179028327635735,聊城晨光,2025-06-18 23:20,,YellowV,0.1242
5178926335004718,5179750453875567,悠扬雅儿,2025-06-20 23:10,,Regular,0.1242
5178984820379793,5179750077175097,悠扬雅儿,2025-06-20 23:08,,Regular,0.1242
5177873729064525,5177874677499075,梦醒十分0805·,2025-06-15 18:56,,Regular,0.991
5178984820379793,5179749464805521,乐不韦伊,2025-06-20 23:06,,Regular,0.1242
5178926335004718,5179749208953744,乐不韦伊,2025-06-20 23:05,,Regular,0.1242
5178984820379793,5179749122971567,雁塔区分公司,2025-06-20 23:04,,Regular,0.5885
5177873729064525,5177874500816103,不一样的糖水,2025-06-15 18:55,,Regular,0.9865
5181181282485546,5181197971623853,大白兔奶糖win,2025-06-24 23:02,,YellowV,0.995
5178846074373369,5179749006836420,乐不韦伊,2025-06-20 23:04,,Regular,0.1242
5177498446856341,5177502092755051,大7--,2025-06-14 18:15,,Regular,0.9899
5178926335004718,5179026859885972,elrt唐宋,2025-06-18 23:14,,Regular,0.1242
5178926335004718,5179026693162277,elrt唐宋,2025-06-18 23:14,,Regular,0.1242
5178926335004718,5179026630508668,聊城联通,2025-06-18 23:13,,BlueV,0.1242
5177412527587860,5177439202578812,Vanillogurt_1816,2025-06-14 14:06,,RedV,0.9982
5178926335004718,5179026530631932,一直很安静6669,2025-06-18 23:13,,Regular,0.1242
5178926335004718,5179026421057853,一直很安静6669,2025-06-18 23:13,,Regular,0.1242
5178210532461646,5179026325115483,bgsZws0088,2025-06-18 23:12,,Regular,0.9939
5178539957551128,5179025901489328,bgsZws0088,2025-06-18 23:10,,Regular,0.9939
5178984820379793,5179025641179682,一直很安静6669,2025-06-18 23:09,,Regular,0.1242
5178984820379793,5179025603694702,一直很安静6669,2025-06-18 23:09,,Regular,0.1242
5178984820379793,5179025573021321,一直很安静6669,2025-06-18 23:09,,Regular,0.1242
5178926335004718,5179025295410602,bgsZws0088,2025-06-18 23:08,,Regular,0.9939
5178984820379793,5179025141271823,bgsZws0088,2025-06-18 23:07,,Regular,0.9939
5177752149296538,5177852367733141,柚子菇凉不放假,2025-06-15 17:27,,Regular,0.9588
5178984820379793,5179023136134270,嘉兴联通,2025-06-18 23:00,,BlueV,0.9935
5177140481887497,5177746690934284,金石正思维finekeeper,2025-06-15 10:27,,Regular,0.9976
5177766971969014,5177774296008653,珍的很好笑啊,2025-06-15 12:17,,Regular,0.9993
5177766971969014,5177773608141784,Jane_鱼鱼,2025-06-15 12:14,,Regular,0.999
5177783535013263,5177788256489678,值滴,2025-06-15 13:13,,Regular,0.0742
5177761556857835,5177787195593571,jan瘦到一百斤,2025-06-15 13:08,,Regular,0.9965
5178209386891230,5178282460581523,StrOngerrrrr,2025-06-16 21:56,,Regular,0.9918
5178241721568403,5178281752004850,才可扶司机,2025-06-16 21:54,,RedV,0.9966
5177761556857835,5177786681786457,只为你_着迷,2025-06-15 13:06,,Regular,0.9961
5178209386891230,5178281059945503,Hawaiimimi200902,2025-06-16 21:51,,Regular,0.5885
5178261274887279,5178266667193472,嗷嗷幸运,2025-06-16 20:54,,Regular,0.9895
5178210532461646,5178222506934865,天津联通,2025-06-16 17:58,,BlueV,0.9951
5177559928276120,5177726924488796,恋爱八十步皿,2025-06-15 09:09,,Regular,0.9994
5178210532461646,5178265372721874,jzy720107,2025-06-16 20:48,,Regular,0.994
5178193405281914,5178250788602136,涵月清,2025-06-16 19:50,,Regular,0.9895
5178193405281914,5178250768942205,胡义信_,2025-06-16 19:50,,Regular,0.9248
5178193405281914,5178250755312862,JR-Miki,2025-06-16 19:50,,Regular,0.9882
5177761556857835,5177785155062957,左优左优2507,2025-06-15 13:00,,Regular,0.9995
5178210532461646,5178220651484110,bgs高军华0198,2025-06-16 17:51,,Regular,0.681
5178152636911805,5178159485948068,lllllsssllllll,2025-06-16 13:48,,Regular,0.9959
5178152636911805,5178159285929016,我的名字十二个字不信你看_617,2025-06-16 13:47,,Regular,0.5
5178152636911805,5178159281474477,永不言弃之爱情,2025-06-16 13:47,,Regular,0.9947
5171350475116734,5178115867542605,邻家小嫚,2025-06-16 10:54,,Regular,0.9027
5178209386891230,5178220594332311,懒懒大王咪,2025-06-16 17:50,,Regular,0.844
5178209386891230,5178220410045152,卡哇漪莱文,2025-06-16 17:50,,Regular,0.9345
5178210532461646,5178247986808142,小燕子YCQ,2025-06-16 19:39,,Regular,0.8926
5171350188856042,5178115336704347,邻家小嫚,2025-06-16 10:52,,Regular,0.9866
5178209386891230,5178219881302872,条子桃子,2025-06-16 17:48,,Regular,0.9927
5178209386891230,5178219860070919,我终于有号了,2025-06-16 17:48,,Regular,0.8682
5178210532461646,5178219185832659,厦门联通,2025-06-16 17:45,,BlueV,0.5885
5178209386891230,5178218317088592,浅蓝Kiwi,2025-06-16 17:41,,Regular,0.9848
5178210532461646,5178218313155967,福建联通,2025-06-16 17:41,,BlueV,0.9942
5178210532461646,5178290512856176,shouyang杜玉华,2025-06-16 22:28,,Regular,0.5885
5178209386891230,5178217666972494,喂别那么可爱,2025-06-16 17:39,,Regular,0.9956
5178210532461646,5178276855419977,茱萸客123,2025-06-16 21:34,,Regular,0.9764
5178210532461646,5178276666676468,茱萸客123,2025-06-16 21:33,,Regular,0.9383
5178210532461646,5178230941942259,甜妹颖火虫kisss,2025-06-16 18:32,,Regular,0.9794
5178210532461646,5178217494746368,阳江联通客服,2025-06-16 17:38,,BlueV,0.5885
5178132191249102,5178275779055599,奶茶烧仙草大杯,2025-06-16 21:30,,Regular,0.6626
5178210532461646,5178230912060318,甜妹颖火虫kisss,2025-06-16 18:31,,Regular,0.994
5178209386891230,5178216605026594,一只爱喝养乐多的小六咻咻,2025-06-16 17:35,,Regular,0.9084
5178209386891230,5178216391115592,Mik4verse,2025-06-16 17:34,,YellowV,0.9276
5178132191249102,5178275681797797,阚豆豆shmily,2025-06-16 21:29,,Regular,0.8206
5178132191249102,5178275648508627,骑不快的摔跤,2025-06-16 21:29,,Regular,0.9838
5178209386891230,5178215314228700,百分之百的小新,2025-06-16 17:30,,Regular,0.9859
5178214491359217,5178215182372515,超大sea,2025-06-16 17:29,,RedV,0.0004
5178156453467072,5178256677667627,阳光沐浴着小雨,2025-06-16 20:14,,Regular,0.9658
5178156453467072,5178256246181172,曙光奇士,2025-06-16 20:12,,Regular,0.9356
5178156453467072,5178256234120755,暂时不要脸,2025-06-16 20:12,,Regular,0.4532
5178156453467072,5178256162816708,寄个春天给你sz,2025-06-16 20:12,,Regular,0.9802
5178156453467072,5178256097546511,猫街姑娘喜欢猫_,2025-06-16 20:12,,Regular,0.9699
5178156453467072,5178256061367137,诗圣麻婆豆腐,2025-06-16 20:11,,Regular,0.9963
5178156453467072,5178256055602536,Mon坤,2025-06-16 20:11,,Regular,0.8225
5178209386891230,5178228037911824,米卡迷,2025-06-16 18:20,,Regular,0.994
5178156453467072,5178256006322559,蛋蛋and日记,2025-06-16 20:11,,Regular,0.9824
5178156453467072,5178255994258316,lllllsssllllll,2025-06-16 20:11,,Regular,0.9654
5178156453467072,5178255984298621,淘淘200910,2025-06-16 20:11,,Regular,0.9432
5178156453467072,5178255973552800,芮丝,2025-06-16 20:11,,Regular,0.6461
5178156453467072,5178255963587458,她叫chenlili,2025-06-16 20:11,,Regular,0.0194
5178156453467072,5178255898575835,阿苏她很美,2025-06-16 20:11,,Regular,0.8611
5178156453467072,5178255829108767,Zoe_龙猫-,2025-06-16 20:11,,Regular,0.7678
5178156453467072,5178255809189345,璟楠艺术品,2025-06-16 20:10,,Regular,0.8076
5178156453467072,5178255795553238,斑斑秒啦,2025-06-16 20:10,,Regular,0.9922
5178209386891230,5178227320422831,宝贝猪不是berghain女王,2025-06-16 18:17,,YellowV,0.27
5178210532461646,5178227083446169,等月季开1987,2025-06-16 18:16,,Regular,0.9955
5178156453467072,5178255793455599,眉就我自己,2025-06-16 20:10,,Regular,0.7533
5178209386891230,5178226183767627,i_love_tudou,2025-06-16 18:13,,Regular,0.5885
5178121855962770,5178630531715368,浪漫主义的外婆桥,2025-06-17 20:59,,Regular,0.977
5178121855962770,5178630524374766,ismylikey,2025-06-17 20:59,,Regular,0.4697
5178539957551128,5178630439442591,yun14809,2025-06-17 20:59,,Regular,0.5885
5178121855962770,5178630435242780,曙光奇士,2025-06-17 20:59,,Regular,0.9904
5178121855962770,5178630434980343,蛋蛋and日记,2025-06-17 20:59,,Regular,0.9012
5178209386891230,5178268300350685,我金的布吉島呀,2025-06-16 21:00,,Regular,0.5885
5178210532461646,5178238864457801,用户7867824314,2025-06-16 19:03,,Regular,0.9919
5178210532461646,5178615408624225,鄠邑联通,2025-06-17 19:59,,BlueV,0.5885
5178210532461646,5178628830399256,通信管理员,2025-06-17 20:53,,Regular,0.9842
5178123217800823,5178628632742875,忍不住遛猫了,2025-06-17 20:52,,Regular,0.9283
5178123217800823,5178628561179292,兮瑶变萌,2025-06-17 20:52,,Regular,0.9896
5178210532461646,5178223369389840,嘉兴联通,2025-06-16 18:02,,BlueV,0.996
5178210532461646,5178554124861567,辉姑娘9073,2025-06-17 15:56,,Regular,0.5885
5178210532461646,5178569047409025,BJ-光辉,2025-06-17 16:55,,Regular,0.9848
5178210532461646,5178568683293768,昔阳县联通公司周海亮,2025-06-17 16:54,,Regular,0.5622
5178488185160052,5178613552906675,莓茗籽也,2025-06-17 19:52,,Regular,0.739
5178488185160052,5178613499431097,仰望天空是我们的颜色,2025-06-17 19:52,,Regular,0.2529
5178539957551128,5178553907283664,渭南联通,2025-06-17 15:55,,BlueV,0.5885
5178539957551128,5178568259668795,新余联通,2025-06-17 16:52,,BlueV,0.9957
5178539957551128,5178568212743023,昔阳县联通公司周海亮,2025-06-17 16:52,,Regular,0.5622
5178488185160052,5178613416855144,TNT-宋亚轩轩子,2025-06-17 19:51,,Regular,0.836
5178488185160052,5178613402959879,木彼得堡,2025-06-17 19:51,,Regular,0.1139
5178488185160052,5178613387234840,夜场性嗨曲,2025-06-17 19:51,,Regular,0.9925
5178210532461646,5178539378737990,洋洋洋47028,2025-06-17 14:57,,Regular,0.9517
5178488185160052,5178613231521945,快乐柠檬岩盐芝士__,2025-06-17 19:51,,Regular,0.8377
5178210532461646,5178523036944140,今天好心情2023,2025-06-17 13:52,,Regular,0.5885
5178539957551128,5178656084722826,长治久安城北,2025-06-17 22:41,,Regular,0.994
5178210532461646,5178493202598967,渭南联通生活圈,2025-06-17 11:54,,BlueV,0.5885
5178210532461646,5178492924723425,潼关联通,2025-06-17 11:53,,BlueV,0.5885
5178210532461646,5178553286788121,辉姑娘9073,2025-06-17 15:52,,Regular,0.5885
5178133682585639,5178626274495938,云小朵儿755,2025-06-17 20:43,,Regular,0.5887
5178133682585639,5178626160984947,俩个宝宝的兔子妈咪-,2025-06-17 20:42,,Regular,0.9892
5178488185160052,5178613214480813,lan洋葱,2025-06-17 19:51,,Regular,0.9654
5178210532461646,5178595141222974,hszhb赵敏,2025-06-17 18:39,,Regular,0.9992
5178210532461646,5178492582103107,合阳联通,2025-06-17 11:51,,BlueV,0.5885
5178210532461646,5178492423766913,富平-联通,2025-06-17 11:51,,BlueV,0.5885
5178210532461646,5178492053881786,华阴联通,2025-06-17 11:49,,BlueV,0.5885
5178539957551128,5178594764525316,hszhb赵敏,2025-06-17 18:37,,Regular,0.9992
5178210532461646,5178491629732109,通信小行家,2025-06-17 11:47,,Regular,0.5885
5178210532461646,5178431588533609,是朱娜娜吖,2025-06-17 07:49,,Regular,0.9944
5178539957551128,5178583236742987,送我一生暖阳,2025-06-17 17:52,,Regular,0.5885
5178210532461646,5178538451013590,JamesX23,2025-06-17 14:54,,Regular,0.996
5178539957551128,5178639897330754,如流水,2025-06-17 21:37,,Regular,0.9944
5178539957551128,5178653869870689,zhong4657,2025-06-17 22:32,,Regular,0.5885
5178643442571296,5178653735388175,星辰大海youme,2025-06-17 22:32,,Regular,0.9971
5178482076418419,5178506847191922,财不如健康,2025-06-17 12:48,,RedV,0.1545
5178539957551128,5178624568725011,正义zyzy,2025-06-17 20:36,,Regular,0.9997
5178210532461646,5178476098488445,晋中联通昔阳县域维护网络RYZ,2025-06-17 10:46,,Regular,0.5885
5177417052457358,5178415612691569,原寻--,2025-06-17 06:45,,Regular,0.5885
5178209386891230,5178549936062780,说好的约定143mph,2025-06-17 15:39,,Regular,0.661
5178210532461646,5178399595168012,长治久安城北,2025-06-17 05:42,,Regular,0.9794
5178210532461646,5178460881816873,安儿爱你,2025-06-17 09:45,,Regular,0.5885
5178588539653359,5178591035265629,廖孝炳粉丝,2025-06-17 18:22,,Regular,0.9421
5178210532461646,5178536704872664,君歌微博,2025-06-17 14:47,,Regular,0.5885
5178210532461646,5178536688092747,北京联通房山分公司,2025-06-17 14:47,,BlueV,0.9907
5178210532461646,5178536570654405,北京联通房山分公司,2025-06-17 14:46,,BlueV,0.9946
5178539957551128,5178564276127569,惠州联通客服,2025-06-17 16:36,,BlueV,0.5885
5178210532461646,5178410372433227,jasonsir999,2025-06-17 06:25,,Regular,0.994
5178210532461646,5178474215246005,伊春-顾华宇,2025-06-17 10:38,,Regular,0.9951
5178209386891230,5178604985778521,想改个名但不知道应该叫啥,2025-06-17 19:18,,Regular,0.5885
5178539957551128,5178587507329049,wkboy0823,2025-06-17 18:08,,Regular,0.5885
5178539957551128,5178562849538584,天津联通,2025-06-17 16:30,,BlueV,0.9964
5178210532461646,5178473245311006,奎屯联通,2025-06-17 10:34,,BlueV,0.5885
5178210532461646,5178442829007371,青岛联通官方微博,2025-06-17 08:34,,BlueV,0.997
5178539957551128,5178647046784820,枕头风暴,2025-06-17 22:05,,Regular,0.9624
5178539957551128,5178618315280866,八面佛阿坤,2025-06-17 20:11,,Regular,0.936
5178539957551128,5178618159566695,蔡文姬12345,2025-06-17 20:10,,Regular,0.972
5178539957551128,5178618071744943,澜澜12345,2025-06-17 20:10,,Regular,0.9412
5178210532461646,5178496135463115,xyltyj,2025-06-17 12:05,,Regular,0.5885
5178210532461646,5178482594417893,bgsdcslrj,2025-06-17 11:12,,Regular,0.9747
5178210532461646,5178470540771650,l逸喧,2025-06-17 10:24,,Regular,0.9955
5178210532461646,5178511326184595,陇县小分队,2025-06-17 13:06,,Regular,0.5885
5178210532461646,5178420535231943,X敏子-,2025-06-17 07:05,,Regular,0.994
5178210532461646,5178560476086594,晨光微暖517,2025-06-17 16:21,,Regular,0.9939
5178984820379793,5178991876244216,刘萍90-,2025-06-18 20:55,,Regular,0.1242
5178841901041757,5178962600001619,骑着猫流浪的鱼,2025-06-18 18:59,,Regular,0.913
5178926335004718,5178976563627458,通信管理员,2025-06-18 19:54,,Regular,0.9842
5178926335004718,5179006786997346,阿拉丁_神灯,2025-06-18 21:55,,Regular,0.1242
5178984820379793,5179006536388983,阿拉丁_神灯,2025-06-18 21:54,,Regular,0.1242
5178842633211664,5178961371857865,手机移栋用户,2025-06-18 18:54,,Regular,0.0554
5178926335004718,5178989473956469,i_Jesus,2025-06-18 20:46,,Regular,0.1242
5178121855962770,5178630621367547,送鼠鼠回家,2025-06-17 21:00,,Regular,0.9302
5178926335004718,5179005557015905,肖红梅1979,2025-06-18 21:50,,Regular,0.1242
5178926335004718,5179005361196956,风晨风,2025-06-18 21:49,,Regular,0.1242
5178926335004718,5178932447151757,jzy720107,2025-06-18 16:59,,Regular,0.9695
5178539957551128,5178540366758336,青岛联通官方微博,2025-06-17 15:01,,BlueV,0.9972
5177766971969014,5178540242504600,我家我爱与颖相伴,2025-06-17 15:01,,Regular,0.9914
5177766971969014,5178540211572591,我家我爱与颖相伴,2025-06-17 15:01,,Regular,0.9963
5178926335004718,5178974477222434,信阳联通分公司,2025-06-18 19:46,,BlueV,0.5885
5178984820379793,5179005290155808,肖红梅1979,2025-06-18 21:49,,Regular,0.1242
5178984820379793,5179005050552916,筱筱茜儿_671,2025-06-18 21:48,,Regular,0.1242
5178539957551128,5178559414408325,中国联通陕西榆林客服,2025-06-17 16:17,,BlueV,0.9961
5178957395661364,5178958557742498,半岛湛江TSAMKONG,2025-06-18 18:43,,YellowV,0.9898
5178926335004718,5178973232825265,沃在路上,2025-06-18 19:41,,Regular,0.1242
5178984820379793,5179004870461566,风晨风,2025-06-18 21:47,,Regular,0.1242
5178984820379793,5179004302920901,沃在路上,2025-06-18 21:45,,Regular,0.1242
5178210532461646,5178558990257907,中国联通陕西榆林客服,2025-06-17 16:15,,BlueV,0.9956
5178926335004718,5178931772918586,天津联通,2025-06-18 16:56,,BlueV,0.9945
5178926335004718,5178931482725222,你看起来很丑的,2025-06-18 16:55,,Regular,0.5
5178539957551128,5178931000640412,蔡徐坤的小迷妹0122,2025-06-18 16:53,,Regular,0.5885
5178880434637533,5178886888623446,我的育儿园,2025-06-18 13:58,,Regular,0.9993
5178880434637533,5178916130260857,菠萝菠萝蜜思密达哈,2025-06-18 15:54,,Regular,0.9994
5178926335004718,5179017037874015,聊城联通,2025-06-18 22:35,,BlueV,0.1242
5178926335004718,5178986692610883,张远喜_339,2025-06-18 20:35,,Regular,0.5885
5178210532461646,5178841719898356,阳天意一,2025-06-18 10:59,,Regular,0.9598
5178210532461646,5178464581190112,白水-联通,2025-06-17 10:00,,BlueV,0.5885
5178926335004718,5179016815839093,骑巫女的小扫帚,2025-06-18 22:34,,Regular,0.9821
5178539957551128,5178884955311014,gxm微博,2025-06-18 13:50,,Regular,0.5885
5178926335004718,5178956447748208,是朱娜娜吖,2025-06-18 18:35,,Regular,0.9944
5178899929235900,5178900485243114,daydayzzzzz,2025-06-18 14:52,,Regular,0.9522
5178926335004718,5179003251724961,阳光小白马balaa,2025-06-18 21:40,,Regular,0.1242
5178926335004718,5179016529317733,亮晶晶的小盆友757,2025-06-18 22:33,,Regular,0.7057
5178539957551128,5178884548723306,bgs王海龙,2025-06-18 13:49,,Regular,0.9939
5178880434637533,5178913937950989,沐朵没有十八岁,2025-06-18 15:46,,Regular,0.9992
5178984820379793,5179002849331374,晋山沟人家,2025-06-18 21:39,,Regular,0.9939
5178926335004718,5179016273464850,草莓小布丁100,2025-06-18 22:32,,Regular,0.9936
5178539957551128,5178985549929876,bgs高军华0198,2025-06-18 20:30,,Regular,0.681
5178926335004718,5178984972424328,bgs高军华0198,2025-06-18 20:28,,Regular,0.681
5178926335004718,5178953557868705,张丽zl3350,2025-06-18 18:23,,Regular,0.1242
5178926335004718,5178940286571461,榆林联通,2025-06-18 17:30,,BlueV,0.5885
5178984820379793,5179001254969924,bgsqx0653,2025-06-18 21:33,,Regular,0.5885
5178926335004718,5179001057838410,kukakuku,2025-06-18 21:32,,Regular,0.1242
5178210532461646,5178556347846712,唐刚518,2025-06-17 16:05,,Regular,0.5885
5178926335004718,5178953544761410,张丽zl3350,2025-06-18 18:23,,Regular,0.1242
5178938638995399,5178940005549529,当你走过欢乐场,2025-06-18 17:29,,Regular,0.9229
5178938638995399,5178939949452410,哥哥帅到掉渣喔,2025-06-18 17:29,,Regular,0.2796
5178938638995399,5178939929528317,军军家在,2025-06-18 17:29,,Regular,0.362
5178926335004718,5179000403793957,茱萸客123,2025-06-18 21:29,,Regular,0.1242
5178926335004718,5178967985750430,caolihua雪儿,2025-06-18 19:20,,Regular,0.1242
5178926335004718,5178953150760694,聊城冰山来客,2025-06-18 18:21,,Regular,0.1242
5178539957551128,5178927207155182,洋洋洋47028,2025-06-18 16:38,,Regular,0.9814
5178539957551128,5178912405721080,君歌微博,2025-06-18 15:40,,Regular,0.5885
5178984820379793,5178999837297166,茱萸客123,2025-06-18 21:27,,Regular,0.1242
5178984820379793,5178999772810417,茱萸客123,2025-06-18 21:27,,Regular,0.9957
5178880434637533,5178966941897391,用户7648080599,2025-06-18 19:16,,Regular,0.6808
5178926335004718,5178926640925630,山西联通,2025-06-18 16:36,,BlueV,0.9957
5178880434637533,5178896045834363,雪雪ive,2025-06-18 14:34,,Regular,0.9982
5178773902721799,5178776350884278,dfgs3678,2025-06-18 06:39,,Regular,0.192
5178539957551128,5178809000920564,北京联通二区分公司,2025-06-18 08:49,,Regular,0.5885
5178880434637533,5178895565329184,甜美桃子拍风景,2025-06-18 14:33,,Regular,0.9972
5178984820379793,5179013431823573,无敌小宇宙84599,2025-06-18 22:21,,Regular,0.1242
5178926335004718,5178981596530507,伟峰哥2017,2025-06-18 20:14,,Regular,0.1242
5178926335004718,5178981533355365,伟峰哥2017,2025-06-18 20:14,,Regular,0.1242
5178926335004718,5178950976540055,brook_rr,2025-06-18 18:13,,Regular,0.1242
5178539957551128,5178821963942761,微笑JC710,2025-06-18 09:40,,Regular,0.5885
5178880434637533,5178895120994449,春日茶水,2025-06-18 14:31,,Regular,0.9995
5178926335004718,5178937707072027,幸运的梅贝儿,2025-06-18 17:20,,Regular,0.9949
5178984820379793,5179012274194668,起司-甜饼,2025-06-18 22:16,,Regular,0.1242
5178926335004718,5178980677978309,蔡文姬12345,2025-06-18 20:11,,Regular,0.9944
5178210532461646,5178807392930242,蓝田联通,2025-06-18 08:42,,BlueV,0.8926
5178880434637533,5178894513603791,梦幻泡影客,2025-06-18 14:28,,Regular,0.9974
5178926335004718,5178937035722191,陕西联通,2025-06-18 17:17,,BlueV,0.9957
5178539957551128,5178924235491269,叶小歪777,2025-06-18 16:27,,Regular,0.5885
5178984820379793,5178996113277468,张丽zl3350,2025-06-18 21:12,,Regular,0.1242
5178926335004718,5179011862629164,起司-甜饼,2025-06-18 22:15,,Regular,0.1242
5178926335004718,5178980510730781,菜单在我心中,2025-06-18 20:10,,Regular,0.8133
5178926335004718,5178936736877905,我的发yu,2025-06-18 17:16,,Regular,0.1242
5178539957551128,5178768332686013,shouyang杜玉华,2025-06-18 06:07,,Regular,0.5885
5178539957551128,5178909311370576,伊春-顾华宇,2025-06-18 15:27,,Regular,0.9957
5178984820379793,5179011472034544,聊城冰山来客,2025-06-18 22:13,,Regular,0.1242
5178926335004718,5178979860091306,八面佛阿坤,2025-06-18 20:08,,Regular,0.8265
5178926335004718,5178935948084217,蔡萍1980-,2025-06-18 17:13,,Regular,0.4279
5178984820379793,5178994259659469,聊城冰山来客,2025-06-18 21:05,,Regular,0.1242
5178984820379793,5179010640515662,brook_rr,2025-06-18 22:10,,Regular,0.1242
5178926335004718,5178979456648457,广州联通,2025-06-18 20:06,,BlueV,0.5885
5178539957551128,5178806110522708,安康联通,2025-06-18 08:37,,BlueV,0.5885
5178880434637533,5178893020957090,雨中无我潇湘君,2025-06-18 14:22,,Regular,0.9996
5178880434637533,5178892922917544,狗子的快乐大本营,2025-06-18 14:22,,Regular,0.9996
5178539957551128,5178908493482131,l逸喧,2025-06-18 15:24,,Regular,0.9965
5178539957551128,5178922375315634,丽姐吉祥7580,2025-06-18 16:19,,Regular,0.9964
5178880434637533,5178934808282072,爱吃的小苹苹果,2025-06-18 17:09,,Regular,0.9991
5178880434637533,5178891293166828,呐谁-别走,2025-06-18 14:16,,Regular,0.9976
5178880434637533,5178907654619927,万里悲秋是诗句,2025-06-18 15:21,,Regular,0.9904
5178926335004718,5178934146895165,潍安康顺,2025-06-18 17:06,,YellowV,0.9958
5178539957551128,5178846571922705,____大爱Angela,2025-06-18 11:18,,Regular,0.9958
5178664078543041,5178717464429806,锦鲤财财有福气,2025-06-18 02:45,,Regular,0.99
5178926335004718,5179383744827376,暮念GYF,2025-06-19 22:52,,Regular,0.681
5178926335004718,5178934012678213,纯纯淦饭王,2025-06-18 17:05,,Regular,0.1242
5178926335004718,5178933957886027,纯纯淦饭王,2025-06-18 17:05,,Regular,0.1242
5178880434637533,5178933605829072,灵动奶东东糖刷短片,2025-06-18 17:04,,Regular,0.9953
5178539957551128,5178905725241156,-丫头向前冲-,2025-06-18 15:13,,Regular,0.681
5178984820379793,5179383671425567,暮念GYF,2025-06-19 22:52,,Regular,0.681
5179175954549598,5179383620831587,暮念GYF,2025-06-19 22:52,,Regular,0.681
5178539957551128,5178845904768806,用户7867824314,2025-06-18 11:15,,Regular,0.9919
5178984820379793,5179354007210195,临兵斗者皆阵裂前行,2025-06-19 20:54,,Regular,0.5885
5179175954549598,5179353933021271,临兵斗者皆阵裂前行,2025-06-19 20:54,,Regular,0.5885
5178984820379793,5179323340292812,中国联通长春客服,2025-06-19 18:52,,BlueV,0.9961
5178984820379793,5179337940140398,中国联通陕西咸阳客服,2025-06-19 19:50,,BlueV,0.9958
5178926335004718,5179353172546349,壹品黄山,2025-06-19 20:51,,Regular,0.5885
5179264480839961,5179352725323948,上班摸鱼怪_,2025-06-19 20:49,,Regular,0.6207
5178895923939112,5178904593829185,老福围脖,2025-06-18 15:08,,Regular,0.168
5178984820379793,5179382962587599,豌豆黄的蓝,2025-06-19 22:49,,Regular,0.1242
5178984820379793,5179382932704967,豌豆黄的蓝,2025-06-19 22:49,,Regular,0.1242
5178926335004718,5179323209483304,中国联通长春客服,2025-06-19 18:52,,BlueV,0.9943
5178926335004718,5179337084242702,中国联通陕西咸阳客服,2025-06-19 19:47,,BlueV,0.9911
5178539957551128,5179294598827490,喵星人爱地球2015,2025-06-19 16:58,,Regular,0.5885
5178984820379793,5179279773272550,萝北联通李雪,2025-06-19 15:59,,Regular,0.5885
5179283123470764,5179294345333700,峭茜入云畛,2025-06-19 16:57,,Regular,0.8969
5178984820379793,5179294315972015,l逸喧,2025-06-19 16:57,,Regular,0.9958
5178926335004718,5179294105732397,l逸喧,2025-06-19 16:56,,Regular,0.9955
5178984820379793,5179350762127929,甜妹颖火虫kisss,2025-06-19 20:41,,Regular,0.994
5178926335004718,5179350704193841,甜妹颖火虫kisss,2025-06-19 20:41,,Regular,0.9695
5179363968680322,5179365610754112,A你5812,2025-06-19 21:40,,Regular,0.9731
5178926335004718,5179321161355422,笑言0813,2025-06-19 18:44,,Regular,0.9835
5178984820379793,5179320902881558,笑言0813,2025-06-19 18:43,,Regular,0.996
5178984820379793,5179335088537918,塔城联通,2025-06-19 19:39,,BlueV,0.996
5178210532461646,5179293870850319,喵星人爱地球2015,2025-06-19 16:55,,Regular,0.5885
5178984820379793,5179233911443725,吉拉拉0916,2025-06-19 12:57,,Regular,0.1242
5178926335004718,5179263985649819,中国联通福建客服,2025-06-19 14:57,,BlueV,0.9941
5178210532461646,5178799329116184,长治政企客户部YYP,2025-06-18 08:10,,Regular,0.5885
5178539957551128,5179381670742089,racher168,2025-06-19 22:44,,Regular,0.994
5179145736159667,5179334956420568,就當做淋一場雨濕了眼睛,2025-06-19 19:39,,YellowV,0.0121
5178984820379793,5179233857177949,吉拉拉0916,2025-06-19 12:57,,Regular,0.1242
5178984820379793,5179233820214385,吉拉拉0916,2025-06-19 12:57,,Regular,0.1242
5178984820379793,5179233564626227,鹰潭联通官博,2025-06-19 12:56,,Regular,0.5885
5179340824514957,5179364620895642,玉曉K,2025-06-19 21:36,,Regular,0.9409
5179175954549598,5179219224562043,yun14809,2025-06-19 11:59,,Regular,0.5885
5178539957551128,5178816307659785,约旦河畔007,2025-06-18 09:18,,Regular,0.9964
5178984820379793,5179232844251266,用户7804843386,2025-06-19 12:53,,Regular,0.5885
5178984820379793,5179262739939941,君歌微博,2025-06-19 14:52,黑龙江,Regular,0.5885
5178926335004718,5179380892699724,racher168,2025-06-19 22:41,湖南,Regular,0.9695
5178984820379793,5179380764771453,racher168,2025-06-19 22:41,湖南,Regular,0.994
5178926335004718,5179204330586834,诗怡祺杨,2025-06-19 10:59,山西,Regular,0.1242
5178926335004718,5179204293363197,诗怡祺杨,2025-06-19 10:59,山西,Regular,0.1242
5179340824514957,5179363982837576,细雪如尘_,2025-06-19 21:34,辽宁,Regular,0.8933
5179175954549598,5179380659913070,racher168,2025-06-19 22:40,湖南,Regular,0.994
5178984820379793,5179292617279288,大雪容融,2025-06-19 16:50,,Regular,0.1242
5178984820379793,5179292583201180,大雪容融,2025-06-19 16:50,,Regular,0.1242
5178926335004718,5179262614639726,君歌微博,2025-06-19 14:51,,Regular,0.5885
5178984820379793,5179203579806968,诗怡祺杨,2025-06-19 10:57,,Regular,0.1242
5178984820379793,5179203537339920,诗怡祺杨,2025-06-19 10:56,,Regular,0.1242
5178984820379793,5179318835875031,嘉兴联通,2025-06-19 18:35,,BlueV,0.9937
5178984820379793,5179189000929500,北京联通房山分公司,2025-06-19 09:59,,BlueV,0.5885
5179175954549598,5179188942210965,北京联通房山分公司,2025-06-19 09:58,,BlueV,0.5885
5178926335004718,5179277723306775,中国联通陕西榆林客服,2025-06-19 15:51,,BlueV,0.9947
5178926335004718,5179277705216322,木子李-艳慧,2025-06-19 15:51,,Regular,0.9951
5178984820379793,5179231698686404,红眼大怪兽,2025-06-19 12:48,,Regular,0.1242
5178926335004718,5179231438900247,红眼大怪兽,2025-06-19 12:47,,Regular,0.1242
5178926335004718,5179173385275507,御姐范的李国庆,2025-06-19 08:57,,Regular,0.1242
5179175954549598,5179291383892862,聊城联通,2025-06-19 16:45,,BlueV,0.1242
5179145736159667,5179347015305954,来口烤冷面_x,2025-06-19 20:26,,Regular,0.2513
5179175954549598,5179378142282845,微笑JC710,2025-06-19 22:30,,Regular,0.5885
5178984820379793,5179378054463588,微笑JC710,2025-06-19 22:30,,Regular,0.5885
5178926335004718,5179378013046128,微笑JC710,2025-06-19 22:30,,Regular,0.5885
5178984820379793,5179216602861989,凌晨12点的日出,2025-06-19 11:48,,Regular,0.1242
5179037351677636,5179188136903438,清风悦己Iqian,2025-06-19 09:55,,Regular,0.9418
5179175954549598,5179187749194456,响铃卷的春天,2025-06-19 09:54,,Regular,0.5885
5179175954549598,5179216401795084,天津联通,2025-06-19 11:47,,BlueV,0.9857
5178984820379793,5179143412515773,张丽zl3350,2025-06-19 06:57,,Regular,0.1242
5178984820379793,5179143383941634,张丽zl3350,2025-06-19 06:57,,Regular,0.1242
5178984820379793,5179172835560495,御姐范的李国庆,2025-06-19 08:54,,Regular,0.1242
5178926335004718,5179276866882256,用户7867824314,2025-06-19 15:48,,Regular,0.9919
5178984820379793,5179230079158356,bgs高军华0198,2025-06-19 12:42,,Regular,0.681
5179175954549598,5179229937600204,bgs高军华0198,2025-06-19 12:41,,Regular,0.681
5178926335004718,5179261027877722,sh10060sh,2025-06-19 14:45,,Regular,0.5885
5178984820379793,5179260992226865,sh10060sh,2025-06-19 14:45,,Regular,0.5885
5178636648321120,5178827007328808,重庆数字产业职业技术学院,2025-06-18 10:00,,BlueV,0.9783
5179175954549598,5179215588889085,正义zyzy,2025-06-19 11:44,,Regular,0.819
5179327186472112,5179330386199498,暮光之城雨之,2025-06-19 19:20,,Regular,0.987
5179175954549598,5179290896828947,聊城晨光,2025-06-19 16:43,,YellowV,0.1242
5178984820379793,5179141688657432,八面佛阿坤,2025-06-19 06:51,,Regular,0.9776
5178984820379793,5179141511971661,澜澜12345,2025-06-19 06:50,,Regular,0.2644
5178984820379793,5179276670271640,用户7867824314,2025-06-19 15:47,,Regular,0.9919
5178984820379793,5179260542651809,溜溜哒哒123456,2025-06-19 14:43,,Regular,0.5885
5178984820379793,5179156230046858,如流水,2025-06-19 07:48,,Regular,0.9944
5178984820379793,5179156100811055,jzy720107,2025-06-19 07:48,,Regular,0.994
5178984820379793,5179186983209040,万寿路上的五棵松,2025-06-19 09:51,,Regular,0.9992
5178588539653359,5179215453358928,蝼蚁也有鸿鹄之志,2025-06-19 11:44,,Regular,0.5885
5178984820379793,5179215368424543,佛山联通,2025-06-19 11:43,,BlueV,0.1242
5178984820379793,5179215345094011,佛山联通,2025-06-19 11:43,,BlueV,0.1242
5178984820379793,5179215265663642,佛山联通,2025-06-19 11:43,,BlueV,0.1242
5178984820379793,5179302845877667,榆林联通,2025-06-19 17:31,,BlueV,0.1242
5179175954549598,5179302752816046,吉林联通,2025-06-19 17:31,,BlueV,0.9832
5178926335004718,5179124873691178,shouyang杜玉华,2025-06-19 05:44,,Regular,0.5885
5178984820379793,5179124709851244,shouyang杜玉华,2025-06-19 05:43,,Regular,0.5885
5178984820379793,5179276619680316,中国联通陕西榆林客服,2025-06-19 15:47,,BlueV,0.9927
5178926335004718,5179123979780334,绝顶聪明618,2025-06-19 05:40,,Regular,0.1242
5179175954549598,5179276514037066,中国联通陕西榆林客服,2025-06-19 15:46,,BlueV,0.9717
5179175954549598,5179276353865078,用户7867824314,2025-06-19 15:46,,Regular,0.9919
5178984820379793,5179141277616465,菜单在我心中,2025-06-19 06:49,,Regular,0.9333
5178984820379793,5179140975100884,蔡文姬12345,2025-06-19 06:48,,Regular,0.819
5179175954549598,5179186936810145,万寿路上的五棵松,2025-06-19 09:50,,Regular,0.9992
5178984820379793,5179215055947138,佛山联通,2025-06-19 11:42,,BlueV,0.1242
5179175954549598,5179244793038025,青岛联通官方微博,2025-06-19 13:40,,BlueV,0.9894
5178984820379793,5179215017676814,佛山联通,2025-06-19 11:42,,BlueV,0.1242
5178984820379793,5179214988315864,佛山联通,2025-06-19 11:42,,BlueV,0.1242
5178984820379793,5179214955545287,佛山联通,2025-06-19 11:42,,BlueV,0.1242
5178926335004718,5179329383238618,美丽的猫咪2022,2025-06-19 19:16,,Regular,0.1242
5178984820379793,5179139805152814,鉡支桃花醉,2025-06-19 06:43,,Regular,0.1242
5179145736159667,5179375215187838,白青_皘,2025-06-19 22:19,,Regular,0.1254
5178984820379793,5179155079758516,唔西迪西201610,2025-06-19 07:44,,Regular,0.1242
5178926335004718,5179214645170630,很穷的明哥,2025-06-19 11:40,,Regular,0.1242
5178926335004718,5179170632241168,武汉联通客服,2025-06-19 08:46,,BlueV,0.995
5179175954549598,5179276024348993,小傲宇,2025-06-19 15:44,,YellowV,0.5885
5178210532461646,5179154463983260,晋中联通昔阳县域维护网络RYZ,2025-06-19 07:41,,Regular,0.5885
5178926335004718,5179154246403703,晋中联通昔阳县域维护网络RYZ,2025-06-19 07:40,,Regular,0.5885
5178984820379793,5179154200790449,那个笨笨猪回来了,2025-06-19 07:40,,Regular,0.1242
5179175954549598,5179357003251862,茱萸客123,2025-06-19 21:06,,Regular,0.1242
5179175954549598,5179356938766937,茱萸客123,2025-06-19 21:06,,Regular,0.9418
5178822007980508,5179186444504263,倩男游神,2025-06-19 09:48,,GoldV,0.923
5178984820379793,5179258874106003,青岛联通官方微博,2025-06-19 14:36,,BlueV,0.997
5178984820379793,5179200478905708,逆风四季对,2025-06-19 10:44,,Regular,0.1242
5178984820379793,5179200433815652,逆风四季对,2025-06-19 10:44,,Regular,0.1242
5178984820379793,5179200396068783,逆风四季对,2025-06-19 10:44,,Regular,0.1242
5178926335004718,5179275260988210,天津联通静海分公司,2025-06-19 15:41,,Regular,0.5885
5178984820379793,5179289155666264,大同-景小龙,2025-06-19 16:37,,Regular,0.1242
5178926335004718,5179289097471309,沃家克州,2025-06-19 16:36,,Regular,0.5
5178984820379793,5179138940076867,白色的Yun云,2025-06-19 06:40,,Regular,0.5885
5178926335004718,5179327936726231,月之锦言,2025-06-19 19:11,,Regular,0.1242
5178984820379793,5179243136552230,丽姐吉祥7580,2025-06-19 13:34,,Regular,0.9932
5178926335004718,5179090828525636,唐布莉莎薇娜,2025-06-19 03:28,,Regular,0.1242
5178984820379793,5179090359550664,唐布莉莎薇娜,2025-06-19 03:27,,Regular,0.1242
5178926335004718,5179153420125812,那个笨笨猪回来了,2025-06-19 07:37,,Regular,0.1242
5179313667704648,5179314865704400,摘草莓的小仙女哟,2025-06-19 18:19,,Regular,0.5749
5178926335004718,5179288300030742,如飞一般的感觉,2025-06-19 16:33,,Regular,0.1242
5178984820379793,5179136993657512,智慧小巨人,2025-06-19 06:32,,Regular,0.5885
5178984820379793,5179327768432030,月之锦言,2025-06-19 19:10,,Regular,0.1242
5179005680486298,5179136611977184,艺术疗愈研究与体验中心,2025-06-19 06:30,,Regular,0.956
5178926335004718,5179326527441653,错过烟火的人儿,2025-06-19 19:05,,Regular,0.1242
5178926335004718,5179326500702835,错过烟火的人儿,2025-06-19 19:05,,Regular,0.1242
5178926335004718,5179168838387781,号子200810,2025-06-19 08:38,,Regular,0.9794
5178984820379793,5179224789879564,灵通小耳关,2025-06-19 12:21,,Regular,0.1242
5178926335004718,5179184831269619,青青的草地198508,2025-06-19 09:42,,Regular,0.1242
5179174381683060,5179211922800749,瘦石H,2025-06-19 11:30,,Regular,0.1972
5178984820379793,5179198848895837,你看起来很丑的,2025-06-19 10:38,,Regular,0.5885
5178539957551128,5179299654271830,xyltyj,2025-06-19 17:18,,Regular,0.5885
5178926335004718,5179274491330918,中国联通陕西咸阳客服,2025-06-19 15:38,,BlueV,0.9909
4885860073347755,5179150956758589,老喵爱睡觉,2025-06-19 07:27,,YellowV,0.5885
5178984820379793,5179150560134160,乖巧小飞鞋,2025-06-19 07:26,,Regular,0.9776
5178984820379793,5179184607395987,青青的草地198508,2025-06-19 09:41,,Regular,0.1242
5179175954549598,5179286954444852,燕麦dirty_9,2025-06-19 16:28,,Regular,0.9708
5178984820379793,5179211417388701,您身边的通信管家-太白,2025-06-19 11:28,,Regular,0.5885
5178926335004718,5179286871083588,孑孓在天明a,2025-06-19 16:27,,Regular,0.9911
5178926335004718,5179134377722130,正心齐家治国平天下,2025-06-19 06:22,,Regular,0.1242
5178926335004718,5179134345217060,正心齐家治国平天下,2025-06-19 06:21,,Regular,0.1242
5178984820379793,5179150241367577,草莓小布丁100,2025-06-19 07:25,,Regular,0.2644
5179175954549598,5179184055059792,收集晨光,2025-06-19 09:39,,Regular,0.994
5178984820379793,5179133849240380,正心齐家治国平天下,2025-06-19 06:19,,Regular,0.1242
5178984820379793,5179133807035895,正心齐家治国平天下,2025-06-19 06:19,,Regular,0.1242
5178926335004718,5179210991930880,您身边的通信管家-太白,2025-06-19 11:26,,Regular,0.5885
5179175954549598,5179197578281715,蔡文姬12345,2025-06-19 10:33,,Regular,0.9647
5178984820379793,5179167701991997,momo茶123,2025-06-19 08:34,,Regular,0.1242
5179005680486298,5179149586269041,梅子老师6092567987,2025-06-19 07:22,,Regular,0.5885
5178539957551128,5179183569307103,灯火辉煌1566,2025-06-19 09:37,,Regular,0.5885
5179175954549598,5179286147305345,____大爱Angela,2025-06-19 16:25,,Regular,0.9598
5178984820379793,5179286052931140,送我一生暖阳,2025-06-19 16:24,,Regular,0.5885
5179175954549598,5179702111112478,通信管理员,2025-06-20 19:58,,Regular,0.9842
5178926335004718,5179132025241929,祁东刘燕宁,2025-06-19 06:12,,Regular,0.5
5178984820379793,5179131743437598,祁东刘燕宁,2025-06-19 06:11,,Regular,0.5
5178926335004718,5179237474763836,灵通小耳关,2025-06-19 13:11,,Regular,0.1242
5178984820379793,5179272513981235,通信管理员,2025-06-19 15:30,,Regular,0.9842
5178984820379793,5179272337818399,伊春-顾华宇,2025-06-19 15:30,,Regular,0.9867
5179005680486298,5179131463204952,三江美术职业学院,2025-06-19 06:10,,BlueV,0.9389
5178539957551128,5179197574089174,唐刚518,2025-06-19 10:33,,Regular,0.5885
5179175954549598,5179197485482582,菜单在我心中,2025-06-19 10:32,,Regular,0.9934
5179175954549598,5179197393733686,澜澜12345,2025-06-19 10:32,,Regular,0.8285
5178926335004718,5179285464942064,临沂沂林,2025-06-19 16:22,,Regular,0.1242
5178984820379793,5179285048397569,临沂沂林,2025-06-19 16:20,,Regular,0.1242
5178984820379793,5179197150727285,yuyuyuuzzzz,2025-06-19 10:31,,Regular,0.994
5179175954549598,5179182008504079,牡丹之乡LJ,2025-06-19 09:31,,Regular,0.932
5178984820379793,5179255064629669,阳天意一,2025-06-19 14:21,,Regular,0.9564
5178926335004718,5179254866444577,阳天意一,2025-06-19 14:20,,Regular,0.9598
5179175954549598,5179220004178576,如流水,2025-06-19 12:02,,Regular,0.9944
5178926335004718,5179219867078059,天津联通,2025-06-19 12:01,,BlueV,0.9938
5178926335004718,5179671802284320,荆州联通客服,2025-06-20 17:57,,BlueV,0.9949
5179175954549598,5179196789752914,三秦小哥,2025-06-19 10:30,,Regular,0.9929
5179175954549598,5179196634564651,航行缺一潇,2025-06-19 10:29,,Regular,0.9431
5178926335004718,5179196436383453,和田联通公司,2025-06-19 10:28,,BlueV,0.5885
5178984820379793,5179196402828079,和田联通公司,2025-06-19 10:28,,BlueV,0.5885
5178210532461646,5179713929610563,xyltyj,2025-06-20 20:44,,Regular,0.5885
5178926335004718,5179207853541773,不努力等啥呢y,2025-06-19 11:14,,Regular,0.1242
5178984820379793,5179219576623421,天津联通,2025-06-19 12:00,,BlueV,0.9966
5179175954549598,5179626894660348,沉默是金89071,2025-06-20 14:59,,Regular,0.5885
5178984820379793,5179626751790026,运熹,2025-06-20 14:58,,Regular,0.5885
5179175954549598,5179656014924625,奎屯联通,2025-06-20 16:54,,BlueV,0.5885
5178926335004718,5179655898270719,凤县通信v,2025-06-20 16:54,,Regular,0.122
5179622279873419,5179655598637370,一只偏爱流浪的猫,2025-06-20 16:53,,Regular,0.991
5178984820379793,5179655540966959,BJ-光辉,2025-06-20 16:52,,Regular,0.9937
5178539957551128,5179713451986290,xyltyj,2025-06-20 20:43,,Regular,0.5885
5178926335004718,5179655465995341,BJ-光辉,2025-06-20 16:52,,Regular,0.9892
5178926335004718,5179253735032834,用户7450744951,2025-06-19 14:16,,Regular,0.9866
5178984820379793,5179253633060669,您身边的通讯管家,2025-06-19 14:15,,Regular,0.9959
5178926335004718,5179146772939939,子健0166,2025-06-19 07:11,,Regular,0.5885
5178926335004718,5179146418260684,爱在人间先森,2025-06-19 07:09,,Regular,0.1242
5178984820379793,5179146395451494,子健0166,2025-06-19 07:09,,Regular,0.5885
5179613705670922,5179684792568467,风吟听竹,2025-06-20 18:49,,RedV,0.5357
5178926335004718,5179626542599328,运熹,2025-06-20 14:57,,Regular,0.5885
5179175954549598,5179655410680353,凤县通信v,2025-06-20 16:52,,Regular,0.122
5179175954549598,5179654987321586,BJ-光辉,2025-06-20 16:50,,Regular,0.9716
5179175954549598,5179253144421537,骑巫女的小扫帚,2025-06-19 14:13,,Regular,0.9652
5178984820379793,5179164094369234,i_Jesus,2025-06-19 08:20,,Regular,0.1242
5179622279873419,5179670208187823,CCCc_宾,2025-06-20 17:51,,Regular,0.9901
5178984820379793,5179283212338634,中国联通陕西咸阳客服,2025-06-19 16:13,,BlueV,0.996
5179175954549598,5179252934445279,亮晶晶的小盆友757,2025-06-19 14:13,,Regular,0.5275
5179622279873419,5179669314012428,凤辣子很辣_,2025-06-20 17:47,,Regular,0.9963
5179175954549598,5179669189757835,荆州联通客服,2025-06-20 17:47,,BlueV,0.8902
5178926335004718,5179039662478307,____大爱Angela,2025-06-19 00:05,,Regular,0.788
5178984820379793,5179039581208992,____大爱Angela,2025-06-19 00:05,,Regular,0.9934
5178984820379793,5179144648263893,逆风四季对,2025-06-19 07:02,,Regular,0.9652
5178926335004718,5179580806597409,渭滨社区专业网格,2025-06-20 11:55,,Regular,0.5885
5179175954549598,5179639683090466,彬州联通,2025-06-20 15:49,,Regular,0.8963
5179175954549598,5179252444237057,乖巧小飞鞋,2025-06-19 14:11,,Regular,0.9716
5179175954549598,5179724717888227,甜妹颖火虫kisss,2025-06-20 21:27,,Regular,0.994
5179561563129411,5179565963740481,清河门区宣传,2025-06-20 10:57,,BlueV,0.9921
5179175954549598,5179669158827300,荆州联通客服,2025-06-20 17:47,,BlueV,0.8921
5179605478280591,5179669118453271,美琪工艺,2025-06-20 17:46,,Regular,0.1547
5179605478280591,5179669020151210,yunhuhu的,2025-06-20 17:46,,Regular,0.637
5179622279873419,5179652474932460,刘亚小楠楠,2025-06-20 16:40,,Regular,0.991
5175995183399828,5179652106879548,中国联通陕西榆林客服,2025-06-20 16:39,,BlueV,0.9923
5178984820379793,5179144354662076,三秦小哥,2025-06-19 07:01,,Regular,0.9929
5178984820379793,5179144104052650,航行缺一潇,2025-06-19 07:00,,Regular,0.7992
5178984820379793,5179536019818247,灯火辉煌1566,2025-06-20 08:58,,Regular,0.5885
5178539957551128,5179737767152019,bgsqx0653,2025-06-20 22:19,,Regular,0.5885
5178984820379793,5179251621890867,洋洋洋47028,2025-06-19 14:07,,Regular,0.9923
5179605478280591,5179668946225595,战无不胜吖,2025-06-20 17:46,,Regular,0.9559
5178539957551128,5179194015484769,北京联通七区,2025-06-19 10:19,,Regular,0.9965
5178984820379793,5179708842183987,渭南联通生活圈,2025-06-20 20:24,,BlueV,0.5885
5178926335004718,5179708820949360,渭南联通生活圈,2025-06-20 20:24,,BlueV,0.5885
5178996460360036,5179564934563112,中移研究院,2025-06-20 10:52,,BlueV,0.9949
5178984820379793,5179624213709737,昔阳县联通公司周海亮,2025-06-20 14:48,,Regular,0.5622
5179622279873419,5179650330593091,瓶子僵尸,2025-06-20 16:32,,Regular,0.9908
5179175954549598,5179708687517694,渭南联通生活圈,2025-06-20 20:24,,BlueV,0.5885
5179175954549598,5179707995459383,潼关联通,2025-06-20 20:21,,BlueV,0.5885
5178926335004718,5179707842887757,潼关联通,2025-06-20 20:20,,BlueV,0.5885
5179175954549598,5179564538204894,中国联通通化客服,2025-06-20 10:51,,BlueV,0.8966
5179175954549598,5179623844612140,昔阳县联通公司周海亮,2025-06-20 14:47,,Regular,0.5622
5179622279873419,5179667732498878,面包加ni,2025-06-20 17:41,,Regular,0.9896
5178984820379793,5179178129294239,约旦河畔007,2025-06-19 09:15,,Regular,0.9728
5178984820379793,5179177927181831,杜朋勃,2025-06-19 09:15,,Regular,0.9592
5178984820379793,5179707819558548,潼关联通,2025-06-20 20:20,,BlueV,0.5885
5178984820379793,5179707751666149,合阳联通,2025-06-20 20:20,,BlueV,0.5885
5178926335004718,5179707726760850,合阳联通,2025-06-20 20:20,,BlueV,0.5885
5179175954549598,5179707592808874,合阳联通,2025-06-20 20:19,,BlueV,0.5885
5179175954549598,5179707286099431,富平-联通,2025-06-20 20:18,,BlueV,0.5885
5178926335004718,5179707156333946,富平-联通,2025-06-20 20:18,,BlueV,0.5885
5178984820379793,5179249826989911,中国联通上海客服,2025-06-19 14:00,,BlueV,0.9941
5178984820379793,5179678809659671,小青蛙125801,2025-06-20 18:25,,Regular,0.1242
5179175954549598,5179638244706402,君歌微博,2025-06-20 15:44,,Regular,0.5885
5178984820379793,5179591124845355,长武联通,2025-06-20 12:36,,BlueV,0.5885
5178984820379793,5179177553889874,wangyusai096_382,2025-06-19 09:13,,Regular,0.9964
5178926335004718,5179193160894052,bgszhangningjing,2025-06-19 10:15,,Regular,0.1242
5178984820379793,5179707130644588,富平-联通,2025-06-20 20:17,,BlueV,0.5885
5178984820379793,5179707059867029,华阴联通,2025-06-20 20:17,,BlueV,0.5885
5178926335004718,5179707035226939,华阴联通,2025-06-20 20:17,,BlueV,0.5885
5179175954549598,5179706898909587,华阴联通,2025-06-20 20:17,,BlueV,0.5885
5178539957551128,5179666601088050,礼泉县联通,2025-06-20 17:36,,BlueV,0.5885
5179175954549598,5179576259185669,天津联通,2025-06-20 11:37,,BlueV,0.8992
5178926335004718,5179666272880986,礼泉县联通,2025-06-20 17:35,,BlueV,0.5885
5179175954549598,5179533177389894,武汉联通客服,2025-06-20 08:46,,BlueV,0.9253
5179175954549598,5179706565199920,通信小行家,2025-06-20 20:15,,Regular,0.5885
5178926335004718,5179706435180449,通信小行家,2025-06-20 20:15,,Regular,0.5885
5178984820379793,5179706414207164,通信小行家,2025-06-20 20:15,,Regular,0.5885
5178984820379793,5179706342906606,白水-联通,2025-06-20 20:14,,BlueV,0.5885
5178926335004718,5179706320095134,白水-联通,2025-06-20 20:14,,BlueV,0.5885
5179175954549598,5179706199774849,白水-联通,2025-06-20 20:14,,BlueV,0.5885
5178926335004718,5179176912424397,星期三与星期天,2025-06-19 09:11,,Regular,0.1242
5179551619481985,5179563082779754,青春双流,2025-06-20 10:45,,BlueV,0.9058
5179175954549598,5179719769133363,bgsZws0088,2025-06-20 21:08,,Regular,0.9939
5179175954549598,5179677442311584,金台通信管家,2025-06-20 18:19,,Regular,0.5885
5178926335004718,5179489866744478,豌豆黄的蓝,2025-06-20 05:54,,Regular,0.1242
5178588539653359,5179705944968312,春暖花开凯哥,2025-06-20 20:13,,Regular,0.9421
5179593189493258,5179603162237398,传奇超人,2025-06-20 13:24,,Regular,0.0823
5179593189493258,5179603120293560,壹生晴宝,2025-06-20 13:24,,Regular,0.1961
5179593189493258,5179603108759934,丨拜鳌,2025-06-20 13:24,,Regular,0.0174
5179593189493258,5179602913729556,曾经的班子,2025-06-20 13:23,,Regular,0.1162
5179175954549598,5179621878271358,晓012345,2025-06-20 14:39,,Regular,0.5885
5178984820379793,5179665775854307,礼泉县联通,2025-06-20 17:33,,BlueV,0.5885
5179175954549598,5179589238459189,长武联通,2025-06-20 12:29,,BlueV,0.5885
5178984820379793,5179176363493185,星期三与星期天,2025-06-19 09:08,,Regular,0.1242
5178549986132723,5179588561863444,钟超IIII,2025-06-20 12:26,,Regular,0.9892
5179175954549598,5179636573277226,丽姐吉祥7580,2025-06-20 15:37,,Regular,0.9494
5178210532461646,5179636549684107,绍兴联通,2025-06-20 15:37,,BlueV,0.9941
5178210532461646,5179545885082578,水阁云天999,2025-06-20 09:37,,Regular,0.5885
5179175954549598,5179645968518095,中国联通陕西榆林客服,2025-06-20 16:14,,BlueV,0.947
5178926335004718,5179190991390275,嘉兴联通,2025-06-19 10:07,,BlueV,0.9866
5178984820379793,5179635994463143,绍兴联通,2025-06-20 15:35,,BlueV,0.9842
5178926335004718,5179635866013198,绍兴联通,2025-06-20 15:34,,BlueV,0.1109
5178210532461646,5179645194144264,中国联通陕西榆林客服,2025-06-20 16:11,,BlueV,0.9943
5178846074373369,5179644816656244,中国联通陕西榆林客服,2025-06-20 16:10,,BlueV,0.9955
5178588539653359,5179702730823706,春暖花开凯哥,2025-06-20 20:00,,Regular,0.9421
5178984820379793,5179544870586115,硕硕008866,2025-06-20 09:33,,Regular,0.1242
5179175954549598,5179530583999920,台州联通,2025-06-20 08:36,,BlueV,0.9919
5178984820379793,5179175582828314,荆州联通客服,2025-06-19 09:05,,BlueV,0.9955
5178926335004718,5179644694498076,中国联通陕西榆林客服,2025-06-20 16:09,,BlueV,0.9949
5178984820379793,5179190279405875,乾县联通,2025-06-19 10:04,,BlueV,0.9958
5178984820379793,5179190225145671,怀柔联通,2025-06-19 10:03,,Regular,0.9952
5179175954549598,5179190166685107,怀柔联通,2025-06-19 10:03,,Regular,0.9952
5178926335004718,5179529586541663,hszhb赵敏,2025-06-20 08:32,,Regular,0.9992
5178926335004718,5179175225788973,-丫头向前冲-,2025-06-19 09:04,,Regular,0.681
5178984820379793,5179175023414917,-丫头向前冲-,2025-06-19 09:03,,Regular,0.681
5179548804317662,5180105900425379,JaneXU10,2025-06-21 22:42,,Regular,0.4606
5179175954549598,5179559924469528,嘉兴联通,2025-06-20 10:33,,BlueV,0.996
5179544320344473,5179617796426805,蔡进2012,2025-06-20 14:22,,Regular,0.0258
5178984820379793,5179529486403778,hszhb赵敏,2025-06-20 08:32,,Regular,0.9992
5178539957551128,5179599099003075,X敏子-,2025-06-20 13:08,,Regular,0.9794
5178539957551128,5179543813882653,水阁云天999,2025-06-20 09:28,,Regular,0.5885
5179175954549598,5179528812955223,hszhb赵敏,2025-06-20 08:29,,Regular,0.9992
5179275016931410,5179568744827933,暖暖冬天东东,2025-06-20 11:08,,YellowV,0.8275
5179571487638295,5179672497492648,郑州升达经贸管理学院团委,2025-06-20 18:00,,BlueV,0.9741
5179275016931410,5179568541404431,暖暖冬天东东,2025-06-20 11:07,,YellowV,0.91
5179175954549598,5180093393277334,天津联通河东分公司,2025-06-21 21:52,,Regular,0.9154
5179906224819997,5180079333443892,-是陈豆豆啊,2025-06-21 20:56,,Regular,0.9744
5179625434252840,5179662423558334,aini荼荼0806,2025-06-20 17:20,,Regular,0.9879
5178926335004718,5179616023020307,唐刚518,2025-06-20 14:15,,Regular,0.5885
5178984820379793,5179615967711260,唐刚518,2025-06-20 14:15,,Regular,0.5885
5178984820379793,5179543117104222,你看起来很丑的,2025-06-20 09:26,,Regular,0.5
5178984820379793,5179558523047266,香_香yuwx,2025-06-20 10:27,,Regular,0.5
5179175954549598,5179491992732227,shouyang杜玉华,2025-06-20 06:03,,Regular,0.5885
5178926335004718,5179542881701076,青青的草地198508,2025-06-20 09:25,,Regular,0.1242
5178926335004718,5179558449906326,香_香yuwx,2025-06-20 10:27,,Regular,0.5
5179175954549598,5179558421596830,l逸喧,2025-06-20 10:27,,Regular,0.9843
5178926335004718,5180047432615821,错过烟火的人儿,2025-06-21 18:50,,Regular,0.5885
5178846074373369,5180100987323302,寻思2012,2025-06-21 22:22,,Regular,0.1242
5179923704319852,5179974354470541,世界上网友,2025-06-21 13:59,,Regular,0.9039
5179923704319852,5179974063754263,为什么同学们,2025-06-21 13:58,,Regular,0.083
5178210532461646,5179632442675009,yuzhilong2010,2025-06-20 15:21,,Regular,0.5885
5178984820379793,5179542629255149,青青的草地198508,2025-06-20 09:24,,Regular,0.1242
5179906224819997,5180075743119886,白塔微宣传,2025-06-21 20:42,,BlueV,0.9374
5179175954549598,5179660805866598,济南联通,2025-06-20 17:13,,BlueV,0.9969
5178984820379793,5179542149005451,水阁云天999,2025-06-20 09:22,,Regular,0.5885
5178926335004718,5179542077441080,水阁云天999,2025-06-20 09:22,,Regular,0.5885
5179175954549598,5179972059925032,小小小闷不是好狗子,2025-06-21 13:50,,Regular,0.9858
5178984820379793,5179660075270568,济南联通,2025-06-20 17:10,,BlueV,0.9967
5178926335004718,5179660000035478,济南联通,2025-06-20 17:10,,BlueV,0.9972
5178984820379793,5179526335696016,月之锦言,2025-06-20 08:19,,Regular,0.1242
5178926335004718,5179970458485890,小小小闷不是好狗子,2025-06-21 13:44,,Regular,0.9528
5179622279873419,5179659668947966,最爱开塞露,2025-06-20 17:09,,YellowV,0.9897
5179175954549598,5179942528091084,含涵楠溪v,2025-06-21 11:53,,Regular,0.5885
5178926335004718,5179630761018129,小青蛙125801,2025-06-20 15:14,,Regular,0.1242
5178926335004718,5179526143281113,月之锦言,2025-06-20 08:18,,Regular,0.1242
5178984820379793,5179525965287745,月之锦言,2025-06-20 08:18,,Regular,0.1242
5178984820379793,5179969937344506,小小小闷不是好狗子,2025-06-21 13:42,,Regular,0.9698
5179175954549598,5179400753516235,bgs王海龙,2025-06-20 00:00,,Regular,0.9939
5178846074373369,5179659111108483,济南联通,2025-06-20 17:07,,BlueV,0.9972
5178926335004718,5179941121427032,山茶vivi,2025-06-21 11:47,,Regular,0.1242
5178926335004718,5179910617301579,lqlt2323232,2025-06-21 09:46,,Regular,0.1242
5178926335004718,5179910541018696,lqlt2323232,2025-06-21 09:46,,Regular,0.1242
5178926335004718,5179997363113800,枕头风暴,2025-06-21 15:31,,Regular,0.1242
5178926335004718,5179997338994082,枕头风暴,2025-06-21 15:31,,Regular,0.1242
5179737007195404,5179910197087019,中国电信福建公司,2025-06-21 09:44,,BlueV,0.9956
5178846074373369,5179909997070598,lqlt2323232,2025-06-21 09:44,,Regular,0.1242
5178846074373369,5179909947261638,lqlt2323232,2025-06-21 09:43,,Regular,0.1242
5179760428977585,5179866405668199,财哼亨,2025-06-21 06:50,,YellowV,0.9918
5179760428977585,5179851369087769,采矿文,2025-06-21 05:51,,RedV,0.9968
5178926335004718,5179522852849981,枣庄联通,2025-06-20 08:05,,BlueV,0.5885
5178926335004718,5180012304796615,祖国繁荣昌盛666,2025-06-21 16:30,,Regular,0.1242
5178926335004718,5179553866582501,天津联通北辰区分公司,2025-06-20 10:08,,Regular,0.9934
5178984820379793,5179553701955769,天津联通北辰区分公司,2025-06-20 10:08,,Regular,0.9966
5179836143239579,5179849872507227,吉林广益集团,2025-06-21 05:45,,Regular,0.9637
5179846516539938,5179849784164416,吉林广益集团,2025-06-21 05:44,,Regular,0.9575
5178984820379793,5179522825587190,枣庄联通,2025-06-20 08:05,,BlueV,0.5885
5179175954549598,5179522773159286,枣庄联通,2025-06-20 08:05,,BlueV,0.5885
5179175954549598,5179553234553305,天津联通北辰区分公司,2025-06-20 10:06,,Regular,0.9854
5179548804317662,5179553127598197,东南区fj,2025-06-20 10:06,,Regular,0.4354
5179693353666197,5180081999711732,韩新一,2025-06-21 21:07,,Regular,0.9666
5179691037362723,5180065693304233,石家庄桥西发布,2025-06-21 20:02,,BlueV,0.9685
5170280701629335,5170337075431726,哈尼啵啵bo,2025-05-25 23:44,广东,Regular,0.9957
5175679118737970,5175773616410399,山西垣曲反邪教,2025-06-09 23:47,,BlueV,0.5885
5170280701629335,5170336870957710,很高兴你也喜欢乒乓球,2025-05-25 23:43,浙江,Regular,0.9946
5170680909529750,5170697045017546,简传媒_视天下,2025-05-26 23:35,广东,Regular,0.9882
5170265479971799,5170309883757337,国缘V9清雅酱香,2025-05-25 21:56,江苏,BlueV,0.9729
5164066779961645,5170319838937112,用户8610742590,2025-05-25 22:36,山西,Regular,0.9906
5170316403545784,5170319564214437,sun青8,2025-05-25 22:35,广东,Regular,0.9659
5170316403545784,5170319549793458,二哥过过过,2025-05-25 22:35,广东,Regular,0.9433
5170316403545784,5170319507592546,骑着猫流浪的鱼,2025-05-25 22:34,湖北,Regular,0.9828
5172144763051638,5172145875061359,葵花劫鸭,2025-05-30 23:32,重庆,Regular,0.9958
5170316403545784,5170319419777476,yl2378213266,2025-05-25 22:34,广东,Regular,0.9968
5170316403545784,5170319417678915,宏腾love,2025-05-25 22:34,浙江,Regular,0.9951
5170316403545784,5170319418986308,侯金龍Sleeping,2025-05-25 22:34,浙江,Regular,0.9997
5172144763051638,5172145828136115,小曼与温柔撞个满怀,2025-05-30 23:32,黑龙江,Regular,0.9942
5172144763051638,5172145811625707,超打成誉,2025-05-30 23:31,宁夏,Regular,0.9968
5171782785961323,5171784866597255,河南国资,2025-05-29 23:37,,BlueV,0.9304
5166279166004701,5170317238209354,长白山特产3456,2025-05-25 22:25,吉林,YellowV,0.5885
5170124753472938,5170127633121877,浪里黑条1107,2025-05-25 09:52,浙江,Regular,0.9943
5170124753472938,5170127290763569,開鈊豬,2025-05-25 09:51,浙江,Regular,0.9934
5170149045834383,5170241468370533,影坛胜手-李夫顺,2025-05-25 17:24,江苏,Regular,0.0405
5169919358405075,5170141556114224,默鸣其妙,2025-05-25 10:47,广东,Regular,0.9753
5170140401369700,5170141440773703,库洛米最可爱呢,2025-05-25 10:47,浙江,Regular,0.9955
5169500332755289,5170107888173310,山西临猗反邪教,2025-05-25 08:33,,BlueV,0.5885
5170642328487148,5170683954070796,靓之表情吾之心情,2025-05-26 22:43,陕西,Regular,0.9997
5169954206779284,5170101661731219,老兵-亮剑,2025-05-25 08:09,湖北,YellowV,0.9711
5113632121423945,5170365501540111,张有小志__,2025-05-26 01:37,吉林,Regular,0.5885
5166279166004701,5170660332016719,杭州联通客服,2025-05-26 21:09,浙江,BlueV,0.945
5170321046114214,5170630653641003,国际雷煮酒,2025-05-26 19:11,北京,Regular,0.7494
5160436350322245,5170488041013531,大头儿子呀,2025-05-26 09:44,广西,Regular,0.5885
5170924153213220,5171045285761248,V闪闪,2025-05-27 22:38,四川,GoldV,0.5885
5166279166004701,5170838292927705,骑蜗牛读小说,2025-05-27 08:56,黑龙江,Regular,0.9783
5166279166004701,5170838282439675,琦琦8664,2025-05-27 08:56,黑龙江,Regular,0.5885
5169494882254936,5170569026998300,中国联通陕西榆林客服,2025-05-26 15:06,陕西,BlueV,0.9858
5171312708552733,5171336906540486,茉莉2319436193,2025-05-28 17:57,浙江,Regular,0.9477
5171312708552733,5171336684503959,过了关的酌,2025-05-28 17:56,福建,Regular,0.9679
5171225756434995,5171246385600202,大呆秦,2025-05-28 11:57,上海,Regular,0.0268
5171350475116734,5171388792965673,一帘旧梦2020,2025-05-28 21:23,山东,Regular,0.956
5171225756434995,5171258987645874,天空之城77777,2025-05-28 12:48,安徽,Regular,0.5885
5171330141392879,5171372831279838,酒店lifes,2025-05-28 20:20,安徽,Regular,0.7977
5171330141392879,5171372708862307,大人玩具店小蜜桃,2025-05-28 20:19,福建,Regular,0.0327
5171330141392879,5171372663768435,说书先生的信箱,2025-05-28 20:19,安徽,Regular,0.0108
5171698694620670,5171759231010578,心纹狻猊,2025-05-29 21:55,广东,Regular,0.0105
5163085704202741,5171211575235407,牡丹江阳明区法院,2025-05-28 09:39,,BlueV,0.5885
5170890548447251,5170930588061277,只愿无事,2025-05-27 15:03,浙江,Regular,0.9936
5171300549006721,5171352957878909,慧慧4you,2025-05-28 19:01,河北,Regular,0.9875
5171016712326039,5171313946658772,英中贸易协会,2025-05-28 16:26,北京,BlueV,0.9531
5166279166004701,5171742592467785,长白郑元飞,2025-05-29 20:49,吉林,Regular,0.5885
5171674471466422,5171684671751133,山西政法,2025-05-29 16:59,,BlueV,0.9578
5171231495815434,5171279411808126,敦煌IP授权中心贺文龙主任,2025-05-28 14:09,甘肃,YellowV,0.9562
5171231569744406,5171235680160779,林婉是彼此的良配,2025-05-28 11:15,福建,Regular,0.9651
5171629296454176,5171666461655080,香港贸发局,2025-05-29 15:47,,BlueV,0.9897
5171425562594806,5171561490809870,城主奈落_naraku,2025-05-29 08:50,广东,Regular,0.9585
5171631237368440,5171634560303171,Do_wrealmyish,2025-05-29 13:40,湖北,Regular,0.3443
5166220023694160,5171769347935075,湘西满军事世界2025,2025-05-29 22:36,湖南,Regular,0.5652
5171609688084204,5171693094178249,HKSzeWai,2025-05-29 17:33,中国香港,YellowV,0.5
5172030324608921,5172119983885793,传奇周期,2025-05-30 21:49,广东,Regular,0.0198
5172023387228201,5172075033529087,知音汉阳,2025-05-30 18:50,,BlueV,0.9183
5171597266914438,5171625646885903,月波雨亭,2025-05-29 13:05,浙江,Regular,0.0139
5158971670531791,5171661429279434,龙文法院,2025-05-29 15:27,,BlueV,0.9956
5171726394067378,5172072193462803,wb3速度快,2025-05-30 18:39,北京,Regular,0.5885
5171858576244758,5172088048451633,武契奇资料号,2025-05-30 19:42,北京,Regular,0.9128
5171674471466422,5171999976196240,太原政法,2025-05-30 13:52,,BlueV,0.9494
5170703159791445,5171433655506193,净无暇,2025-05-29 00:22,浙江,Regular,0.6328
5171726394067378,5171940507784303,尤金成zj,2025-05-30 09:56,江苏,Regular,0.1242
5171567237793468,5171954935927285,寻美中国,2025-05-30 10:53,天津,BlueV,0.9354
5172053729608960,5172056113287363,桃源中人2008,2025-05-30 17:35,安徽,Regular,0.9982
5172035845882696,5172068148577194,西瓜椰云加危险,2025-05-30 18:23,浙江,Regular,0.1548
5171639169321465,5171909276992229,雪會yukizeng0804504,2025-05-30 07:52,日本,Regular,0.5885
5171551994645597,5171954086314127,星锈,2025-05-30 10:50,福建,Regular,0.9671
5172019366990446,5172054975844452,forest702,2025-05-30 17:31,湖北,Regular,0.0522
5171772828944568,5171863959633971,夜如影RWD,2025-05-30 04:51,山东,Regular,0.8786
5172006862982172,5172010269544530,冬眠火火火山,2025-05-30 14:33,上海,YellowV,0.9971
5171726394067378,5171951954038932,zigamber,2025-05-30 10:41,四川,Regular,0.5885
5171772828944568,5171861077623330,无赖之尊,2025-05-30 04:40,福建,Regular,0.9585
5171726394067378,5171967259054251,三条命的兔子,2025-05-30 11:42,上海,Regular,0.4085
5172063112793501,5172063772086087,我去艾艾呀,2025-05-30 18:05,广东,Regular,0.9436
5172006862982172,5172008702972229,湿哒哒的妮花Jin,2025-05-30 14:27,中国香港,Regular,0.9954
5171675600783363,5171905155827384,V闪闪,2025-05-30 07:35,四川,GoldV,0.646
5172009337623571,5172482714895700,张天禄_叁柒车生活,2025-05-31 21:50,河北,RedV,0.9749
5171726394067378,5171949576914438,青麟明白,2025-05-30 10:32,上海,Regular,0.3584
5171726394067378,5171948876727145,不怕炸o牛肉面,2025-05-30 10:29,天津,Regular,0.1012
5171779167587597,5171948105763153,默鸣其妙,2025-05-30 10:26,广东,Regular,0.993
5172473747216453,5172478370645928,麻番薯了耶,2025-05-31 21:33,河北,Regular,0.9951
5172311466181703,5172313596102328,永遠看著我-ok嗎,2025-05-31 10:38,四川,YellowV,0.9955
5172473747216453,5172476520956949,唤醒未来可期,2025-05-31 21:26,河南,Regular,0.9958
5172311466181703,5172313295160139,TimmyZZZ,2025-05-31 10:37,安徽,YellowV,0.999
5171726394067378,5171933427797066,汴人郭威,2025-05-30 09:28,天津,GoldV,0.1242
5172473747216453,5172475303826064,梦在夏甜,2025-05-31 21:21,河南,Regular,0.9994
5171951035482909,5172266167698168,美美的我去旅行,2025-05-31 07:30,湖南,Regular,0.0258
5171951035482909,5172266157475805,龙城飞将后,2025-05-31 07:30,广东,Regular,0.0419
5172473747216453,5172475224398034,水蜜桃统治世界,2025-05-31 21:20,河北,Regular,0.9846
5171231495815434,5171930200277984,数字丝路,2025-05-30 09:15,甘肃,YellowV,0.5885
5173096522450220,5173147940162275,那什么拯救啊,2025-06-02 17:54,云南,Regular,0.5885
5172798559355841,5172852731150862,阳Crystal,2025-06-01 22:21,河北,Regular,0.0033
5172069412378043,5172157664985783,霜霜花不晓,2025-05-31 00:19,美国,Regular,0.5885
5172267635966229,5172701278766164,一不经意间一,2025-06-01 12:19,北京,Regular,0.3153
5173096522450220,5173218807908145,Fighting_Yes,2025-06-02 22:35,安徽,Regular,0.9881
5166279166004701,5173041617441343,正气心平5869,2025-06-02 10:51,吉林,Regular,0.9925
5172430755598611,5172790622946376,海-GJH,2025-06-01 18:14,上海,Regular,0.9872
4873049570282103,5172902974718272,废铃填埋,2025-06-02 01:40,广东,YellowV,0.5885
5134809766562277,5134822055346538,蓝旗lancia,2025-02-16 23:40,北京,Regular,0.5885
5134449490789992,5134462708878319,秋天秋天-_,2025-02-15 23:52,江苏,Regular,0.421
5133590847556646,5133738714071557,beachbreaker,2025-02-13 23:55,四川,Regular,0.6729
5134449490789992,5134461602365956,Nepeto-,2025-02-15 23:48,,Regular,0.9306
4641918351578470,5135156174393842,放开秀mind让我来,2025-02-17 21:48,英国,YellowV,0.0022
5136072550384038,5136252708063905,graden5,2025-02-20 22:25,,Regular,0.126
5131369598947881,5131550901670901,波音787,2025-02-07 23:02,,Regular,0.5885
5130318807568472,5130820084045914,记录者胡新成2022,2025-02-05 22:38,,Regular,0.5885
5136065075873437,5136248526343151,苗苗MO,2025-02-20 22:08,,Regular,0.0475
5130275387869249,5130450379473882,股海东方不败,2025-02-04 22:09,,RedV,0.5885
5128575990373448,5130798288077227,枝廷佑tin_n,2025-02-05 21:11,,Regular,0.5885
5130275387869249,5130437191797890,刘耘博士,2025-02-04 21:16,湖南,GoldV,0.0004
5130841573036642,5131297047446125,飞蠓,2025-02-07 06:13,加拿大,Regular,0.5885
5134786171768857,5134792381433004,桑林林林桑,2025-02-16 21:42,天津,YellowV,0.5026
5132975539228994,5134065785118519,西窗随记,2025-02-14 21:35,吉林,Regular,0.8955
5134030015568239,5134062589577233,AgentSSSl,2025-02-14 21:22,北京,Regular,0.5885
5131096779395149,5131374001918430,微博卫生健康,2025-02-07 11:19,北京,BlueV,0.9806
5134449490789992,5134455444868343,猫空空ovo,2025-02-15 23:23,重庆,Regular,0.4125
5132975539228994,5134060810148236,镜子里的财经,2025-02-14 21:15,加拿大,RedV,0.9946
5131009450313538,5131371968987861,微博卫生健康,2025-02-07 11:11,北京,BlueV,0.7272
5131772862141204,5131904241901045,寻梦自然,2025-02-08 22:26,山东,YellowV,0.3328
5131096779395149,5131356676556604,DC农业,2025-02-07 10:10,广东,BlueV,0.9381
5131730569399040,5131897309502482,墨绿色的贝雷帽,2025-02-08 21:58,广东,Regular,0.9945
5130995967722510,5131326179508819,惡女逛大街,2025-02-07 08:09,中国台湾,Regular,0.5885
5130275387869249,5130783864657159,尼克安闲,2025-02-05 20:14,江苏,RedV,0.0082
5130273652213790,5130427330729547,天气转凉了_41355,2025-02-04 20:37,山东,Regular,0.0526
5134786171768857,5134787123611949,耶耶摊饼,2025-02-16 21:21,天津,Regular,0.0086
5134030015568239,5134057040517248,柴孝伟,2025-02-14 21:00,河南,RedV,0.0195
5131772862141204,5131788940479966,广西金嗓子官方微博,2025-02-08 14:48,陕西,BlueV,0.8016
5130275387869249,5130775319547413,梁冬微博,2025-02-05 19:40,四川,RedV,0.5885
5131730569399040,5131872500456530,Sameic,2025-02-08 20:20,中国澳门,Regular,0.9837
5128921565890362,5130418911190495,皮皮岛小狗_gin,2025-02-04 20:04,广东,Regular,0.9953
5131730569399040,5131758653670466,就是xinxin,2025-02-08 12:47,北京,Regular,0.9856
5131730569399040,5131757758453475,愿小天使平安的33,2025-02-08 12:44,北京,Regular,0.5885
5131730569399040,5131755440310681,堂本NN616_300,2025-02-08 12:35,德国,Regular,0.6269
5131679416975770,5131803014990422,教授老头,2025-02-08 15:44,江苏,RedV,0.5885
5131778710833794,5131786946350383,津云新闻,2025-02-08 14:40,,Regular,0.2385
5131730569399040,5131772004403681,_YoooOooK_,2025-02-08 13:40,,Regular,0.9997
5131730569399040,5131771421655784,镜像少年和他的猫,2025-02-08 13:38,,Regular,0.7279
5135846150242567,5135847123324103,我又有一些真知灼见,2025-02-19 19:33,,GoldV,0.8796
5134449490789992,5134453703185997,hoonlywon,2025-02-15 23:16,,Regular,0.5886
5131730569399040,5131780147382539,Ohara_YuuuKiii,2025-02-08 14:13,,Regular,0.8691
5130841573036642,5131148120556202,光头怪博士,2025-02-06 20:21,,RedV,0.428
5130841573036642,5131148004954682,MistakenPoint,2025-02-06 20:21,,Regular,0.3861
5131412636437026,5131637144158848,镜子里的财经,2025-02-08 04:44,,RedV,0.0059
5131730569399040,5131763980963128,堂本NN616_300,2025-02-08 13:08,,Regular,0.0148
5132578586101214,5132602946879951,炒鸡帅帅虎,2025-02-10 20:42,,YellowV,0.971
5134030644710652,5134031471254233,lqqhappy2020,2025-02-14 19:19,,Regular,0.014
5131435315299134,5131581801368649,阿葱的盖盖,2025-02-08 01:05,,Regular,0.9576
5130275387869249,5130720143739744,夏语冰96,2025-02-05 16:01,,GoldV,0.2504
5130273652213790,5130368803669726,雾问九峰,2025-02-04 16:45,,Regular,0.1242
5131388278015866,5132499993234028,那年那yue,2025-02-10 13:53,,Regular,0.6456
5130337692944842,5130364781072776,喬治亞州嘅預言家,2025-02-04 16:29,,Regular,0.0742
5134449490789992,5134452386959781,加大尼亚公主,2025-02-15 23:11,,Regular,0.1383
5130706743461321,5130708794474986,祥和周易看投资,2025-02-05 15:16,,YellowV,0.5688
5134449490789992,5134450656806970,miiiyoi,2025-02-15 23:04,,Regular,0.9332
5130318807568472,5130694307094301,钉十八,2025-02-05 14:18,,Regular,0.0782
5130677043593246,5130691423769083,清松挺且直,2025-02-05 14:07,,Regular,0.5885
5132146754720375,5132252503872621,财肥牛,2025-02-09 21:30,,Regular,0.1242
5130995967722510,5131090060903562,黄小邪看电影,2025-02-06 16:31,,RedV,0.7414
5130273652213790,5131086007111434,用户7719924286,2025-02-06 16:14,,Regular,0.1242
5130677043593246,5130680482138366,不想看吵架了,2025-02-05 13:23,,Regular,0.5885
5132244135970174,5132294141248199,梁祯元_TheOnlyWon,2025-02-10 00:15,,GoldV,0.9944
5130677043593246,5130679647737539,LHGarden,2025-02-05 13:20,,Regular,0.3522
5124411169177635,5132992842564745,一曲一歌,2025-02-11 22:32,,Regular,0.0373
5130273652213790,5130310481872472,血色军刀999,2025-02-04 12:53,,Regular,0.1166
5130273652213790,5130302064951584,用户7806051071,2025-02-04 12:19,,Regular,0.5885
5109437178053638,5132226801698720,阿华田脆脆薯,2025-02-09 19:48,,Regular,0.763
5128575990373448,5131066261636146,老婆孩子在立本,2025-02-06 14:56,,Regular,0.8112
5119215616660817,5130653211559627,jojolady1129,2025-02-05 11:35,,Regular,0.5885
5133031871873733,5133136610461773,财重信,2025-02-12 08:03,,Regular,0.2709
5130278283249020,5130288269888285,IM时光,2025-02-04 11:25,,Regular,0.5885
5130280532968276,5130284510740640,RisingtreeHGL,2025-02-04 11:10,,Regular,0.1143
5134260654837731,5134357618493230,老曲-LQ,2025-02-15 16:55,,Regular,0.5367
5132184505549427,5132194697972772,灼风风,2025-02-09 17:40,,Regular,0.5
5135086414201221,5135141196532538,清朝王八,2025-02-17 20:48,,Regular,0.7475
5130588270886974,5130620466891559,钧泽--,2025-02-05 09:25,,Regular,0.7763
5131033672420461,5131044099199572,河南国资,2025-02-06 13:28,,BlueV,0.1151
5133688385834756,5133699719630923,独来独往的大脸猫,2025-02-13 21:20,,Regular,0.818
5130339941089322,5130607766802457,土豆牛肉高粱,2025-02-05 08:34,,Regular,0.0025
5130318807568472,5130596525017694,水果大米种植户,2025-02-05 07:49,,RedV,0.01
5132947038931314,5133675553361676,姜姜姜姜呢,2025-02-13 19:44,,GoldV,0.9345
5132092238729059,5132152406543008,DaMultiMillionaireNextDoooor,2025-02-09 14:52,,Regular,0.2402
4737735396426263,5134864070214938,晒太阳容易犯困_,2025-02-17 02:27,,Regular,0.014
5134449490789992,5134854355683737,牙膏炒香菜,2025-02-17 01:49,,Regular,0.5892
4947992241242127,5134844279654544,nonoonon21,2025-02-17 01:09,,Regular,0.8073
5123913254961675,5132884868334677,我和三朵金花,2025-02-11 15:22,,Regular,0.9951
5135384419244128,5135540368707798,好柿豆li花生,2025-02-18 23:15,,Regular,0.9874
5136122665768649,5136123275512451,顿卡斯特男爵,2025-02-20 13:51,,Regular,0.0192
5136065075873437,5136090187433943,鱼汤粉粉日记,2025-02-20 11:39,,Regular,0.9735
5136007329219125,5136019391774956,张敬杰的微博,2025-02-20 06:58,,Regular,0.8406
5128575990373448,5128663206987765,薄巧女神金善禹,2025-01-30 23:47,,Regular,0.9996
5128047768897160,5128662850998386,谦比随便说说_,2025-01-30 23:46,,Regular,0.5885
5128047768897160,5128299862561874,Frank-Zeawooo,2025-01-29 23:43,,Regular,0.5885
5129311214895349,5133583509358380,马跃成,2025-02-13 13:39,,GoldV,0.5885
5131772862141204,5132094793318705,月柱1,2025-02-09 11:03,,Regular,0.5885
5129362673768515,5129376410371183,大豆钭江明,2025-02-01 23:01,,RedV,0.5885
5129362673768515,5129372367062130,镜子里的财经,2025-02-01 22:45,,RedV,0.0373
5128575990373448,5129019710769530,寻雨寄信,2025-01-31 23:24,,YellowV,0.1191
5127039166448105,5127210851637016,雪沫朗姆酒,2025-01-26 23:36,,Regular,0.5885
5128047768897160,5128294400000081,遊匿可,2025-01-29 23:22,,Regular,0.9835
5128047768897160,5128294120817440,麦乐蒂Chen,2025-01-29 23:20,,Regular,0.0631
5131388278015866,5132088122540386,用户7721230748,2025-02-09 10:37,,Regular,0.6456
5128575990373448,5128656777118970,今日下小禹_,2025-01-30 23:22,,Regular,0.9814
5125587282953868,5126850676263739,狸花不吸猫薄荷,2025-01-25 23:45,,Regular,0.9602
5128575990373448,5129742112788991,捕禹超人_,2025-02-02 23:14,,Regular,0.8015
5125945786895948,5126128186169874,灰kui,2025-01-23 23:54,,Regular,0.5885
5128575990373448,5128985844915631,恋禹癖-_-,2025-01-31 21:09,,Regular,0.9927
5128575990373448,5128645947164744,凇虔雪下和你的约定,2025-01-30 22:39,,Regular,0.999
5128575990373448,5128640851873353,用戶豬000,2025-01-30 22:18,,Regular,0.9714
5128575990373448,5128968797685644,小岛揪树_C,2025-01-31 20:01,,Regular,0.2067
5128575990373448,5128640008028290,柚稚小猫_,2025-01-30 22:15,,YellowV,0.4299
5128575990373448,5128638209720551,拉面分我一口,2025-01-30 22:08,,Regular,0.9712
5135959135355088,5136055681157285,VV靖哥哥VV,2025-02-20 09:22,,GoldV,0.6217
5129311214895349,5129338150983579,马跃成,2025-02-01 20:29,,GoldV,0.0512
5128575990373448,5128636694530761,努努超努力su,2025-01-30 22:02,,Regular,0.9928
5128575990373448,5128635604271308,Otta__,2025-01-30 21:57,,Regular,0.8071
5128575990373448,5128633041034383,可可球每天吃七口_,2025-01-30 21:47,,Regular,0.9721
5132280021916193,5132810721429335,风宇轩,2025-02-11 10:28,,Regular,0.5885
5128575990373448,5128961619395883,tempt_sn,2025-01-31 19:33,,Regular,0.8996
5128575990373448,5128630847409470,宝宝你是一个小苹果,2025-01-30 21:39,,Regular,0.9631
5128575990373448,5128630034501116,金豆豆攒罐罐,2025-01-30 21:35,,YellowV,0.9995
5133153365132457,5136054340289939,镇家zhi寶_修仙ing,2025-02-20 09:17,,Regular,0.9852
5128575990373448,5128628367266376,fuufufuuu,2025-01-30 21:29,,Regular,0.9873
5128575990373448,5128623025030668,禹宙_,2025-01-30 21:07,,Regular,0.9872
5128542427809095,5128622618973664,用户7913733469,2025-01-30 21:06,,Regular,0.5885
5123402127643724,5125732571284314,再见青春20120,2025-01-22 21:42,,Regular,0.5885
5128575990373448,5128620606227264,是柒沅没错了,2025-01-30 20:58,,Regular,0.9947
5128575990373448,5128619552674121,雾島风起時windy,2025-01-30 20:54,,Regular,0.9103
5128575990373448,5128619389092846,ni豆吃吃吃,2025-01-30 20:53,,Regular,0.9994
5128575990373448,5128618366471875,薄巧山芋年糕_,2025-01-30 20:49,,Regular,0.8309
5128575990373448,5128618294381812,韩妈泡菜馆_,2025-01-30 20:49,,Regular,0.9997
5125945786895948,5126796334863978,西库库,2025-01-25 20:09,,Regular,0.5885
5128047768897160,5128288555764961,_助君出重围,2025-01-29 22:58,,Regular,0.095
5128047768897160,5128288139215426,铁头包菜爱打拳,2025-01-29 22:57,,Regular,0.0009
5128575990373448,5128617581346998,四宝萌萌,2025-01-30 20:46,,Regular,0.998
5133153365132457,5136053599472316,小师妹是个小说控,2025-02-20 09:14,,Regular,0.9172
5125945786895948,5126782541890748,偶脚得偶还可以抢救一下,2025-01-25 19:14,,GoldV,0.6882
5128575990373448,5129301100071653,金善禹Sunoo_EN-,2025-02-01 18:02,,GoldV,0.9949
4680888342282248,5128278534259380,侞伈,2025-01-29 22:19,,Regular,0.5885
5127326561994005,5127516430535412,马前炮-刘石,2025-01-27 19:50,,YellowV,0.1242
5128575990373448,5128917239467125,我不要低到谷底的悲伤,2025-01-31 16:37,,Regular,0.9785
5128575990373448,5128616604599992,炁祐,2025-01-30 20:42,,Regular,0.9993
5128575990373448,5128615454838107,乾丶一丶,2025-01-30 20:37,,YellowV,0.9419
5128047768897160,5128615300171621,老爹他山姆,2025-01-30 20:37,,Regular,0.5885
5128575990373448,5128613680910194,真的想吃打卤面,2025-01-30 20:30,,Regular,0.9957
5128575990373448,5129299365724911,栗子薄巧030,2025-02-01 17:55,,Regular,0.9102
5132419808101622,5132777114567937,森林狼咨询-数字化成就百万梦,2025-02-11 08:14,,Regular,0.0177
5128047768897160,5130002779868586,李锡族123嘻嘻,2025-02-03 16:30,,Regular,0.1621
5126706455644399,5126760582353153,那啥啥别闹了,2025-01-25 17:47,,Regular,0.0605
5126544089416242,5126757032136944,芷蘭茹蕙,2025-01-25 17:33,,Regular,0.0111
5128575990373448,5128613559539601,尻簿上一脚踢死,2025-01-30 20:30,,Regular,0.9955
5128575990373448,5128613021879089,big2eyes,2025-01-30 20:28,,Regular,0.8877
5128522238794110,5128612665884778,我家的小黑黑2013,2025-01-30 20:26,,Regular,0.5885
5128575990373448,5128610398867600,水原小猪饲养员,2025-01-30 20:17,,Regular,0.9997
5128575990373448,5128609445184690,快乐小鲸鱼_LH,2025-01-30 20:13,,Regular,0.9942
5128575990373448,5128608763088535,卡哇伊托兒所,2025-01-30 20:11,,Regular,0.9993
5128575990373448,5128606827153674,lIl糯米圆堡o-o,2025-01-30 20:03,,YellowV,0.9997
5128575990373448,5128605416031135,善于sunoo,2025-01-30 19:57,,Regular,0.9088
5128575990373448,5128605346827924,薄巧下辈子吧-,2025-01-30 19:57,,Regular,0.9916
5128575990373448,5128605168309800,薄巧拉面派,2025-01-30 19:57,,YellowV,0.9865
5128575990373448,5128604501673367,Hacesunovo,2025-01-30 19:54,,Regular,0.9934
5128575990373448,5128877573669050,·小贝回家了·,2025-01-31 13:59,,YellowV,0.8375
5128575990373448,5128876525880599,见三月梦清秋,2025-01-31 13:55,,Regular,0.9984
5127039166448105,5127098033244474,展览馆热情暗潮,2025-01-26 16:08,,Regular,0.1354
5128575990373448,5128602057965709,周末的猫阿,2025-01-30 19:44,,Regular,0.986
5128575990373448,5128602024674022,一枚恋萌癖_,2025-01-30 19:44,,Regular,0.9968
5128575990373448,5128600449716954,吃一大口薄巧吧,2025-01-30 19:38,,Regular,0.9993
5128575990373448,5128599092597221,小赵爱吃山芋,2025-01-30 19:32,,Regular,0.9745
5128575990373448,5128598886815372,不要熬夜了orz,2025-01-30 19:32,,Regular,0.6148
5128575990373448,5128598778810983,Weillo19,2025-01-30 19:31,,Regular,0.6869
5128575990373448,5128598512206243,一体机真是太爽了,2025-01-30 19:30,,Regular,0.9718
5128575990373448,5128598233025908,装0和老公砰砰砰的那个禹夜,2025-01-30 19:29,,Regular,0.9967
5128575990373448,5128594980607594,莬現札记,2025-01-30 19:16,,RedV,0.9939
5128575990373448,5128594458414600,ran2425,2025-01-30 19:14,,Regular,0.9893
5127039166448105,5127469705988699,妖溅,2025-01-27 16:45,,Regular,0.9441
5128575990373448,5128855067297475,西红柿没事TUT,2025-01-31 12:30,,Regular,0.9975
5128232397702102,5128851361632132,我醒着做梦10,2025-01-31 12:15,,Regular,0.5081
5135436255331302,5135458181580342,在海一方127,2025-02-18 17:48,,Regular,0.9822
5125521731488236,5126348617816270,疯狂的豆腐WIP,2025-01-24 14:30,,Regular,0.1242
5128575990373448,5128592792490954,用紙貓卷_,2025-01-30 19:07,,YellowV,0.8295
5128575990373448,5128592633890407,橘橘毛猫,2025-01-30 19:07,,Regular,0.9943
5128575990373448,5128849457155259,薄荷巧克力yamiyami,2025-01-31 12:07,,Regular,0.2978
5125945786895948,5126325691485734,兜兜转转now,2025-01-24 12:59,,Regular,0.5885
5128575990373448,5128590052299556,爱吃虾的小叶子,2025-01-30 18:56,,YellowV,0.9951
5128575990373448,5128589913887737,马尔济斯庇护所2-1,2025-01-30 18:56,,Regular,0.9371
5128575990373448,5128589873775066,栗子薄巧030,2025-01-30 18:56,,Regular,0.9979
5128575990373448,5128589852285397,苦难救世主,2025-01-30 18:56,,Regular,0.7885
5128575990373448,5128589787791994,薄荷雪岸,2025-01-30 18:55,,Regular,0.9958
5128575990373448,5128589624476409,fafakiyou,2025-01-30 18:55,,Regular,0.9955
5125945786895948,5126374496931888,SC银鸦,2025-01-24 16:13,,Regular,0.5885
5126356599835850,5126360336959522,资本圈大佬,2025-01-24 15:16,,Regular,0.3751
5128575990373448,5128588642749092,豆本豆努_,2025-01-30 18:51,,Regular,0.9949
5128575990373448,5128588146510724,没空忧伤_Philo,2025-01-30 18:49,,Regular,0.9323
5128575990373448,5128588034835417,超级无敌开心大米饭,2025-01-30 18:48,,Regular,0.5422
5128575990373448,5128587541218123,Puppyoo_yo,2025-01-30 18:46,,YellowV,0.9928
5128575990373448,5128587187587736,到底炖不炖粉耗子,2025-01-30 18:45,,Regular,0.326
5127309490913734,5127442562025020,精神病人探索者,2025-01-27 14:57,,Regular,0.5714
5128575990373448,5128834371815323,Sunjuk_弦豆包,2025-01-31 11:07,,Regular,0.9711
5125945786895948,5126048662165813,刀与星辰KaS,2025-01-23 18:38,,Regular,0.6053
5125945786895948,5126314216917601,此方宥沐,2025-01-24 12:13,,Regular,0.0103
5128575990373448,5128587099508731,帮你偷走所有的饼干,2025-01-30 18:45,,Regular,0.8633
5128575990373448,5128586812457458,accongdus_oo,2025-01-30 18:44,,Regular,0.999
5128575990373448,5128585658762729,pitaya_09,2025-01-30 18:39,,Regular,0.6038
5128575990373448,5128585413397344,山邑,2025-01-30 18:38,,Regular,0.9403
5128575990373448,5128830858038236,帕饭团_suhghoon,2025-01-31 10:53,,Regular,0.5885
5128575990373448,5128830039625838,橡子小只,2025-01-31 10:50,,Regular,0.9867
5128575990373448,5128585125561812,我出生就是来嬷这个世界的,2025-01-30 18:37,,Regular,0.9956
5128575990373448,5128584993704236,饅頭不爱吃-馒头,2025-01-30 18:36,,YellowV,0.9993
5128575990373448,5128584748335495,iveriier,2025-01-30 18:35,,YellowV,0.9856
5128575990373448,5128584577161076,3ooth_,2025-01-30 18:35,,YellowV,0.7801
5129855546425608,5129958360090687,马前炮-刘石,2025-02-03 13:34,,YellowV,0.1242
5128575990373448,5128584220377115,mintchoppang,2025-01-30 18:33,,Regular,0.3651
5128575990373448,5128584159302986,爱探险的猫ao,2025-01-30 18:33,,Regular,0.9997
5128575990373448,5128584086423843,小猪我啃啃啃啃,2025-01-30 18:33,,Regular,0.9995
5128575990373448,5128583242060433,xx是個夢想家,2025-01-30 18:29,,Regular,0.997
5125945786895948,5126305588707609,小苹果不好切啊,2025-01-24 11:39,,Regular,0.5885
5125945786895948,5126304659936982,我的小懒猫-_-,2025-01-24 11:35,,Regular,0.5885
5125587282953868,5125673968992774,修炼中的猪猪精灵,2025-01-22 17:49,,Regular,0.716
5125945786895948,5126038480748759,林黑白,2025-01-23 17:57,,Regular,0.0817
5128575990373448,5128807585416399,朴个总行,2025-01-31 09:21,,Regular,0.5756
5128575990373448,5128804022092306,割席了再见,2025-01-31 09:07,,Regular,0.367
5128575990373448,5128583058818383,栗子薄巧030,2025-01-30 18:29,,Regular,0.9515
5128575990373448,5128582838095301,猪肉丸的少女心事,2025-01-30 18:28,,RedV,0.9955
5128575990373448,5128582787500564,祭我奠,2025-01-30 18:28,,Regular,0.9955
5128575990373448,5128582751846649,写在我日记的第一页,2025-01-30 18:27,,Regular,0.9996
5128575990373448,5128582749752072,水原一萌猪,2025-01-30 18:27,,YellowV,0.7823
5128575990373448,5128582630213139,但是你说什么,2025-01-30 18:27,,Regular,0.7367
5133993814786089,5135433763654709,用户7721230748,2025-02-18 16:11,,Regular,0.6456
5128575990373448,5129256380400624,sep21m_L,2025-02-01 15:04,,Regular,0.9963
5128575990373448,5128795648688923,橙子芋泥麻薯,2025-01-31 08:33,,Regular,0.9997
5128575990373448,5128582040915036,煎饼果子jl,2025-01-30 18:25,,Regular,0.9957
5128575990373448,5128581732630922,711minutesdating,2025-01-30 18:23,,Regular,0.8249
5128575990373448,5128581406003300,ttttritan,2025-01-30 18:22,,Regular,0.9993
5128575990373448,5128581323952505,一口橡子iiii,2025-01-30 18:22,,Regular,0.2642
5128575990373448,5128581164568240,奶酥猫,2025-01-30 18:21,,YellowV,0.9952
5125945786895948,5126301654193136,海边大红袍,2025-01-24 11:23,,Regular,0.9456
5126259210454399,5126262779806611,时光不觉1999,2025-01-24 08:49,,Regular,0.02
5127326561994005,5127382558312268,马前炮-刘石,2025-01-27 10:58,,YellowV,0.1242
5126017594692383,5126021580590532,唐剑锋,2025-01-23 16:50,,YellowV,0.1905
5128575990373448,5128693196259913,雨引秋,2025-01-31 01:46,,Regular,0.983
5128575990373448,5128692871464827,-Sunyiiusaku,2025-01-31 01:45,,Regular,0.6152
5128575990373448,5128581161681880,捏捏元宵_,2025-01-30 18:21,,YellowV,0.9399
5128575990373448,5128580759290662,好想吃烤苕皮,2025-01-30 18:19,,Regular,0.9939
5128575990373448,5128580296085806,肉还是烤着好吃,2025-01-30 18:18,,Regular,0.8887
5128575990373448,5128580157936073,仓鼠骑着老虎,2025-01-30 18:17,,Regular,0.8915
5128575990373448,5128580075881935,杀神球球,2025-01-30 18:17,,Regular,0.9983
5128575990373448,5128579752659966,豆努力大王,2025-01-30 18:16,,Regular,0.9869
5128575990373448,5128680850330070,雾里观雨,2025-01-31 00:57,,Regular,0.0783
5128575990373448,5128677777474820,大碗的甜筒,2025-01-31 00:45,,Regular,0.5912
5128575990373448,5128677513497477,常驻夏日里,2025-01-31 00:44,,Regular,0.9933
5128575990373448,5128579689480295,uinssy_,2025-01-30 18:15,,RedV,0.9929
5128575990373448,5128579623682449,我说sunoo你说kiyo,2025-01-30 18:15,,Regular,0.9887
5128575990373448,5128579391949855,海蜇泽里困,2025-01-30 18:14,,Regular,0.9865
5128575990373448,5128579052211238,3ooth_,2025-01-30 18:13,,YellowV,0.9954
5128575990373448,5128578951808825,鲸璨璨_JCC,2025-01-30 18:12,,Regular,0.996
5128575990373448,5128578951545170,软柿子难捏,2025-01-30 18:12,,Regular,0.9997
5128575990373448,5128578882601698,六一钉,2025-01-30 18:12,,Regular,0.9925
5128575990373448,5128578748650120,橡子山芋,2025-01-30 18:12,,Regular,0.9938
5129579611820625,5129582129187072,阿森西的我,2025-02-02 12:39,,Regular,0.5529
5125945786895948,5126012364919564,3兮尔香香哒5,2025-01-23 16:14,,Regular,0.5885
5128575990373448,5128672098389469,Sunyeooji33,2025-01-31 00:22,,Regular,0.9845
5128575990373448,5128670476505433,邪恶水煮蛋爱吃年糕条,2025-01-31 00:16,,Regular,0.3577
5128575990373448,5128670081453754,爱吃团子的霜霜,2025-01-31 00:14,,Regular,0.9902
5128575990373448,5128669648913944,巧克力威化化化化化化,2025-01-31 00:13,,Regular,0.6565
5128575990373448,5128578628846234,在干嘛干嘛,2025-01-30 18:11,,Regular,0.9993
5128575990373448,5128578549417374,桃子大法师,2025-01-30 18:11,,Regular,0.9996
5128575990373448,5128578348614920,svcartt_,2025-01-30 18:10,,Regular,0.9918
5128575990373448,5128578222788335,豆饼小橡,2025-01-30 18:09,,Regular,0.9992
5128575990373448,5128577957232794,她的肉肉实在美味,2025-01-30 18:08,,RedV,0.9826
5128575990373448,5128577870201221,沥青湖里的鱼,2025-01-30 18:08,,Regular,0.9997
5126340097613533,5126651107871397,hhmyl,2025-01-25 10:32,,Regular,0.9523
5128575990373448,5128576472976059,西梅脯,2025-01-30 18:02,,Regular,0.9245
5125945786895948,5126006660140580,叔大奥尼,2025-01-23 15:51,,Regular,0.0958
5125521731488236,5126170452952393,_尚方笔墨_,2025-01-24 02:42,,Regular,0.5885
5125311081480779,5126286303036541,镜子里的财经,2025-01-24 10:22,,RedV,0.5885
5125939866894874,5126265770345235,窝牛牛外贸出海,2025-01-24 09:01,,Regular,0.9002
5125945786895948,5126004125208090,漫随的Nelson,2025-01-23 15:41,,Regular,0.0059
5125945786895948,5126003452808064,专业戳轮胎熊律师,2025-01-23 15:38,,GoldV,0.656
5122673653057559,5125643514416127,Elf想去西班牙锦鲤是超级锦鲤,2025-01-22 15:48,,Regular,0.9745
5125634734428951,5125640959559609,聚焦三农官方微博,2025-01-22 15:38,,BlueV,0.7486
5126844628605472,5126985579760184,黏土战士,2025-01-26 08:41,,Regular,0.6244
5125846325789218,5125986964473179,司南,2025-01-23 14:33,,Regular,0.5885
5128575990373448,5129077872919769,Sun_禹,2025-02-01 03:15,,Regular,0.9988
5127019469737893,5127250984830014,天问1322,2025-01-27 02:15,,Regular,0.4661
5123402127643724,5124674243792152,Wawanaoehguagua,2025-01-19 23:36,,Regular,0.5885
5124142182963531,5124305895294214,放弃助人情结_尊重TA人命运,2025-01-18 23:13,,Regular,0.1242
4799775469733830,5129036203032615,凤凰涅槃的新家,2025-02-01 00:29,,Regular,0.9413
5128993014284570,5129034352558966,我醒着做梦10,2025-02-01 00:22,,Regular,0.0328
5125536076793056,5125592510630020,镜子里的财经,2025-01-22 12:25,,RedV,0.0086
5125967330154493,5125967951955810,学倪海厦,2025-01-23 13:17,,RedV,0.5415
5126706455644399,5126886162172020,少年春田2025,2025-01-26 02:06,,Regular,0.1008
5123402127643724,5124235867460855,墨如事,2025-01-18 18:34,,RedV,0.9639
5123402127643724,5124208474199871,糖果芝士暴风雨,2025-01-18 16:46,,Regular,0.5885
5125939866894874,5125957497392281,予泓,2025-01-23 12:36,,Regular,0.09
5123402127643724,5124195423884639,盛夏几口莲,2025-01-18 15:54,,Regular,0.5885
5128047768897160,5128548782966017,舒俱来冷傲退同担,2025-01-30 16:12,,Regular,0.5885
5123402127643724,5124233976610994,李思磐,2025-01-18 18:27,,RedV,0.6005
5125226659056556,5125358064241703,仰望星空qq29,2025-01-21 20:54,,Regular,0.1242
5124142182963531,5124250518686556,白雪下的小麦,2025-01-18 19:33,,Regular,0.1966
5123402127643724,5124203483496537,Lor1SH2,2025-01-18 16:26,,Regular,0.5885
5124259707355510,5124275357618943,一杯清水_胡军,2025-01-18 21:11,,Regular,0.0259
5125939866894874,5125943230465772,蓝弦51,2025-01-23 11:39,,Regular,0.0045
5124811624022742,5124991471848926,睡不着的懂小姐,2025-01-20 20:37,,Regular,0.9714
5123402127643724,5124166634177598,Daniel-Tay,2025-01-18 13:59,,Regular,0.5885
5124142182963531,5124202400584947,易拉宝三号,2025-01-18 16:21,,Regular,0.5885
5123402127643724,5124090723565874,落水小说noco,2025-01-18 08:58,,Regular,0.5885
5128047768897160,5128473678712669,魚生要酷到底,2025-01-30 11:14,,Regular,0.0199
5128047768897160,5128473217342284,Paul-NotTheLastDayOfSummer,2025-01-30 11:12,,Regular,0.5885
5123925180942035,5124160791776720,Captain小潇,2025-01-18 13:36,,GoldV,0.5885
5125285657709391,5125342069788937,老出差的程序员,2025-01-21 19:50,,GoldV,0.1242
5120567960667477,5124644124761030,下厨房,2025-01-19 21:37,,BlueV,0.8577
5124142182963531,5124537754848212,莜莜飒YOYOSA,2025-01-19 14:34,,Regular,0.5885
5124534942829643,5124627510069650,GIGI和MiaoMiao,2025-01-19 20:31,,Regular,0.5885
5124612146332390,5124626478272267,江南大学,2025-01-19 20:27,,BlueV,0.7355
5124474716817070,5124534252344061,他是黯淡星·,2025-01-19 14:20,,Regular,0.9836
5123402127643724,5124532187170897,jdhdgsbjsoebsb,2025-01-19 14:12,,Regular,0.5885
5124270802077088,5124529984897677,戈壁酒泉人01,2025-01-19 14:03,,Regular,0.758
5123402127643724,5124402733122297,小西洋梨,2025-01-19 05:38,,Regular,0.3157
5131810728050957,5131943928927116,榕潞6312708334,2025-02-09 01:04,,Regular,0.5885
5123402127643724,5123591501253669,瘋南高中肄業倒數第一,2025-01-16 23:54,,YellowV,0.839
5123402127643724,5123591295209876,paranoid--android,2025-01-16 23:53,,Regular,0.7824
4680888342282248,5124323555674447,侞伈,2025-01-19 00:23,,Regular,0.5885
5124931956507170,5124933270638510,大海observer,2025-01-20 16:46,,Regular,0.9786
5123925180942035,5124107903174379,洪广玉,2025-01-18 10:06,,RedV,0.0105
5123402127643724,5123589566890791,懒觉和宵夜,2025-01-16 23:46,,Regular,0.9945
5123048413593929,5123224044310665,摄影师HAO,2025-01-15 23:34,,Regular,0.5885
5123402127643724,5124484430039692,dubfish,2025-01-19 11:02,,Regular,0.9757
5121211451834962,5122136029271538,yi是我的名字,2025-01-12 23:30,,Regular,0.984
5123402127643724,5123582616666833,红鹤四脚朝天,2025-01-16 23:19,,Regular,0.8384
5123402127643724,5123933487235827,叫大宝的美男子,2025-01-17 22:33,,Regular,0.996
5123402127643724,5123581291532634,野生老树,2025-01-16 23:13,,Regular,0.5885
5123402127643724,5123579425330134,退休版阿特拉斯,2025-01-16 23:06,,Regular,0.6125
5121335552644528,5121629711246816,秋日染祎-高二版,2025-01-11 13:59,,Regular,0.9955
5123402127643724,5123576535455201,李下_,2025-01-16 22:55,,Regular,0.5
5123402127643724,5123575872751268,一只盐水嘎,2025-01-16 22:52,,Regular,0.9743
5123402127643724,5123571904682057,将我温柔豢养___,2025-01-16 22:36,,Regular,0.9905
5121529408389322,5121567635538125,用户6453102668,2025-01-11 09:52,,Regular,0.5885
5121211451834962,5121713592866743,l琪宝123,2025-01-11 19:32,,Regular,0.9965
5123402127643724,5123570920067988,那是无尽美好的事物,2025-01-16 22:32,,Regular,0.2121
5123402127643724,5123569929946870,最好吃口冷的,2025-01-16 22:28,,Regular,0.5885
5121445056742271,5121509075190331,豆粕苍棕,2025-01-11 05:59,,Regular,0.7788
5123402127643724,5123568010528945,WooDooDoo,2025-01-16 22:21,,GoldV,0.5885
5123402127643724,5123567937917639,土豆泥呀哈_,2025-01-16 22:20,,Regular,0.296
5123402127643724,5123567582972778,嶌往,2025-01-16 22:19,,Regular,0.8496
5121445056742271,5121554495571498,豆粕苍棕,2025-01-11 09:00,,Regular,0.0095
5123913254961675,5124901659216762,我和三朵金花,2025-01-20 14:40,,Regular,0.1242
5123402127643724,5123566307902053,热Pancake_,2025-01-16 22:14,,Regular,0.0343
5123402127643724,5123564906744427,西窗随记,2025-01-16 22:08,,Regular,0.5885
5123402127643724,5123897248191794,夜宿二仙桥,2025-01-17 20:09,,Regular,0.9536
5123402127643724,5123891443795362,林_小_A,2025-01-17 19:46,,Regular,0.9739
5123487198871856,5123556993926904,管埋园,2025-01-16 21:37,,Regular,0.9466
5121961453687238,5121965163548475,风浪大道,2025-01-12 12:11,,Regular,0.0122
5121361645935933,5121593741151817,春春叶叶和她的床品,2025-01-11 11:36,,Regular,0.1242
5121445056742271,5121593207947703,用户7806051071,2025-01-11 11:33,,Regular,0.5885
5122108633651558,5122122164475881,一声醉梦,2025-01-12 22:35,,Regular,0.0057
5122415136604877,5122442878782745,by1005顺顺利利,2025-01-13 19:50,,Regular,0.9991
5122418400562236,5122468869836216,Rilla拉,2025-01-13 21:33,,Regular,0.5
5122405440424091,5122405718556705,聚焦三农官方微博,2025-01-13 17:22,,BlueV,0.8866
5123402127643724,5124834902934960,帆霏,2025-01-20 10:15,,Regular,0.5885
5122415136604877,5122418794303409,1005号特工吖,2025-01-13 18:14,,Regular,0.9392
5125203086284922,5125259877943838,睿酱很调皮,2025-01-21 14:24,,YellowV,0.8521
5122302091723432,5122304155061888,好云a,2025-01-13 10:39,,YellowV,0.9955
5123833986548788,5123839656201100,杨桃桃tttt,2025-01-17 16:20,,RedV,0.1242
5123833986548788,5123834582402798,杨桃桃tttt,2025-01-17 16:00,,RedV,0.9149
5123402127643724,5123834422231045,您拨打的电话已关机是驴你的,2025-01-17 15:59,,Regular,0.994
5122342730596464,5122354738368220,裘达斯·V6,2025-01-13 14:00,,Regular,0.9225
5123774258613909,5123825920380108,JJJu1ce_,2025-01-17 15:25,,Regular,0.9991
5123081021165107,5123099102545265,爱和引力穿越时空,2025-01-15 15:17,,Regular,0.2008
5123402127643724,5123823022902505,Loyoo_,2025-01-17 15:14,,Regular,0.9146
5123814386569610,5123814449484201,聚焦三农官方微博,2025-01-17 14:40,,BlueV,0.949
5123721934930592,5123813711020595,日经中文网,2025-01-17 14:37,,BlueV,0.8442
5123207503283916,5123476998586702,聚焦三农官方微博,2025-01-16 16:19,,BlueV,0.418
4671578036244142,5122660985736117,苏炳功-,2025-01-14 10:16,,Regular,0.9947
4671578036244142,5122658515026567,苏炳功-,2025-01-14 10:07,,Regular,0.9002
5120542796154018,5123081603122827,inke映客,2025-01-15 14:08,,BlueV,0.9949
4744754375688596,5122657996243490,苏炳功-,2025-01-14 10:05,,Regular,0.8648
5123059950294711,5123065836997098,通讯打工人,2025-01-15 13:05,,Regular,0.8834
5122345698332249,5122684733624483,Zico510,2025-01-14 11:51,,Regular,0.219
5123089072918714,5123435996647648,刷屏狂魔长工王,2025-01-16 13:36,,YellowV,0.5885
5121046921086881,5121048750853772,聚焦三农官方微博,2025-01-09 23:30,,BlueV,0.9479
5121012660179148,5121048303376622,喝辣椒加不加盐呢,2025-01-09 23:28,,Regular,0.9736
5121358642546419,5121401176195242,Rilla拉,2025-01-10 22:50,,Regular,0.5
5121396008554018,5121397341029129,安徽网,2025-01-10 22:35,,Regular,0.0062
5120582817678050,5120649846064230,然后晚上就没劲了,2025-01-08 21:05,,Regular,0.0092
5120582817678050,5120646427706843,Bukki,2025-01-08 20:51,,Regular,0.989
5120542796154018,5120645953752613,JJJu1ce_,2025-01-08 20:49,,Regular,0.9944
5121335552644528,5121340407289360,一觉睡半天_,2025-01-10 18:49,,Regular,0.9427
5121335552644528,5121338363352226,fox琛儿,2025-01-10 18:41,,Regular,0.9905
5120582817678050,5120632798841848,艾菌_,2025-01-08 19:57,,Regular,0.9701
5120582817678050,5120627478366235,GHLGDQS,2025-01-08 19:36,,Regular,0.985
5121294317913580,5121296852058467,淄博中院,2025-01-10 15:56,,BlueV,0.0056
5120582817678050,5120622089212146,常青的梦,2025-01-08 19:15,,YellowV,0.0045
5121261214892666,5121264715567709,集所有优点与一身,2025-01-10 13:48,,Regular,0.4407
5121261214892666,5121262502281435,呆小喵112,2025-01-10 13:39,,Regular,0.9647
5121261214892666,5121262253248739,会发财的财神鸡,2025-01-10 13:38,,Regular,0.8488
5123020383848806,5123026876369869,CoCo是翠果,2025-01-15 10:30,,Regular,0.7894
5117594063340196,5119580569865653,最爱喝养乐多加雪碧,2025-01-05 22:16,,Regular,0.5885
5103544443341737,5118152289554391,芋泥肉松粉狮子,2025-01-01 23:40,,Regular,0.5885
4883260914275070,5118835160515387,我与女神的距离只差25斤,2025-01-03 20:54,,Regular,0.5885
5118812128545548,5118826863134896,心光映雪,2025-01-03 20:21,,Regular,0.5447
4680888342282248,5122762513060526,侞伈,2025-01-14 17:00,,Regular,0.5885
5120529398763274,5120532273955882,燕萍学姐Shine,2025-01-08 13:18,,YellowV,0.9423
5118338268667303,5118458302564839,菌菌菌吖,2025-01-02 19:56,,Regular,0.9928
5118714429052885,5119164002075125,山路绵延要闲散,2025-01-04 18:41,,Regular,0.5885
5116175287585303,5118423329672048,qiuwenjie,2025-01-02 17:38,,YellowV,0.8044
5120863168626932,5120883070341824,合肥日报,2025-01-09 12:32,,Regular,0.8314
5116175287585303,5118409601714413,微博粮油,2025-01-02 16:43,,BlueV,0.7421
5120253597587374,5120508951270759,我比你会抬杠,2025-01-08 11:45,,Regular,0.1242
5118051445375840,5118109847920269,VvvVvV二水,2025-01-01 20:52,,Regular,0.7989
5118821677400386,5119104608638706,蝴蝶看风景,2025-01-04 14:45,,Regular,0.5885
5116175287585303,5118062171262630,微博粮油,2025-01-01 17:42,,BlueV,0.905
5117953287390692,5118034368793008,蟋蟀诅咒斗蟋蟀godie,2025-01-01 15:52,,Regular,0.0046
5117953287390692,5118034041641855,蟋蟀诅咒斗蟋蟀godie,2025-01-01 15:51,,Regular,0.0734
5118676748996912,5118742642560594,回忆-1976,2025-01-03 14:46,,Regular,0.5885
5120503186462438,5120843824241017,Delondre,2025-01-09 09:56,,Regular,0.5885
5118675805541941,5118737961452603,微博粮油,2025-01-03 14:28,,BlueV,0.815
5118114214447100,5118114460862758,聚焦三农官方微博,2025-01-01 21:10,,BlueV,0.9261
5117593645750756,5117988980655567,言声乐,2025-01-01 12:52,,Regular,0.3991
5118676748996912,5118728704098894,山路绵延要闲散,2025-01-03 13:51,,Regular,0.5885
5118676748996912,5118728162775474,成一虫,2025-01-03 13:49,,RedV,0.1242
5117593645750756,5117988225421265,言声乐,2025-01-01 12:49,,Regular,0.7917
5118676748996912,5118723520463182,粤西北小哥,2025-01-03 13:30,,Regular,0.5095
5118821677400386,5119082917266213,changchetapo_,2025-01-04 13:18,,Regular,0.0102
5119502796198112,5119508879248963,教皇啊娜律,2025-01-05 17:31,,Regular,0.3303
5117793316644342,5117814995945524,梦游芋泥海_,2025-01-01 01:20,,Regular,0.8568
5103544443341737,5118283692642799,最爱叶彩虹,2025-01-02 08:23,,Regular,0.4279
5118883950500501,5119022899137042,平衡198602,2025-01-04 09:20,,Regular,0.8212
5119757416140803,5119795242470506,米兰达勇者,2025-01-06 12:29,,Regular,0.9693
5183239159025097,5183344025015487,大道无边我有边2010-,2025-06-30 21:09,,Regular,0.2317
5180832962318755,5181139746297019,溱东镇周胖子土菜馆,2025-06-24 19:10,,Regular,0.5885
5181775300263997,5181813104576430,夜空中不一样的光芒,2025-06-26 15:46,,Regular,0.0132
5178845957458456,5178995530535603,三月8815080113,2025-06-18 21:10,,Regular,0.0042
5179627360487572,5179628434228149,寻找貂蝉的吕小布,2025-06-20 15:05,,Regular,0.8456
5175773566075553,5175773849980212,镜子里的财经,2025-06-09 23:48,,RedV,0.054
5174656361304665,5174665473694389,小浣熊1230,2025-06-06 22:24,,RedV,0.4488
5179561895266229,5179570711168171,股道叶开,2025-06-20 11:15,,RedV,0.1242
5183256535760998,5183363746105585,梦angell,2025-06-30 22:28,江苏,YellowV,0.0212
5183731792348777,5183740805387739,向往夏天的鹅,2025-07-01 23:26,,Regular,0.9933
5182997340881926,5183038164303882,库卡优,2025-06-30 00:54,广东,Regular,0.0005
5183243533160448,5183382507493084,椒江叶Sir,2025-06-30 23:42,浙江,YellowV,0.0215
5183197885237582,5183321212456353,cospwort,2025-06-30 19:39,,Regular,0.9657
5183157126824746,5183243261052058,古如百,2025-06-30 14:29,,Regular,0.5885
5179645959866915,5183217462152099,您的球球可爱且甜,2025-06-30 12:46,,YellowV,0.0984
5050359292102311,5183139947479303,自然的张侃,2025-06-30 07:38,,Regular,0.948
5118038108799728,5118154579645164,水煮书呆子,2025-01-01 23:50,,Regular,0.9871
5134689184515838,5134817949388100,尼克安闲,2025-02-16 23:24,,RedV,0.9133
5134128221261072,5134457023498311,徐松岩教授,2025-02-15 23:30,,YellowV,0.5872
5133363469618221,5133374529996183,狂乱的背影,2025-02-12 23:48,,Regular,0.8109
5133367005419706,5133370490887818,中药代煎,2025-02-12 23:32,,Regular,0.3977
5132462042907701,5133370145374722,没人比我更懂DJT,2025-02-12 23:31,,YellowV,0.0104
5132538189711502,5132643526512139,SS第二帝国装甲师,2025-02-10 23:23,,Regular,0.2268
5131815973032333,5132641949451521,扬而帆天,2025-02-10 23:17,,Regular,0.0032
5118489263605981,5118510563590499,金娅丽2,2025-01-02 23:24,,Regular,0.0043
5118101452491144,5118147692857276,乾达婆与紧那罗,2025-01-01 23:22,,RedV,0.5885
5118038108799728,5118146325251288,LXY60796,2025-01-01 23:17,,Regular,0.5885
5134435684713933,5134813745119810,赵盛烨,2025-02-16 23:07,,GoldV,0.0762
5133866216720483,5134102033076475,老王谈改革,2025-02-14 23:59,,GoldV,0.0056
5133866216720483,5134101489388417,用户7884824825,2025-02-14 23:57,,Regular,0.5885
5132758600384717,5133013388101779,奔向幸福的耗子,2025-02-11 23:53,,Regular,0.5885
5132563175444953,5133012352373456,财重信,2025-02-11 23:49,,Regular,0.1778
5132496813949413,5132633476431932,马马虎虎大马虎,2025-02-10 22:44,,Regular,0.9049
5132445822747641,5132627598382327,小小浣焸,2025-02-10 22:20,,Regular,0.0029
5131465184512707,5131920922904850,_熙柒_,2025-02-08 23:32,,Regular,0.0004
5012883498863478,5118140810533389,华曦Steven,2025-01-01 22:55,,Regular,0.5885
5134073451774650,5134805144702844,ChongSan冲先生,2025-02-16 22:33,,YellowV,0.9284
5134039793012985,5134087049710104,伏子说事,2025-02-14 23:00,,Regular,0.0076
5131715242626136,5132620362943983,大牛有形林木客,2025-02-10 21:51,,Regular,0.0428
5130732185846198,5132277468894789,nervous369,2025-02-09 23:09,,Regular,0.5885
5132253421899687,5132276620594832,东北金渐层一般兵,2025-02-09 23:06,,Regular,0.0117
5131465184512707,5131920231633271,罗喉计都怀孕了我干的,2025-02-08 23:29,,Regular,0.0053
5131707780433711,5131915772824594,江流儿-行者,2025-02-08 23:12,,Regular,0.5885
5131815973032333,5131913459401065,rockdrill,2025-02-08 23:02,,Regular,0.5885
5012883498863478,5118137580913647,梅新育,2025-01-01 22:42,,RedV,0.2085
5118101452491144,5118135717333847,微天下,2025-01-01 22:35,,BlueV,0.016
5118038108799728,5118135009281637,奈亚奈亚奈,2025-01-01 22:32,,Regular,0.5885
5134768578757930,5134798314016667,顿巴斯红星,2025-02-16 22:06,,Regular,0.0007
5132548084075807,5132594857643804,我爱脑白金,2025-02-10 20:10,,Regular,0.9756
5132488819868624,5132593525948992,曾祥锋,2025-02-10 20:05,,Regular,0.0007
5117644992938135,5118124561796993,星辰大海GoGoGo,2025-01-01 21:50,,Regular,0.5885
5134723606909644,5134795824432649,精进山,2025-02-16 21:56,,Regular,0.5885
5134711152444077,5134793369191290,Mike88592,2025-02-16 21:46,,Regular,0.9464
5132496813949413,5132587816715337,C-阿凡达,2025-02-10 19:42,,YellowV,0.9584
5134723606909644,5134793096563443,一个院长的思考,2025-02-16 21:45,,GoldV,0.5885
5134680999331753,5134792670056602,听顺共创,2025-02-16 21:43,,Regular,0.5433
5134711152444077,5134789377787492,Mike88592,2025-02-16 21:30,,Regular,0.0131
5134711152444077,5134788119496954,Mike88592,2025-02-16 21:25,,Regular,0.2421
5134723606909644,5134786224720190,何必身后千载名,2025-02-16 21:18,,Regular,0.0005
5132187273269120,5132578102976379,Eru__L,2025-02-10 19:04,,Regular,0.0232
5132496813949413,5132573879568095,风卷龙沙1,2025-02-10 18:47,,Regular,0.5885
5118030360609857,5118106620134118,用户6599536709,2025-01-01 20:39,,Regular,0.0051
5118044566979986,5118092598315500,WSHWQ2787922199望舒琬清,2025-01-01 19:43,,Regular,0.0088
5132187273269120,5132566548713288,普罗米修斯金融消费者版,2025-02-10 18:18,,Regular,0.0874
5131815973032333,5132566036219836,我是一只不想拔牙的的小趴菜,2025-02-10 18:16,,YellowV,0.8031
5132561705602566,5132562106423017,船长人生之星辰大海,2025-02-10 18:00,,Regular,0.0004
5132204797333205,5132560654926580,止盈出金,2025-02-10 17:54,,Regular,0.5885
5132003068871436,5132553370207923,太阳sunny666,2025-02-10 17:25,,Regular,0.5885
5134693129521069,5134765881032857,烟波江上使人愁999,2025-02-16 19:57,,Regular,0.023
5118044566979986,5118070177400204,雪梅映趣,2025-01-01 18:14,,Regular,0.1025
5131716136796321,5132545299581236,C大调协奏曲2017,2025-02-10 16:53,,Regular,0.2457
5132475289043822,5132542806333974,南海的浪涛,2025-02-10 16:43,,GoldV,0.0004
5132496813949413,5132542430941151,韩德强2018,2025-02-10 16:42,,RedV,0.0005
5132507312555715,5132539689961999,xxsc_2016,2025-02-10 16:31,,Regular,0.5885
5117763221979955,5118060480695753,期望和幻想,2025-01-01 17:36,,Regular,0.5885
5118030360609857,5118043541999223,-angeladady-,2025-01-01 16:28,上海,Regular,0.8877
5134264343463226,5134747684572261,在游泳池拉琴的雪豆,2025-02-16 18:45,江苏,Regular,0.5885
5132513458788537,5132514496087318,無風即風,2025-02-10 14:51,广东,RedV,0.1065
5132187273269120,5132512498288001,FarewellRiver,2025-02-10 14:43,湖北,Regular,0.0106
5132507312555715,5132512331830873,逐汐而鸣,2025-02-10 14:42,上海,RedV,0.004
5117644992938135,5118013319152664,Web-404NotFound,2025-01-01 14:28,,Regular,0.5885
5132037285479383,5132510950590031,张洲,2025-02-10 14:37,,GoldV,0.1242
5132410474465394,5132504226864765,雪會yukizeng0804504,2025-02-10 14:10,,Regular,0.2418
5133511092342226,5133871697626675,余丰慧,2025-02-14 08:44,河南,GoldV,0.1242
5083017040626799,5133870032489896,伊笑倾宸_9s6,2025-02-14 08:37,安徽,Regular,0.5885
5133606198448946,5133853767762759,川江杂谈,2025-02-14 07:33,广西,Regular,0.1242
5129784974378276,5133813583708468,仲子锁麟,2025-02-14 04:53,山东,Regular,0.9203
5129679841266055,5133813508473187,仲子锁麟,2025-02-14 04:53,山东,Regular,0.8612
5129678021198278,5133813439791244,仲子锁麟,2025-02-14 04:52,山东,Regular,0.9521
5133669600070986,5133805679542724,张学元,2025-02-14 04:21,海南,Regular,0.4375
5133669600070986,5133805536674170,张学元,2025-02-14 04:21,海南,Regular,0.5885
5083017040626799,5133781030143031,万理PKT,2025-02-14 02:44,辽宁,RedV,0.4575
5133733785502508,5133761887603233,魔法少女Nikola,2025-02-14 01:27,贵州,Regular,0.3288
5132771244901798,5133755723285000,栗栗梨梨_,2025-02-14 01:03,美国,Regular,0.5885
5134411049730972,5134455016000343,萤火虫如我,2025-02-15 23:22,浙江,GoldV,0.0023
5118425003458914,5118488978656478,时光2025年,2025-01-02 21:58,浙江,Regular,0.5885
5118425003458914,5118443357473325,11破晓27,2025-01-02 18:57,湖北,Regular,0.5885
5118424426483759,5118442447310212,布哈拉游台湾,2025-01-02 18:53,四川,Regular,0.0094
5118425003458914,5118428040401113,新浪看点,2025-01-02 17:56,,BlueV,0.0444
5118425003458914,5118427853227999,种草星球日记簿,2025-01-02 17:55,,YellowV,0.0444
5118405210021124,5118411867424860,西风向南_,2025-01-02 16:52,广东,Regular,0.0498
5133857049543104,5133869137529649,不为良相则为良医,2025-02-14 08:34,,Regular,0.6262
5118352584345002,5118368095145508,艾瑞的来世今生,2025-01-02 13:58,,Regular,0.5885
5118317130419739,5118363779203841,琳檬汁不加糖,2025-01-02 13:41,,Regular,0.3426
5118321156949289,5118321882303724,马爱国同志,2025-01-02 10:54,,Regular,0.5885
5118378030665032,5118464733746336,歌乐行者,2025-01-02 20:22,,YellowV,0.1262
5118439937278260,5118453977452048,國老1947二窗口,2025-01-02 19:39,,Regular,0.0697
5118425003458914,5118437940530545,逸展天下,2025-01-02 18:36,,YellowV,0.5885
5118425003458914,5118427779827949,你能不能多见见世面,2025-01-02 17:55,,YellowV,0.0444
5118278987153661,5118292899925688,近卫T-34,2025-01-02 08:59,,GoldV,0.5885
5118425003458914,5118427730021494,新浪健康派,2025-01-02 17:55,,BlueV,0.0444
5118425003458914,5118427656357525,新浪新闻滚动,2025-01-02 17:55,,BlueV,0.0444
5133587437063840,5133879540714147,青春小象云养猫,2025-02-14 09:15,,Regular,0.0103
5118409960590583,5118410347780157,喜欢你麽25808316,2025-01-02 16:46,,Regular,0.9944
5118409960590583,5118410338078500,碟舞满天lu,2025-01-02 16:46,,Regular,0.9242
5134371484863598,5134443684042084,思想单干户,2025-02-15 22:37,,Regular,0.0748
5134431813632426,5134442479225686,知音汉阳,2025-02-15 22:32,,BlueV,0.0046
5118359316727847,5118459271446833,鹿鹿1001,2025-01-02 20:00,,Regular,0.1445
5118425003458914,5118428983067577,后浪态度,2025-01-02 18:00,,BlueV,0.0444
5118278987153661,5118288833282630,南海的浪涛,2025-01-02 08:43,,GoldV,0.0155
5118425003458914,5118427498810865,新知实验室lab,2025-01-02 17:54,,YellowV,0.0444
5118425003458914,5118427406013653,新浪历史,2025-01-02 17:54,,BlueV,0.7343
5118038108799728,5118332172765413,oOo晚安泡泡o,2025-01-02 11:35,,Regular,0.9898
5134437366633156,5134438575641598,叶苍茫2022,2025-02-15 22:16,,GoldV,0.0018
5134431813632426,5134436265887869,左手一支虎,2025-02-15 22:07,,Regular,0.0219
5118101452491144,5118196708017444,xjixisogxidngakigdkdhgzhsjd,2025-01-02 02:37,,Regular,0.5885
5118101452491144,5118174672718765,半夜散步的筆头仕,2025-01-02 01:09,,Regular,0.0666
5118044566979986,5118161525410598,WSHWQ2787922199望舒琬清,2025-01-02 00:17,,Regular,0.5885
5118044566979986,5118160885779403,WSHWQ2787922199望舒琬清,2025-01-02 00:15,,Regular,0.5885
5118425003458914,5118427295384786,新浪博客,2025-01-02 17:53,,BlueV,0.0444
5118425003458914,5118427285422859,手机头条,2025-01-02 17:53,,BlueV,0.0444
5118425003458914,5118426089259012,环球汽车观察,2025-01-02 17:48,,BlueV,0.0444
5118300163410255,5118389664351014,酋长的部落格,2025-01-02 15:24,,RedV,0.957
5118273930923555,5118357340425496,今日俄罗斯RT,2025-01-02 13:15,,BlueV,0.0273
5118110348876185,5118355875038617,SEVEN厦门摄影师,2025-01-02 13:09,,Regular,0.5885
5118425003458914,5118425959762277,热浪直播间,2025-01-02 17:48,,BlueV,0.7343
5118425003458914,5118425842319851,头条新闻,2025-01-02 17:47,,BlueV,0.0444
5118351064170690,5118353973447674,漫步曼谷街头,2025-01-02 13:02,,Regular,0.0336
5118309718036143,5118311074104928,手艺创作者,2025-01-02 10:11,,Regular,0.0193
5131708741193734,5134430899274988,Shf高夫,2025-02-15 21:46,,Regular,0.0223
5118110348876185,5118310897420055,紫扬剑的微博,2025-01-02 10:11,,Regular,0.0161
5134267254574307,5134426767627555,时光不觉1999,2025-02-15 21:29,,Regular,0.0156
5118116447390212,5118402488437513,英之cai,2025-01-02 16:15,,YellowV,0.5885
5134288764798679,5134419096242523,观水穷云起,2025-02-15 20:59,,Regular,0.5885
5118297710269189,5118309877679149,汴人郭威,2025-01-02 10:07,,GoldV,0.0023
5118297710269189,5118308328410531,今日俄罗斯RT,2025-01-02 10:01,,BlueV,0.0605
5118069420854768,5118284139595027,期望和幻想,2025-01-02 08:24,,Regular,0.0004
5130415853799393,5134408663174215,霏霏很忙,2025-02-15 20:18,,Regular,0.9837
5134355515572660,5134396610321719,汪海涛,2025-02-15 19:30,,YellowV,0.1493
5134267254574307,5134396355776105,机吉斯卡,2025-02-15 19:29,,Regular,0.5885
5134267254574307,5134394774521622,水獭一般编-阿怡,2025-02-15 19:22,,GoldV,0.0076
5133917471118048,5134393355538360,老王谈改革,2025-02-15 19:17,,GoldV,0.0005
5133991415385593,5134388182385848,张怀平论坛,2025-02-15 18:56,,Regular,0.3425
5134139513373769,5134374972426361,方之夫,2025-02-15 18:04,,GoldV,0.1038
5134240821283441,5134369174065591,黑神话_X逵,2025-02-15 17:41,,YellowV,0.5885
5134041745463564,5134367917870921,随手拍解救空姐,2025-02-15 17:36,,Regular,0.0258
5133555098980925,5134359581429819,作家圆圆,2025-02-15 17:02,,GoldV,0.5885
5134032968620038,5134357372865995,俄乌网,2025-02-15 16:54,,BlueV,0.0056
5134288764798679,5134354411948900,别说进程了,2025-02-15 16:42,,Regular,0.0032
5134337328809628,5134341459674810,疯狂大象,2025-02-15 15:50,,RedV,0.0056
5134309759128096,5134336704121747,伏子说事,2025-02-15 15:32,,Regular,0.0004
5134275651044957,5134335489610250,云泉微博,2025-02-15 15:27,,YellowV,0.5885
5134309244277528,5134333516186587,吴显庆教授,2025-02-15 15:19,,RedV,0.0045
5134275651044957,5134330752664235,南海的浪涛,2025-02-15 15:08,,GoldV,0.0055
5134225334600182,5134312536282155,上泉下泉Springs,2025-02-15 13:56,,Regular,0.5885
5183126892446483,5183203119990186,第一球迷胖哥,2025-06-30 11:49,,GoldV,0.0106
5183030907112239,5183137740752689,姬永锋,2025-06-30 07:29,,GoldV,0.002
5182958597309855,5183002481265889,歌乐行者,2025-06-29 22:32,,YellowV,0.0803
5181126551536632,5181532845118041,___Aloved___,2025-06-25 21:12,,RedV,0.1801
5180725801780571,5180826636782939,随心而行有道则现,2025-06-23 22:26,,Regular,0.7242
5180725801780571,5180825483346885,雩淮,2025-06-23 22:21,,Regular,0.5885
5180725801780571,5180819791415742,李爷无为,2025-06-23 21:59,,GoldV,0.4298
5182487439084591,5182576559915275,一个让世界嫉妒的男人,2025-06-28 18:20,,RedV,0.0284
5181111904502669,5181152856113544,歌乐行者,2025-06-24 20:02,,YellowV,0.2958
5182928873065138,5182968442128687,歌乐行者,2025-06-29 20:17,,YellowV,0.3384
5182849565329428,5182932836160381,Foolishthinking,2025-06-29 17:55,,Regular,0.1208
5181092274899126,5181094632097551,歌乐行者,2025-06-24 16:11,,YellowV,0.1892
5182896161423682,5182903763864349,歌乐行者,2025-06-29 16:00,,YellowV,0.0932
5178449175775836,5178539147791211,第一球迷胖哥,2025-06-17 14:56,,GoldV,0.3276
5182474592455679,5182482030793559,四十forty肆拾,2025-06-28 12:04,,Regular,0.0072
5178841003463495,5178899531302116,V闪闪,2025-06-18 14:48,,GoldV,0.0507
5179753013187305,5179908540074583,倾听指尖,2025-06-21 09:38,,RedV,0.4365
5177703444514122,5177708606653160,ccst控股,2025-06-15 07:56,,Regular,0.0834
5180725801780571,5181006048396857,老荒微博7,2025-06-24 10:19,,Regular,0.0008
5175046716786105,5175384587111244,上书房行走---,2025-06-08 22:01,,Regular,0.6945
5176019616007443,5176025522634874,第一球迷胖哥,2025-06-10 16:28,,GoldV,0.3326
5181493208418207,5181681587716107,第一球迷胖哥,2025-06-26 07:03,,GoldV,0.0046
5180428451055821,5180488630671877,第一球迷胖哥,2025-06-23 00:03,,GoldV,0.9571
5175572915293368,5176013681854909,新民周刊,2025-06-10 15:41,,Regular,0.2154
5175249269686783,5175272371916086,财追财,2025-06-08 14:35,,Regular,0.0087
5174623869339389,5174632401343268,微天下,2025-06-06 20:12,,BlueV,0.0224
5174483872907838,5174629224155966,木子王琪琪,2025-06-06 20:00,,Regular,0.578
5174638487274017,5176003989080729,南宫猫熊,2025-06-10 15:02,,Regular,0.5885
5173754272678172,5173897008776077,咕咕噜噜啊妹,2025-06-04 19:30,,Regular,0.0206
5173372813314709,5173496402673954,一冠幸福,2025-06-03 16:58,,Regular,0.5885
5174638487274017,5175182150863611,文活武使,2025-06-08 08:37,,YellowV,0.0004
5173361865918192,5173388439978404,边跑边换胎,2025-06-03 09:49,,Regular,0.0138
5173366006481561,5173385757721954,津云新闻,2025-06-03 09:39,,Regular,0.8228
5171182850802183,5171192081681240,我观我行,2025-05-28 08:22,,YellowV,0.127
5167247318319581,5167283674287121,财十二郎,2025-05-17 13:31,,YellowV,0.0174
5167584762397118,5167586490192507,急吼吼jhg,2025-05-18 09:34,,Regular,0.0309
5165570748319594,5165570928675562,梦溪的霸天下,2025-05-12 20:05,,Regular,0.0101
5163279401617857,5163433139114020,榴莲糖苏,2025-05-06 22:30,,Regular,0.143
5164834163000156,5165149439396110,大话星哥,2025-05-11 16:10,,Regular,0.0564
5162470008947883,5162492649017722,海边沙滩鹅卵石2,2025-05-04 08:13,,Regular,0.0029
5160319874236827,5160546329433787,秋名山街猫,2025-04-28 23:19,,RedV,0.139
4994740032636324,5169723524515870,梅新育,2025-05-24 07:06,,RedV,0.937
5156021572734755,5156188161839117,溯沚一二,2025-04-16 22:41,,Regular,0.088
5160185244945666,5160322488339148,醍醐守正君,2025-04-28 08:30,,GoldV,0.0098
5159115874109727,5159233122207269,桃花源技术员,2025-04-25 08:21,,Regular,0.5885
5159115874109727,5159225962005677,人都有偏见,2025-04-25 07:53,,Regular,0.0005
5154904701670092,5155094119583844,Taburisis,2025-04-13 22:14,,Regular,0.1242
5153293865059471,5153634602188838,细雨青岩,2025-04-09 21:35,,Regular,0.5885
5153607918820209,5153609122584006,youngwe,2025-04-09 19:53,,Regular,0.0146
5153223075431951,5153230564888082,安徽网,2025-04-08 18:49,,Regular,0.1493
5153901201588858,5153912991253631,刍二不呆,2025-04-10 16:01,,Regular,0.6871
5150331798292280,5150768374221121,想若只如初见,2025-04-01 23:45,,Regular,0.8291
5152153714820152,5152432516241239,用户6868456609,2025-04-06 13:58,,Regular,0.5885
5131399096442224,5152266915152845,icemanjack,2025-04-06 03:00,,Regular,0.5885
5150331798292280,5150670034569749,来自天鹅之城的小团团,2025-04-01 17:14,,GoldV,0.0248
5153453995198037,5153497855558788,一个看不丶出属性的名儿,2025-04-09 12:31,,Regular,0.0633
5153413609292818,5153465056364217,youngwe,2025-04-09 10:21,,Regular,0.1046
5153293865059471,5153459725140523,致中和2049,2025-04-09 10:00,,Regular,0.5885
5151063151215553,5153447088754436,youngwe,2025-04-09 09:09,,Regular,0.0497
5153439257201609,5153442658258629,youngwe,2025-04-09 08:52,,Regular,0.052
5147783594508902,5148081452745222,雪會yukizeng0804504,2025-03-25 13:48,四川,Regular,0.5885
5138244476602347,5149147347552589,何谓养生之道,2025-03-28 12:24,广东,Regular,0.0196
5140059059390713,5140573183281987,lsmzcty,2025-03-04 20:33,,Regular,0.5885
5137852997829714,5138414062796883,用户6616832951,2025-02-26 21:34,,Regular,0.5885
5140059059390713,5140186422839388,高山曲流水逝,2025-03-03 18:56,,Regular,0.1242
5140820945798133,5140824515415367,第一球迷胖哥,2025-03-05 13:12,福建,GoldV,0.0349
5136266365242023,5137338275465070,何谓养生之道,2025-02-23 22:19,广东,Regular,0.0332
5139084800950861,5139092594754167,何谓养生之道,2025-02-28 18:30,广东,Regular,0.1242
5140059059390713,5140139290394783,郭松民,2025-03-03 15:49,,RedV,0.1101
5137852997829714,5138287218657111,重生之我是废宝,2025-02-26 13:10,上海,Regular,0.0205
5137852997829714,5138286009648826,落魄的三叔,2025-02-26 13:05,黑龙江,RedV,0.004
5136178598643961,5136179706727887,东北特产正宗,2025-02-20 17:35,,Regular,0.011
5135461353784506,5135461708991718,要多远酒对圆,2025-02-18 18:02,,Regular,0.9663
5137088066617430,5137160164345415,歌乐行者,2025-02-23 10:31,,YellowV,0.149
5135797378876820,5135804365538967,理想与思想意,2025-02-19 16:44,广东,Regular,0.4863
5131867655247937,5132223783113603,活法99,2025-02-09 19:36,上海,Regular,0.5173
5136085603320373,5136086206251525,小六忠诚,2025-02-20 11:23,,GoldV,0.1242
5135726847725456,5135788381307753,元素论道,2025-02-19 15:40,,YellowV,0.0014
5133251363998408,5137587304137781,老猫别烧须,2025-02-24 14:48,,Regular,0.0035
5130841573036642,5131200081428769,震知道,2025-02-06 23:48,,Regular,0.5885
5130841573036642,5131199985226241,震长,2025-02-06 23:47,,GoldV,0.5885
5131399096442224,5131554269696356,關東遺民,2025-02-07 23:15,北京,Regular,0.5885
5133251363998408,5137584254877888,盘亮条顺会来事的掌柜,2025-02-24 14:36,,Regular,0.7513
5133251363998408,5137552377910287,zhudi美好收集,2025-02-24 12:30,,GoldV,0.5885
5133251363998408,5137541685054947,龙潭老杨2,2025-02-24 11:47,,Regular,0.5885
5130841573036642,5131135751292543,单眼皮的单先生,2025-02-06 19:32,,Regular,0.5885
5130841573036642,5131129721721443,恐啡肽骇龙型13月的神崎兰子推,2025-02-06 19:08,,Regular,0.5885
5129291447402596,5129292051386606,一不经意间一,2025-02-01 17:26,,Regular,0.0514
5128207393100041,5128207886454695,余丰慧,2025-01-29 17:38,,GoldV,0.0098
5130841573036642,5131125528201188,青冥童子,2025-02-06 18:52,河南,GoldV,0.4838
5130841573036642,5131098443224969,Tatiana_不刷题了,2025-02-06 17:04,北京,Regular,0.6868
5133251363998408,5137524307267028,老刀99,2025-02-24 10:38,马耳他,GoldV,0.0463
5133251363998408,5137523715608065,Laureus,2025-02-24 10:36,澳大利亚,Regular,0.5885
5133251363998408,5137523351225859,V闪闪,2025-02-24 10:34,北京,GoldV,0.2078
5130841573036642,5131454302136865,漓江鸬鹚,2025-02-07 16:38,,Regular,0.5885
5130841573036642,5131093808517860,莲花椒,2025-02-06 16:45,,RedV,0.5885
5130841573036642,5131092715896926,编剧游伟,2025-02-06 16:41,,Regular,0.5885
5130841573036642,5131092706724537,Aoide弦歌,2025-02-06 16:41,,Regular,0.0051
5130841573036642,5131086939555755,FT_悖论循环,2025-02-06 16:18,,Regular,0.5885
5130841573036642,5131084478286586,我不是谦哥儿,2025-02-06 16:08,,YellowV,0.7322
5126027662066182,5126091809230796,也无晴前24,2025-01-23 21:29,,Regular,0.5885
5126027662066182,5126082187232638,zhukott,2025-01-23 20:51,,Regular,0.9843
5127787004559491,5128426270493482,舒国华的微博,2025-01-30 08:06,,YellowV,0.4889
5126027662066182,5126060059133461,儒家公羊学,2025-01-23 19:23,,RedV,0.837
5131399096442224,5131417716001061,青青虫的微博,2025-02-07 14:13,,GoldV,0.6964
5125188880957982,5125283218983610,随缘草鸣,2025-01-21 15:56,,Regular,0.5885
5130841573036642,5131022846395437,小飞_小灰_想看戏精树宝演哈特,2025-02-06 12:03,,YellowV,0.5885
5130841573036642,5131021924435941,朱云说,2025-02-06 12:00,,Regular,0.9345
5130841573036642,5131017593819967,黄七公,2025-02-06 11:43,,Regular,0.9006
5125930617409293,5125956513565836,为什么同学们,2025-01-23 12:32,,Regular,0.9915
5140432646049905,5140634659982505,骑着猫流浪的鱼,2025-03-05 00:37,,Regular,0.3363
5140432646049905,5140634655526246,稻草男人拜阔以,2025-03-05 00:37,,Regular,0.5714
5130841573036642,5131013364388478,开水族馆的生物男,2025-02-06 11:26,,GoldV,0.9826
5126027662066182,5126296168302698,悠悠又见东山,2025-01-24 11:01,,Regular,0.6307
5130841573036642,5131341198786660,花泽美美,2025-02-07 09:08,,GoldV,0.9182
5126868627623136,5127002650578825,齐刘海是什么海,2025-01-26 09:49,,Regular,0.5885
5126027662066182,5126246999000263,dhzzjj2014_671,2025-01-24 07:46,,Regular,0.7513
5130841573036642,5131312668868962,拆那奥拓,2025-02-07 07:15,,Regular,0.1344
5131399096442224,5131666584765320,AAAuper,2025-02-08 06:41,,Regular,0.0126
5139209234154251,5139320038754229,海太阳,2025-03-01 09:34,,BlueV,0.0234
5123818366960086,5123821795279165,源氏光,2025-01-17 15:09,,Regular,0.1871
5130841573036642,5131206765056419,李志伟_甲子,2025-02-07 00:14,,Regular,0.1237
5130765652462237,5130929544626861,大湾区战神,2025-02-06 05:53,,Regular,0.9237
5139084800950861,5139245292585309,八如男,2025-03-01 04:37,,Regular,0.5885
5123172359735221,5123386147080842,我们的幸福路,2025-01-16 10:18,,Regular,0.9826
5120388025024580,5120465717429476,歌乐行者,2025-01-08 08:53,,YellowV,0.0806
5119038574821942,5119370982854408,海边沙滩鹅卵石2,2025-01-05 08:23,,Regular,0.0227
5121510802719517,5121592395564399,万卷图书天禄上,2025-01-11 11:30,,Regular,0.1105
5121510802719517,5121589139736110,青铜平平仄,2025-01-11 11:17,,Regular,0.8776
5166876902034598,5167311926329983,生为物活,2025-05-17 15:23,,Regular,0.2711
5169393000517486,5169396486248117,有秘密的孩纸,2025-05-23 09:27,,Regular,0.0163
5161484405446721,5161513406696142,寰球探索君,2025-05-01 15:22,,GoldV,0.0826
5159908497162507,5159927233381719,wheat-s,2025-04-27 06:19,,Regular,0.0655
5155797537658967,5155801069001094,岁月11无痕,2025-04-15 21:03,,Regular,0.0807
5152145587044363,5152176072294792,航空视觉,2025-04-05 20:59,,YellowV,0.0005
5149289887833448,5149290474773244,大地的下面是大地,2025-03-28 21:53,,Regular,0.9868
5155094518828041,5155141800168011,归无逍,2025-04-14 01:24,,Regular,0.534
5121222274712961,5121689120145934,丨婷婷的福音丨,2025-01-11 17:55,,Regular,0.5885
5115422450125955,5120546087898545,用户7884824825,2025-01-08 14:13,,Regular,0.5885
5115422450125955,5120542930375151,邓浩志,2025-01-08 14:00,,RedV,0.4597
5118971512881372,5118972054470761,余丰慧,2025-01-04 05:58,,GoldV,0.2705
5182993234135921,5183020413750295,别说进程了,2025-06-29 23:43,北京,Regular,0.1791
5182975538104809,5183016650935124,iduke,2025-06-29 23:28,广东,Regular,0.5885
5182975538104809,5183013903402495,执行喵Kim,2025-06-29 23:17,北京,Regular,0.0909
5182828699976245,5183013373873255,财经旅长,2025-06-29 23:15,广东,GoldV,0.9067
5182265896212560,5182660236542044,武器兄,2025-06-28 23:52,广东,Regular,0.5
5183370503131347,5183376857499356,旺仔牛奶甜甜甜ya,2025-06-30 23:20,四川,Regular,0.0286
5183294897392772,5183376818438477,Marie-Henriette,2025-06-30 23:19,英国,Regular,0.5885
5182184550043511,5183371052847116,CathyBIH,2025-06-30 22:57,上海,Regular,0.8989
5183289675481451,5183363180661857,公益养老史话2024,2025-06-30 22:25,,Regular,0.0559
5183514229866769,5183744550109659,四川的风雨,2025-07-01 23:41,广东,Regular,0.0005
5183883412504758,5184104875429446,AK阿凯AK,2025-07-02 23:33,上海,YellowV,0.5885
5183891558367849,5184103663800683,yyli,2025-07-02 23:28,湖北,Regular,0.1109
5183883412504758,5184103445955124,芯茹芷谁,2025-07-02 23:27,广东,Regular,0.7741
5183883412504758,5184103219466878,拒霜的围脖,2025-07-02 23:26,北京,Regular,0.7762
5183724347721557,5184100911552414,凯帝豪情,2025-07-02 23:17,江西,Regular,0.9034
5184081206710579,5184098734966479,伊人七夕上山,2025-07-02 23:08,澳大利亚,Regular,0.0005
5183351386538504,5183352840913838,闲晴酱,2025-06-30 21:44,,YellowV,0.2835
5183202937012306,5183351652880000,看那片蓝海,2025-06-30 21:39,,Regular,0.5885
5182955047618140,5183337343751573,普法卅一年,2025-06-30 20:43,,Regular,0.5885
5182955047618140,5183334993891159,颜那亚骑郎,2025-06-30 20:33,,Regular,0.2525
5182955047618140,5183326165663909,牂牁萨满,2025-06-30 19:58,,GoldV,0.0655
5182213874520499,5183325023242362,因循不守旧,2025-06-30 19:54,,Regular,0.5885
5183202937012306,5183212642899895,江上的路,2025-06-30 12:27,,Regular,0.5885
5183202937012306,5183211530880928,dadupi学习,2025-06-30 12:23,,Regular,0.9847
5183170458681675,5183183253410837,苏炳功-,2025-06-30 10:30,,Regular,0.8418
5182328798447083,5183178907585151,决战印度洋,2025-06-30 10:13,,Regular,0.6464
5182993234135921,5183164503032139,绿竹青青_hk,2025-06-30 09:16,,Regular,0.5885
5182328798447083,5183160531028280,决战印度洋,2025-06-30 09:00,,Regular,0.1224
5182213874520499,5183159470915809,其实人生的容错率是很高的,2025-06-30 08:56,,Regular,0.5885
5182993234135921,5183153046031566,南市区古董流浪猫,2025-06-30 08:30,,Regular,0.5885
5182975538104809,5183128511710247,mini0489,2025-06-30 06:53,,Regular,0.5885
5182975538104809,5183121533960952,股海藏峰,2025-06-30 06:25,,RedV,0.2495
5182975538104809,5183039740052625,隊老师,2025-06-30 01:00,,YellowV,0.1824
5182606598736744,5182994299232280,有ROY保护我心碎,2025-06-29 21:59,广东,YellowV,0.9957
5183296293313381,5183356448016310,枫停樟树旁,2025-06-30 21:59,,Regular,0.8886
5183296293313381,5183356427831512,那些關於未聞花名,2025-06-30 21:58,,Regular,0.8492
5182614696624648,5183386835484888,圆源小太阳,2025-06-30 23:59,,Regular,0.9977
5183316744998735,5183371762473126,创意绘梦师,2025-06-30 22:59,,Regular,0.9837
5183380515718093,5183386806130121,梦想就是你235,2025-06-30 23:59,,Regular,0.9816
5183369060810803,5183371512907030,x茉莉8888,2025-06-30 22:58,,YellowV,0.9888
5183369060810803,5183371376073323,Hugesum来我家,2025-06-30 22:58,北京,Regular,0.9518
5182224870935292,5183371211707088,柒公子-缘,2025-06-30 22:57,河南,Regular,0.903
5182605763022736,5183370566307081,嘟嘟是小肥的,2025-06-30 22:55,,Regular,0.9991
5181904072740991,5183369526121093,成不成都无所谓开心就好,2025-06-30 22:51,,Regular,0.8928
5183366714623518,5183369511962088,落叶随风飘扬了,2025-06-30 22:50,,Regular,0.9701
5183650204746028,5183719066835666,三盛smile,2025-07-01 21:59,,Regular,0.921
5183559532019991,5183718893292885,女王大人要驾到,2025-07-01 21:59,,Regular,0.8886
5183613551247990,5183718819630502,露水5420,2025-07-01 21:58,,Regular,0.8255
5183559532019991,5183718725519021,Feifei的世界1234,2025-07-01 21:58,,Regular,0.9851
5183715439022260,5183718680430709,财本发,2025-07-01 21:58,,Regular,0.5717
5183711123605951,5183718584227021,派沓星嗄,2025-07-01 21:58,,Regular,0.988
5183559532019991,5183718467048486,阴阳说游,2025-07-01 21:57,,Regular,0.5885
5183547212041711,5183718346196321,猫猫咪呀卿卿,2025-07-01 21:57,,YellowV,0.9892
5183693762860067,5183718328110060,风轻云淡走,2025-07-01 21:57,,Regular,0.985
5183559532019991,5183718223251496,用户7692110388,2025-07-01 21:56,,Regular,0.9699
5183682151189239,5183718199395901,用户7298149898,2025-07-01 21:56,,Regular,0.9714
5183693762860067,5183718169516259,放牛般的少年,2025-07-01 21:56,,Regular,0.9901
5183693762860067,5183718130189728,理想与思想意,2025-07-01 21:56,,Regular,0.9864
5183693762860067,5183718132025090,嘴角的苦涩苦,2025-07-01 21:56,,Regular,0.9898
5183693762860067,5183718119703633,瑞士的湖景,2025-07-01 21:56,,Regular,0.99
5183559532019991,5183718115248943,星空下的夜色1,2025-07-01 21:56,,Regular,0.9918
5183693762860067,5183718106599636,酒店lifes,2025-07-01 21:56,,Regular,0.9878
5183559532019991,5183718101617336,我是你三锅啊啊,2025-07-01 21:56,,Regular,0.9865
5183693762860067,5183718068854903,暮光之城雨之,2025-07-01 21:55,,Regular,0.9881
5183693762860067,5183718064129649,在----------路上_,2025-07-01 21:55,,Regular,0.9911
5178449393620707,5183718047614111,谁说女子不爱车,2025-07-01 21:55,,Regular,0.5885
5183693762860067,5183718016942623,也织个围,2025-07-01 21:55,,Regular,0.9914
5183693762860067,5183717996760689,ling2012牛仔,2025-07-01 21:55,,Regular,0.9911
5183700494194334,5183717967398111,白天的星星005,2025-07-01 21:55,,Regular,0.9274
5183616134153080,5183717833709185,David-大白,2025-07-01 21:55,,Regular,0.0349
5183559532019991,5183717750342722,紫色蒲公英a1,2025-07-01 21:54,,Regular,0.9918
5182156687282575,5183717647845697,薄荷小小小小小小甜心,2025-07-01 21:54,,Regular,0.9894
5177432403349780,5183717418211179,Mingya95465,2025-07-01 21:53,,Regular,0.9816
5183559532019991,5183717389895667,刘玉霞76166,2025-07-01 21:53,,Regular,0.9839
5182208294782259,5183717209018769,菩提城内苏,2025-07-01 21:52,,Regular,0.83
5183711123605951,5183717015294327,妈呀哈哈哈cghc,2025-07-01 21:51,,Regular,0.987
5183711123605951,5183716939796424,懿炽-,2025-07-01 21:51,,Regular,0.9117
5183711123605951,5183716846474712,萌宝在手天下我有,2025-07-01 21:51,,Regular,0.9631
5183711123605951,5183716582234426,芋泥小小脑袋,2025-07-01 21:50,,Regular,0.99
5183998239179762,5184111598637024,我的浩你在哪,2025-07-02 23:59,河北,Regular,0.5885
5183945571830786,5184081303701542,小瑜小瑜小鱼鱼,2025-07-02 21:59,广东,Regular,0.9849
5182156687282575,5184081189929991,女汉纸玫,2025-07-02 21:58,天津,Regular,0.9832
5184017374643359,5184081114958953,MD-想宁啦,2025-07-02 21:58,吉林,Regular,0.0754
5184021069565210,5184080993850808,南有嘉魚,2025-07-02 21:58,福建,Regular,0.9622
5183619116567545,5184111125727654,娟子说车,2025-07-02 23:57,北京,Regular,0.9903
5183918326153665,5184080708639850,一笺落寞,2025-07-02 21:56,瑞典,Regular,0.5885
5182605763022736,5184110830032648,源动力火车1108,2025-07-02 23:56,广东,Regular,0.9948
5183918326153665,5184080539025513,说车女司机颖颖,2025-07-02 21:56,广东,YellowV,0.9902
5179959850304992,5184080379384235,女汉纸玫,2025-07-02 21:55,天津,Regular,0.9894
5184017374643359,5184080091811937,耀阳午下,2025-07-02 21:54,广东,Regular,0.919
5183918326153665,5184079932689739,珍珍5187662,2025-07-02 21:53,江西,Regular,0.5885
5183685089037637,5184079800828220,仙人球杰克,2025-07-02 21:53,安徽,Regular,0.9185
5183685089037637,5184079756789996,仙人球杰克,2025-07-02 21:53,安徽,Regular,0.9296
5184075545186947,5184079701480100,汉字汗,2025-07-02 21:52,辽宁,Regular,0.0582
5183745489373484,5184079638823928,唐伯伯--唐华寅,2025-07-02 21:52,北京,RedV,0.9862
5183674045435616,5184108784517756,kimi木槿花9986,2025-07-02 23:48,福建,Regular,0.5885
5172032079921810,5184079555465274,青云直上三七吃,2025-07-02 21:52,江苏,Regular,0.5885
5182605763022736,5184079448248937,源源子的小汤,2025-07-02 21:51,四川,Regular,0.9952
5183358774543319,5183385266817356,止戈军是我,2025-06-30 23:53,北京,YellowV,0.1242
5183243533160448,5183382990358089,江苏道法自然,2025-06-30 23:44,江苏,YellowV,0.4102
5183371970086311,5183382692825684,白鹤-老邓,2025-06-30 23:43,江西,RedV,0.0046
5183234243822084,5183382683652688,小茶园馆,2025-06-30 23:43,福建,Regular,0.1253
5166039013261944,5167078984124203,玄星煞,2025-05-16 23:58,北京,Regular,0.5885
5166676135911386,5166716180498024,小德子与小兜子,2025-05-15 23:56,江西,Regular,0.5885
5165990811798178,5165992171540802,斯基泰战车,2025-05-13 23:59,贵州,RedV,0.6973
5165989017946934,5165992134839839,斯基泰战车,2025-05-13 23:59,贵州,RedV,0.73
5164305911383138,5165629787865535,永远陪深璀璨冒险追光筑梦的蓝鲸,2025-05-12 23:59,北京,YellowV,0.9291
5165198293860921,5165266992894781,勤劳慈祥狠无奈,2025-05-11 23:58,四川,Regular,0.6569
5164882458578470,5164904957608069,aotexin,2025-05-10 23:59,江苏,Regular,0.0009
5164178491838298,5164180090390272,颜那亚骑郎,2025-05-08 23:59,贵州,Regular,0.5957
5163812656518320,5163817743158755,大为网讯,2025-05-07 23:59,北京,BlueV,0.073
5163086680165589,5163454727193428,等风来的金鱼姬,2025-05-06 23:56,山东,RedV,0.0042
5162895793721753,5163092464375515,Houson猴姆,2025-05-05 23:57,山东,GoldV,0.6475
5162234578993635,5162367999017662,大颗柠檬娱乐,2025-05-03 23:58,广东,Regular,0.4678
5161940519225342,5162367655609153,杨培安吧官方微博,2025-05-03 23:57,北京,Regular,0.035
5161959701091264,5162005759268467,康鱼鱼鱼,2025-05-02 23:59,安徽,Regular,0.0355
5161837570557682,5162005604073753,闪电麦先生,2025-05-02 23:58,浙江,Regular,0.5885
5167431552866399,5167440925562613,涛财神,2025-05-17 23:56,广东,RedV,0.0082
5167435558163061,5167440266794934,庞亚辉的海阔天空,2025-05-17 23:53,上海,Regular,0.0058
5167395274490319,5167439911585050,细马赶三老,2025-05-17 23:52,浙江,YellowV,0.0045
5165415424590037,5165629137226992,才生冉冉,2025-05-12 23:57,辽宁,YellowV,0.0203
5165532567569938,5165628768911845,Rex牙醫,2025-05-12 23:55,北京,Regular,0.5885
5164515705228690,5164540912472601,BigFalconRocket,2025-05-09 23:52,上海,Regular,0.0006
5164480824612313,5164540795295973,南海的浪涛,2025-05-09 23:52,湖南,GoldV,0.5184
5164164856943122,5164179963778277,幸福富贵花柯柯,2025-05-08 23:58,广东,YellowV,0.3609
5163776966657252,5163815143477639,高原的山羊,2025-05-07 23:48,贵州,Regular,0.0005
5163045358404020,5163091605852831,K线天使,2025-05-05 23:53,河南,YellowV,0.0228
5162657918489546,5162728319617911,住在长江边上的刘二娃,2025-05-04 23:50,安徽,Regular,0.0065
5161961423637071,5162367315085250,财兰花,2025-05-03 23:55,云南,Regular,0.0285
5161381989712804,5161643278076009,山西运城反邪教,2025-05-01 23:58,,BlueV,0.5885
5161625796217908,5161643127607518,山西运城反邪教,2025-05-01 23:58,,BlueV,0.5885
5161610793453870,5161643069413612,贺云楼hyl,2025-05-01 23:57,浙江,Regular,0.4129
5167381685211347,5167439874364197,國老1947新七窗口,2025-05-17 23:52,北京,Regular,0.5885
5167396530688445,5167439770027067,风中大漠,2025-05-17 23:51,河南,Regular,0.9965
5166495199396859,5167439468037260,1539一五三九,2025-05-17 23:50,广东,Regular,0.5885
5167430999739398,5167439232894946,成善银看点,2025-05-17 23:49,重庆,Regular,0.1616
5167228865481729,5167439163689664,遇淑淋疯发现,2025-05-17 23:49,重庆,Regular,0.0239
5166849206781067,5167076807018781,春晓江南绿,2025-05-16 23:49,河南,Regular,0.5885
5158376657653424,5164902067471648,北京鲁戈,2025-05-10 23:47,北京,RedV,0.5885
5164164856943122,5164179594155685,财永柱,2025-05-08 23:57,北京,Regular,0.0144
5164176189427509,5164179364249606,超大sea,2025-05-08 23:56,江西,RedV,0.0016
5163715088353207,5163814299894489,高原上的狼11,2025-05-07 23:45,贵州,Regular,0.9676
5163785686878410,5163814022812365,高原上的狼11,2025-05-07 23:44,贵州,Regular,0.1675
5163279397424282,5163453427486731,招财蓝猫猫,2025-05-06 23:51,四川,Regular,0.0156
5163452471185690,5163453266530418,颜那亚骑郎,2025-05-06 23:50,贵州,Regular,0.5052
5163413685669481,5163453245820691,财麦芽,2025-05-06 23:50,四川,Regular,0.0209
5162651219922609,5162727217042433,腾腾爸,2025-05-04 23:45,山东,RedV,0.1061
5161836291293195,5162003522390490,绍兴PoLo派,2025-05-02 23:50,浙江,Regular,0.0475
5161836291293195,5162003471532283,乐观开朗善良,2025-05-02 23:49,江苏,Regular,0.2833
5161836291293195,5162003467342381,胖等等0912,2025-05-02 23:49,福建,Regular,0.2612
5161836291293195,5162003467338955,liling3229,2025-05-02 23:49,福建,Regular,0.172
5161836291293195,5162003464720234,嘻嘻哈哈汪二二,2025-05-02 23:49,广东,Regular,0.1192
5161836291293195,5162003464197211,wzy嘀嗒嘀嗒,2025-05-02 23:49,福建,Regular,0.2215
5154902276572053,5167438411072131,元骋,2025-05-17 23:46,浙江,Regular,0.5885
5166587984740983,5166713148278831,黑狐52055,2025-05-15 23:44,安徽,Regular,0.5885
5166347483089736,5166352534081411,隐秘的微光,2025-05-14 23:51,吉林,Regular,0.9139
5165975323017892,5165991101206793,11111111JPCWXY,2025-05-13 23:55,江苏,Regular,0.5885
5165596615643870,5165627791379576,谁是黄皮二桂子,2025-05-12 23:51,福建,Regular,0.5885
5165198293860921,5165265185931833,涛财神,2025-05-11 23:50,广东,RedV,0.0024
5164844442457609,5164901027025639,i1076,2025-05-10 23:43,河北,Regular,0.5885
5157946548558398,5164900537863906,阿兰教授,2025-05-10 23:41,山东,RedV,0.0041
5163651423802830,5163813910611767,长去一半余存一半,2025-05-07 23:43,山东,Regular,0.0007
5164136292942380,5164538502055515,黑梅桑,2025-05-09 23:43,天津,Regular,0.5885
5163449642390502,5163453145945420,颜那亚骑郎,2025-05-06 23:50,贵州,Regular,0.4524
5163452471185690,5163452956149257,斯基泰战车,2025-05-06 23:49,贵州,RedV,0.1451
5163452496085222,5163452852864208,zero94775,2025-05-06 23:49,浙江,Regular,0.068
5163452496085222,5163452847624109,鄢行军,2025-05-06 23:49,福建,Regular,0.0006
5163452496085222,5163452847361648,幻城之夜2,2025-05-06 23:49,福建,Regular,0.0356
5163452496085222,5163452827435622,sun青8,2025-05-06 23:49,广东,Regular,0.0428
5162356352485212,5162724828909701,琴石2022,2025-05-04 23:36,江苏,GoldV,0.051
5162199375154587,5162366300325032,ChauwahChan,2025-05-03 23:51,广东,Regular,0.0063
5161836291293195,5162003463146659,搖擺尐青姩,2025-05-02 23:49,湖南,Regular,0.1349
5161836291293195,5162003464979674,L松松S,2025-05-02 23:49,福建,Regular,0.1384
5161836291293195,5162003463409102,小小心心大大梦,2025-05-02 23:49,浙江,Regular,0.0066
5161516823221145,5161612780503086,寻梦自然,2025-05-01 21:57,山东,YellowV,0.5885
5166569613428325,5166712312038036,何妨笑吟且徐行,2025-05-15 23:41,河南,Regular,0.5885
5165198293860921,5165264929555204,汴人郭威,2025-05-11 23:49,北京,GoldV,0.006
5165198293860921,5165264585098877,起步聊球,2025-05-11 23:48,河北,RedV,0.0005
5164872222120367,5164899325187692,感恩大时代,2025-05-10 23:37,广东,Regular,0.1759
5163978682537968,5164179107349995,奚正仁的小屋,2025-05-08 23:55,辽宁,Regular,0.5885
5163452496085222,5163452823507547,时间煮雨YOU,2025-05-06 23:49,江苏,Regular,0.0295
5163452496085222,5163452823507329,传奇人生就是我1,2025-05-06 23:49,江苏,Regular,0.0829
5163045358404020,5163089189667211,财运又到了,2025-05-05 23:44,广西,Regular,0.7308
5163452496085222,5163452822457564,Zhenhangsu,2025-05-06 23:49,山东,Regular,0.0778
5163452496085222,5163452822196531,怎么吃不饱666,2025-05-06 23:49,福建,Regular,0.0973
5163452496085222,5163452822194019,曾经心痛过之后,2025-05-06 23:49,广东,Regular,0.0124
5162992048541638,5163089025044138,杜老倌侠客居,2025-05-05 23:43,上海,Regular,0.5885
5163452496085222,5163452823243142,计文单牧_902,2025-05-06 23:49,广东,Regular,0.7941
5161516823221145,5161598076587252,ANNE香港安妮,2025-05-01 20:59,中国香港,YellowV,0.8774
5163452496085222,5163452822980618,loveying423,2025-05-06 23:49,贵州,Regular,0.0099
5163452496085222,5163452819051097,萝莉牛X王,2025-05-06 23:49,福建,Regular,0.241
5163452496085222,5163452821931606,伯弨核記,2025-05-06 23:49,广东,Regular,0.311
5162704785380225,5162722803059749,张颐武,2025-05-04 23:28,北京,RedV,0.1293
5162356352485212,5162365269049898,青尘3141,2025-05-03 23:47,广东,RedV,0.0094
5165975323017892,5165990054463999,奥陶纪猿人,2025-05-13 23:51,北京,Regular,0.0119
5165988942451887,5165989961400371,jqzhao2018,2025-05-13 23:50,北京,Regular,0.0077
5165812827822009,5165989882500989,用户7417979755,2025-05-13 23:50,四川,Regular,0.0063
5161516823221145,5161582977355320,圈娱乐瓜,2025-05-01 19:59,北京,RedV,0.2177
5165258752135710,5165264279699700,财多金一,2025-05-11 23:47,河南,RedV,0.0133
5164883101354798,5164898738247363,黑色的泡饭,2025-05-10 23:34,北京,Regular,0.0211
5163715088353207,5163811435971462,高原上的大姐,2025-05-07 23:34,贵州,Regular,0.172
5164143099512106,5164178482403486,狮子歌歌煩惱瘋,2025-05-08 23:52,广东,Regular,0.0005
5162903172549663,5163088865134467,喵喵爱吃糖O_o,2025-05-05 23:42,山东,Regular,0.0256
5163452496085222,5163452822192797,自由自在720101,2025-05-06 23:49,福建,Regular,0.0173
5163715088353207,5163810391595258,酒乡酒话,2025-05-07 23:29,贵州,Regular,0.0267
5163452496085222,5163452822456270,岁月11无痕,2025-05-06 23:49,浙江,Regular,0.1172
5163452496085222,5163452823502933,今晚在家了,2025-05-06 23:49,福建,Regular,0.0158
5163452496085222,5163452821668350,搖擺尐青姩,2025-05-06 23:49,湖南,Regular,0.0239
5161559387019264,5161597887320345,滚滚红雷,2025-05-01 20:58,辽宁,GoldV,0.0208
5163449642390502,5163452797552865,斯基泰战车,2025-05-06 23:49,贵州,RedV,0.0306
5155700683313342,5163452730969088,重生之名流巨星是我的喵,2025-05-06 23:48,四川,Regular,0.4327
5161550513178201,5161597695428121,度度杜生,2025-05-01 20:57,广东,Regular,0.5722
5162717439069598,5162721851475396,星星佬看楼市,2025-05-04 23:24,广东,RedV,0.0034
5162199375154587,5162364886321168,改个名字证明这个号还活着,2025-05-03 23:46,江苏,Regular,0.0005
5167237456724234,5167435411362512,梦战10X,2025-05-17 23:34,广东,Regular,0.3149
5167292972797654,5167435088662623,大单间,2025-05-17 23:33,上海,RedV,0.1457
5167404690971781,5167435019717779,新鲜木森林有财,2025-05-17 23:32,江苏,Regular,0.001
5166624378459376,5166708948996975,安然淡定chris_HeavenLight,2025-05-15 23:27,上海,Regular,0.9789
5161541068129284,5161552500231299,小明的喇叭,2025-05-01 17:57,上海,Regular,0.9871
5166318341066711,5166350126548755,ShiGuang如梦,2025-05-14 23:41,广东,Regular,0.5885
5165891651109423,5165989386521416,财芹芹,2025-05-13 23:48,广东,Regular,0.2858
5165617973302808,5165625362615596,缘琪拉尔,2025-05-12 23:42,天津,Regular,0.0033
5161402248988368,5161582636829529,刍二不呆,2025-05-01 19:57,山东,Regular,0.042
5164883101354798,5164898389853021,垫脚石X,2025-05-10 23:33,北京,RedV,0.0062
5161402248988368,5161582552944670,刍二不呆,2025-05-01 19:57,山东,Regular,0.7004
5165245467727832,5165263335721619,可然yy,2025-05-11 23:43,广东,Regular,0.4588
5160866051788722,5161537548847115,Kylo6618,2025-05-01 16:58,广东,Regular,0.0157
5163082083210696,5163087543933399,孤鸿泽,2025-05-05 23:37,北京,RedV,0.1242
5161769111914477,5162364765471042,何行之太远也,2025-05-03 23:45,加拿大,Regular,0.5885
5163443348575621,5163452364492512,河南国资,2025-05-06 23:47,,BlueV,0.2319
5163805006629314,5163809862849722,深柳斋,2025-05-07 23:27,湖南,YellowV,0.9877
5163445177291797,5163451996703732,河南国资,2025-05-06 23:45,,BlueV,0.0127
5164532336693278,5164535724642485,寂静小路夜风轻抚7,2025-05-09 23:32,四川,Regular,0.003
5167425653836202,5167433478054752,梁喜悦同学,2025-05-17 23:26,天津,YellowV,0.0231
5161516823221145,5161597573795643,一纬所如,2025-05-01 20:57,浙江,Regular,0.0125
5161592066149187,5161611971268728,只发表的表姐,2025-05-01 21:54,江苏,Regular,0.3782
5165819165409354,5166349488488987,duanhaoran1989,2025-05-14 23:39,河南,Regular,0.5885
5161402248988368,5161582523062161,刍二不呆,2025-05-01 19:57,山东,Regular,0.5885
5161402248988368,5161582459880553,刍二不呆,2025-05-01 19:56,山东,Regular,0.7004
5165532567569938,5165625032049236,海天飞羽shzhqqq,2025-05-12 23:40,广东,Regular,0.119
5167055705998387,5167070413066115,红色朗姆酒呀,2025-05-16 23:24,江苏,Regular,0.9595
5164851254529810,5164896142235651,风闻社区,2025-05-10 23:24,,BlueV,0.6162
5167055705998387,5167070007528213,掌掴欧美眷重生version,2025-05-16 23:22,江西,Regular,0.4704
5161484405446721,5161522222072322,财长寿花,2025-05-01 15:57,广东,Regular,0.2047
5163079801505296,5163087540781277,布哈拉游台湾,2025-05-05 23:37,四川,Regular,0.4255
5153138065278907,5163087364624500,汪亚民,2025-05-05 23:36,河北,YellowV,0.5885
5162199375154587,5162364552619362,默默大黄猫,2025-05-03 23:44,四川,Regular,0.0072
5163787053176499,5163807845123997,颜那亚骑郎,2025-05-07 23:19,贵州,Regular,0.0841
5161993687798641,5161999102382817,秋名山街猫,2025-05-02 23:32,山东,RedV,0.0146
5161994333719176,5161999030550782,秋名山街猫,2025-05-02 23:32,山东,RedV,0.2632
5161737989390567,5161998938016032,大知闲闲学姐,2025-05-02 23:31,安徽,Regular,0.055
5164329964930817,5164534450357708,tnekkent,2025-05-09 23:27,广西,Regular,0.5885
5166454430237801,5166707615998153,有声读物0007,2025-05-15 23:22,广东,Regular,0.1828
5165381455972014,5165624667147863,颜那亚骑郎,2025-05-12 23:39,贵州,Regular,0.5951
5165611282858894,5165624537121154,颜那亚骑郎,2025-05-12 23:38,贵州,Regular,0.2285
5165496346871939,5165624511956645,颜那亚骑郎,2025-05-12 23:38,贵州,Regular,0.2858
5164852869601050,5164895299174928,Jeff_JQ,2025-05-10 23:21,北京,Regular,0.0303
5167055705998387,5167067755187896,只是一隻兔子_13,2025-05-16 23:13,中国台湾,Regular,0.0661
5163241089271131,5163450839072945,一个院长的思考,2025-05-06 23:41,浙江,GoldV,0.0004
5162199375154587,5162364039075859,默默大夜猫,2025-05-03 23:42,四川,YellowV,0.0004
5161940519225342,5161998804063866,梧桐gor,2025-05-02 23:31,广东,Regular,0.0098
5161805936854117,5161998472976079,大知闲闲学姐,2025-05-02 23:30,安徽,Regular,0.146
5161824815416965,5161998339019841,大知闲闲学姐,2025-05-02 23:29,安徽,Regular,0.0329
5163693320441672,5163807271295011,mitalb,2025-05-07 23:17,上海,Regular,0.0014
5163787053176499,5163807270503713,斯基泰战车,2025-05-07 23:17,贵州,RedV,0.1886
5167243433869379,5167431987237827,世纪10级三班伊博,2025-05-17 23:20,山东,Regular,0.5
5160398798982565,5161640032211218,波衣,2025-05-01 23:45,江西,Regular,0.2152
5166644112398256,5167431481035765,草莓的小美兔,2025-05-17 23:18,广东,RedV,0.0044
5166638329499132,5166706415897688,日常生活启示录,2025-05-15 23:17,福建,Regular,0.0188
5161610650326131,5161611658268341,超-威-蓝-猫,2025-05-01 21:53,新加坡,Regular,0.0005
5165525643824123,5166347567238587,蓝天卫士xrs,2025-05-14 23:31,吉林,Regular,0.5885
5165521420686426,5165624158851074,K2乔戈里峰8611,2025-05-12 23:37,吉林,Regular,0.0054
5164528024420372,5164534331347930,Gmail905,2025-05-09 23:26,湖南,Regular,0.0776
5165501341500591,5165624024107855,伤科接骨片2019,2025-05-12 23:36,四川,Regular,0.5885
5165198293860921,5165262295795233,我观我行,2025-05-11 23:39,内蒙古,YellowV,0.0024
5165198293860921,5165262187006465,领事闲谈,2025-05-11 23:38,河北,GoldV,0.0009
5167055705998387,5167067499862440,Cokeimu,2025-05-16 23:12,福建,Regular,0.0067
5167055705998387,5167067306660259,谢尔顿酥,2025-05-16 23:11,山西,Regular,0.0006
5161024542212527,5161521681273528,yclizhao2024,2025-05-01 15:55,山西,Regular,0.0532
5161940519225342,5161997676843548,财入门,2025-05-02 23:26,山东,GoldV,0.045
5162228039813325,5162717217555107,和风516,2025-05-04 23:06,辽宁,Regular,0.8713
5162700054731383,5162717099856166,图洋屠西泼,2025-05-04 23:05,辽宁,Regular,0.0189
5161484405446721,5161639868372696,V2353,2025-05-01 23:45,天津,Regular,0.5885
5167396530688445,5167430263636015,HXRYJY,2025-05-17 23:14,福建,Regular,0.3772
5165891651109423,5166704842774630,大湾区战神,2025-05-15 23:11,广东,Regular,0.028
5162138578978045,5163086667320226,追寻者36566,2025-05-05 23:34,湖南,Regular,0.5885
5166313208285493,5166347102981459,我的小小小小小地盘,2025-05-14 23:29,俄罗斯,Regular,0.9926
5166296964271746,5166346984755072,高也风,2025-05-14 23:29,广东,Regular,0.5885
5161587770659021,5161596524170534,葳蕤的夏,2025-05-01 20:52,陕西,Regular,0.0057
5161516823221145,5161596512636283,菜宝宝爱住别墅,2025-05-01 20:52,北京,Regular,0.0332
5161577306655273,5161596331234130,江宇行舟,2025-05-01 20:52,北京,GoldV,0.0101
5165601019658534,5165623640069497,大为网讯,2025-05-12 23:35,北京,BlueV,0.3541
5164503717907291,5164531098323056,田家广讲习所,2025-05-09 23:13,北京,YellowV,0.004
5161551142588689,5161552009499463,慧俭论道,2025-05-01 17:55,安徽,Regular,0.0499
5166987485643354,5167067148060870,用户2716888,2025-05-16 23:11,广东,Regular,0.5885
5151661691247412,5161566615111321,用知识拥抱未来,2025-05-01 18:54,广东,Regular,0.5885
5163279397424282,5163449349835541,高科技爱财师奶,2025-05-06 23:35,英国,YellowV,0.0037
5161980081739205,5161997144163703,隐身轰六,2025-05-02 23:24,陕西,Regular,0.1001
5161984993263955,5161996899323161,隐身轰六,2025-05-02 23:23,陕西,Regular,0.5753
5166516316668246,5167429351374865,这家伙很懒_什么也没有留下,2025-05-17 23:10,云南,Regular,0.5885
5162962932207377,5163804313523738,资本原子弹,2025-05-07 23:05,广东,Regular,0.5885
5161562701563599,5161639457329181,观战者-那勇,2025-05-01 23:43,河北,YellowV,0.0012
5162700054731383,5162716148536207,顿巴斯红星,2025-05-04 23:01,湖北,Regular,0.0005
5161569430012315,5161596226896199,小小浣焸,2025-05-01 20:51,青海,Regular,0.0524
5161537985053024,5161596130428563,知音汉阳,2025-05-01 20:51,,BlueV,0.0439
5165198293860921,5165261724321629,茶色文章,2025-05-11 23:37,上海,YellowV,0.0384
5165198293860921,5165261556811396,雍州墨梅,2025-05-11 23:36,北京,Regular,0.5885
5161516823221145,5161581622068573,醉卧沙场卿莫笑,2025-05-01 19:53,云南,YellowV,0.0053
5161484405446721,5161581579341559,吃吃猪蹄的小猪猪,2025-05-01 19:53,陕西,Regular,0.5885
5160408709861122,5161550999719737,雪會yukizeng0804504,2025-05-01 17:51,日本,Regular,0.5885
5161458007542567,5161566053597335,-初束-,2025-05-01 18:51,重庆,YellowV,0.0648
5166972645411090,5167065132703779,方之夫,2025-05-16 23:03,上海,GoldV,0.0004
5164164856943122,5164175866464327,财光闪闪,2025-05-08 23:42,江苏,YellowV,0.0043
5161919662261231,5161996418290866,幸福的牛201806,2025-05-02 23:21,陕西,Regular,0.9965
5166454430237801,5166703279081796,用户7823135977,2025-05-15 23:05,广东,Regular,0.4599
5166683078525927,5166703010126244,歌乐行者,2025-05-15 23:04,四川,YellowV,0.0756
5165894558288688,5166702818231229,黄斌,2025-05-15 23:03,莫桑比克,GoldV,0.6058
5162508085366299,5162715837109144,沙滩羊,2025-05-04 23:00,浙江,Regular,0.0005
5161484405446721,5161520997601061,刘洪明稳健投资,2025-05-01 15:52,四川,GoldV,0.0494
5165495415213903,5165622271414417,财圆子Ai设计,2025-05-12 23:29,上海,Regular,0.0089
5165621395588088,5165622012677794,王子强财经视点,2025-05-12 23:28,湖北,YellowV,0.6779
5161567026677603,5161595904202635,金陵郭健,2025-05-01 20:50,江苏,YellowV,0.3011
5125308615495163,5161550123372414,吴同的体育写作本,2025-05-01 17:48,比利时,GoldV,0.9927
5164887853764676,5164890873926322,屋顶的轻骑兵,2025-05-10 23:03,辽宁,Regular,0.5885
5161251156264113,5161565779660047,夜尘锋刃,2025-05-01 18:50,新疆,YellowV,0.0005
5164889598596093,5164890524224513,半岛铁壳202204,2025-05-10 23:02,江苏,Regular,0.0053
5164672902759473,5164890360909176,沦为追星的id也不行,2025-05-10 23:01,黑龙江,Regular,0.7933
5161484405446721,5161536603555632,6679的微博,2025-05-01 16:54,上海,Regular,0.0724
5161558921449939,5161581379587467,中型无产阶级,2025-05-01 19:52,天津,Regular,0.0007
5161508573810140,5161581374082960,大道无常123,2025-05-01 19:52,河南,Regular,0.0695
5163413685669481,5163448205579051,香甜的糖炒栗子O,2025-05-06 23:30,江苏,Regular,0.0012
5166309721771525,5166344056078540,大为网讯,2025-05-14 23:17,北京,BlueV,0.5921
5161583106070178,5161595525137351,小小浣焸,2025-05-01 20:48,青海,Regular,0.0717
5163051313535342,5163085363938539,泳乐123,2025-05-05 23:28,广东,Regular,0.002
5163047665535249,5163085112019190,人间如画,2025-05-05 23:27,上海,Regular,0.5885
5165495415213903,5165621696266689,噜噜啊你可长点心吧,2025-05-12 23:27,上海,Regular,0.6059
5165891651109423,5165988270575045,石家庄新闻广播,2025-05-13 23:44,,Regular,0.0158
5161545472153058,5161549531710770,微博时事,2025-05-01 17:46,天津,BlueV,0.5
5164881462173348,5164890033488118,布哈拉游台湾,2025-05-10 23:00,四川,Regular,0.0004
5164164856943122,5164175547435477,豆花包子小油条,2025-05-08 23:40,新加坡,YellowV,0.0488
5164164856943122,5164175324087169,深蓝小菜包,2025-05-08 23:40,北京,Regular,0.5221
5161444800202821,5161535913329153,时空里的思维,2025-05-01 16:52,上海,Regular,0.0051
5161400616093540,5161507651851297,秋水長天-2023,2025-05-01 14:59,山东,Regular,0.5885
5161436427061787,5161492572538109,北京鲁戈,2025-05-01 13:59,北京,RedV,0.5885
5161577306655273,5162360970415855,叶鹏翔Y,2025-05-03 23:30,江苏,Regular,0.5885
5161989543822672,5162360906449535,伏子说事,2025-05-03 23:30,湖南,Regular,0.0009
5163259393477688,5163447852730405,老卢家小五儿,2025-05-06 23:29,黑龙江,YellowV,0.9363
5152358627803590,5163447777493132,瑞华陶瓷陈公子,2025-05-06 23:29,浙江,Regular,0.5885
5163279397424282,5163447584294174,财米其,2025-05-06 23:28,北京,YellowV,0.0005
5167407653720544,5167427784808471,姬亚伟老师,2025-05-17 23:04,陕西,Regular,0.5637
5167383270654518,5167427568799696,诈骗犯出门被车撞死地震被压死,2025-05-17 23:03,山西,Regular,0.5576
5161577187901651,5161595286064618,qin02932,2025-05-01 20:47,福建,Regular,0.6823
5162874764263489,5163084437526757,山西太原反邪教,2025-05-05 23:25,,BlueV,0.5885
5161444800202821,5161610738144726,aaronhotchner2022,2025-05-01 21:49,辽宁,Regular,0.398
5161384883782380,5161565030188416,吃一口栗子啦啦,2025-05-01 18:47,宁夏,Regular,0.17
5160408709861122,5161491569840237,北京鲁戈,2025-05-01 13:55,北京,RedV,0.1242
5162342309170275,5162360583751371,风吟听竹,2025-05-03 23:28,浙江,RedV,0.1168
5161154269152191,5161491499582180,李炜不会投资要学会谨言慎行,2025-05-01 13:55,上海,Regular,0.9347
5162303550130570,5162360558326242,财可可一兆,2025-05-03 23:28,上海,Regular,0.2231
5163416441590007,5163446451048369,大为网讯,2025-05-06 23:23,北京,BlueV,0.3177
5164148880053888,5164174767030724,舞舞则天,2025-05-08 23:37,福建,Regular,0.0211
5161908043776210,5161994173546686,郭姐自我成长,2025-05-02 23:12,天津,YellowV,0.0006
5161554060247353,5161594954977160,沈良-宏观价值投资,2025-05-01 20:46,上海,GoldV,0.01
5159269872173894,5161594901237871,蝶兰博科,2025-05-01 20:46,河南,Regular,0.0046
5161598597207740,5161627096450868,可然yy,2025-05-01 22:54,广东,Regular,0.185
5165975323017892,5165986895629542,财联社APP,2025-05-13 23:38,,Regular,0.4663
5161484405446721,5161507248406723,赵盛烨,2025-05-01 14:58,辽宁,GoldV,0.0141
5161484405446721,5161507227439668,财糯米,2025-05-01 14:58,河北,YellowV,0.3058
5163311864742735,5163445584141378,Dreamer0312,2025-05-06 23:20,浙江,Regular,0.077
5164143679114627,5164174763623990,欢喜春秋5555,2025-05-08 23:37,北京,Regular,0.5885
5161474998141190,5161535556553078,潘哥PR,2025-05-01 16:50,安徽,YellowV,0.0512
5163956894172848,5164174754975614,oldfrontier,2025-05-08 23:37,江苏,Regular,0.5885
5161170088756107,5161535321145399,奚正仁的小屋,2025-05-01 16:49,辽宁,Regular,0.5885
5161930466790630,5161993146207608,onnowere,2025-05-02 23:08,广东,Regular,0.9946
5162199375154587,5162360261836906,香甜的糖炒栗子O,2025-05-03 23:27,江苏,Regular,0.0342
5166119368001682,5166342161302336,潘明先生,2025-05-14 23:10,山东,GoldV,0.5885
5165532567569938,5166341942153263,简单的快乐一晚安,2025-05-14 23:09,辽宁,Regular,0.5885
5161516823221145,5161594610782072,圆兔公众号,2025-05-01 20:45,广东,Regular,0.0093
5161516823221145,5161594599768184,财大别野,2025-05-01 20:45,重庆,RedV,0.0063
5162229806142682,5162360041905597,伟国视点,2025-05-03 23:26,广东,GoldV,0.5885
5161537683066331,5161580556452883,细马赶三老,2025-05-01 19:49,浙江,YellowV,0.0005
5161484405446721,5161519868808376,老山峰8848,2025-05-01 15:48,上海,Regular,0.0046
5161466899992938,5161476814541742,张怀平论坛,2025-05-01 12:57,海南,Regular,0.0153
5161512005535677,5161519587266457,财重信,2025-05-01 15:47,上海,Regular,0.9874
5161431542270237,5161476688709378,财巧儿,2025-05-01 12:56,浙江,YellowV,0.474
5161484405446721,5161506682965987,默默大黄猫,2025-05-01 14:55,四川,Regular,0.0478
5161480426884632,5161547467328079,舞舞则天,2025-05-01 17:37,福建,Regular,0.9306
5163279397424282,5163445432355620,我就是二狗,2025-05-06 23:19,上海,GoldV,0.006
5161402248988368,5161432199725325,长安卧龙V,2025-05-01 09:59,陕西,RedV,0.0005
5166329141137462,5166341585896347,舞舞则天,2025-05-14 23:08,福建,Regular,0.1518
5163339400611361,5163445134821701,壬_辛,2025-05-06 23:18,浙江,Regular,0.5885
5166313224274396,5166340952818785,师韬睿花花,2025-05-14 23:05,江苏,Regular,0.2563
5162229806142682,5162359942029134,叶苍茫2022,2025-05-03 23:26,美国,GoldV,0.0121
5162353600498396,5162359854990726,强强仔仔来,2025-05-03 23:26,广东,Regular,0.101
5161519168881270,5161534952575115,忠浪,2025-05-01 16:48,山西,Regular,0.8364
5161516823221145,5161594054509073,财点点儿,2025-05-01 20:43,江西,Regular,0.0016
5161502723804332,5161594027775759,管仲窥世688,2025-05-01 20:42,陕西,Regular,0.002
5161634452477631,5161992454409031,9绿叶素荣9,2025-05-02 23:06,江苏,Regular,0.6834
5161492701778186,5161506606420754,微博时事,2025-05-01 14:55,北京,BlueV,0.5
5161382027984919,5161580087214174,老王谈改革,2025-05-01 19:47,广东,GoldV,0.4064
5165198293860921,5165259321247309,财黎明至,2025-05-11 23:27,山东,YellowV,0.0016
5164136292942380,5165619453628369,白衬衫女士,2025-05-12 23:18,浙江,Regular,0.5885
5161428454211982,5161564107178546,小小浣焸,2025-05-01 18:44,青海,Regular,0.0117
5161622234727677,5161626693018378,羊绒的那些事,2025-05-01 22:52,上海,YellowV,0.0171
5161594947637344,5161626539659000,旺霏旺霏,2025-05-01 22:52,广东,Regular,0.0042
5163413685669481,5163444388761929,淼_Ashboom,2025-05-06 23:15,湖北,Regular,0.0021
5159418959239251,5161416727988725,瓦力电工,2025-05-01 08:58,湖南,Regular,0.5885
5165600944685898,5166339807772793,酋长的部落格,2025-05-14 23:00,上海,RedV,0.1445
5148849124671619,5161636973250092,Herbiewu,2025-05-01 23:33,广东,GoldV,0.0139
5161420027072259,5161461246331567,千年河东,2025-05-01 11:55,山西,Regular,0.5653
5164164856943122,5164173906415447,财双双9,2025-05-08 23:34,广东,YellowV,0.8122
5161589767412665,5161593882021195,舞舞则天,2025-05-01 20:42,福建,Regular,0.0142
5161444800202821,5161505785120902,耀华521,2025-05-01 14:52,江西,Regular,0.0203
5161480426884632,5161518729007622,卡本中和,2025-05-01 15:43,浙江,YellowV,0.9938
5161405846652039,5161476379119039,勤且谨,2025-05-01 12:55,江苏,Regular,0.0033
5161415368245368,5161476286059838,舒国华的微博,2025-05-01 12:55,山西,YellowV,0.5885
5165913330944770,5165985779682194,千户大人1,2025-05-13 23:34,广东,Regular,0.4179
5161463314122858,5161546686660682,回首向来萧瑟处_归去来兮,2025-05-01 17:34,浙江,Regular,0.0241
5161508573810140,5161546679587037,piero25,2025-05-01 17:34,广西,RedV,0.0764
5161439837818940,5161626534677636,微播EastEurope,2025-05-01 22:52,浙江,Regular,0.5885
5165225352368334,5165259150331248,周周真话,2025-05-11 23:26,河南,Regular,0.0423
5161255356334498,5161431327574283,大唐兰州防御使drp,2025-05-01 09:56,内蒙古,Regular,0.5885
5161463314122858,5161489175154445,默默大黄猫,2025-05-01 13:46,四川,Regular,0.4114
5153794338326622,5162359397813486,百里丝竹,2025-05-03 23:24,江苏,Regular,0.0405
5161412335763743,5161431198077590,勤且谨,2025-05-01 09:55,江苏,Regular,0.0025
5161610793453870,5161636227712523,Nymphaeaceae,2025-05-01 23:30,澳大利亚,YellowV,0.9275
5161297214704166,5161401695339396,婕健,2025-05-01 07:58,山东,YellowV,0.0879
5161418447392444,5161518349944063,玉名,2025-05-01 15:42,北京,RedV,0.0101
5161491888608501,5161505700973252,大婶心少女,2025-05-01 14:51,江苏,Regular,0.0005
5161577306655273,5161593411209807,鸡蛋懒虫,2025-05-01 20:40,上海,Regular,0.352
5161444800202821,5161533735702642,慢煮岁月停姐,2025-05-01 16:43,江苏,YellowV,0.0245
5161988188015596,5161991795639992,喵星总督2022,2025-05-02 23:03,云南,Regular,0.0532
5163440453981624,5163443498258198,一杯浊酒笑风尘哈,2025-05-06 23:12,陕西,Regular,0.0025
5165845123960474,5165985356059279,雪梅映趣,2025-05-13 23:32,四川,Regular,0.9904
5163065402983524,5163082012165344,Luke2476,2025-05-05 23:15,辽宁,Regular,0.5885
5161444800202821,5161488462381211,kkxl789,2025-05-01 13:43,山西,Regular,0.5885
5161415418578461,5161430961883896,穆满起666,2025-05-01 09:54,北京,Regular,0.1062
5161634596392558,5161636106081213,义乌网事,2025-05-01 23:30,浙江,YellowV,0.0416
5162199375154587,5162359062269737,财发发-发发,2025-05-03 23:22,湖北,Regular,0.9574
5161094709250052,5161371827438193,码农小贝尔,2025-05-01 06:00,辽宁,Regular,0.0247
5153790567648932,5161609439220784,泰松有极,2025-05-01 21:44,重庆,Regular,0.5885
5161627424391417,5161636042642679,龜龜龜3999,2025-05-01 23:29,上海,Regular,0.0706
5161318652052144,5161386410247812,财经高见,2025-05-01 06:57,山西,Regular,0.0227
5161370242253815,5161371693220805,H67801665399,2025-05-01 05:59,广西,Regular,0.5733
5161816260348380,5161991309368517,杨培安吧官方微博,2025-05-02 23:01,北京,Regular,0.1728
5161427946442279,5161460457275490,卷毛帅哥,2025-05-01 11:52,北京,Regular,0.0079
5164143679114627,5164172308646468,飞雪666888,2025-05-08 23:28,北京,Regular,0.5885
5161928016009409,5161991016284993,方之夫,2025-05-02 23:00,上海,GoldV,0.3697
5162932812909370,5163081667714284,湾区兰公子,2025-05-05 23:14,广东,Regular,0.0132
5162845255763545,5163081476084536,财蔚来,2025-05-05 23:13,广东,Regular,0.0272
5165190741757103,5165257987721092,sap233,2025-05-11 23:22,甘肃,Regular,0.825
5161625796217908,5161625859916809,山西反邪教,2025-05-01 22:49,,BlueV,0.0007
5161530372395326,5161545923825061,笑着寻梦,2025-05-01 17:31,浙江,YellowV,0.1445
5161093656217184,5161385860268462,任航2024,2025-05-01 06:55,陕西,Regular,0.1892
5164166675694217,5164172279283713,酒乡酒话,2025-05-08 23:27,贵州,Regular,0.0064
5164143099512106,5164172158699910,曦曦暖意,2025-05-08 23:27,广东,Regular,0.8973
5161405846652039,5161459998787652,旅途顽童,2025-05-01 11:50,广东,Regular,0.0181
5161634596392558,5161635891648077,昭君爱影视,2025-05-01 23:29,湖南,Regular,0.3692
5162341768889549,5162358919661882,Justinjyb,2025-05-03 23:22,广东,Regular,0.5885
5161545584085948,5161609242087547,与汝偕往,2025-05-01 21:43,辽宁,Regular,0.5859
5161297214704166,5161505013368472,陳偉andy香港,2025-05-01 14:49,中国香港,YellowV,0.5885
5161439837818940,5161532590654147,做一个灵魂独立而丰富的女人,2025-05-01 16:38,浙江,Regular,0.5885
5161610650326131,5161625481909638,超-威-蓝-猫,2025-05-01 22:47,新加坡,Regular,0.1584
5161479097288227,5161532312785371,舞舞则天,2025-05-01 16:37,福建,Regular,0.1591
5162125199933973,5163081099117369,吃葡萄不吐葡萄籽201910,2025-05-05 23:12,广东,Regular,0.0017
5161379393176532,5161385564310045,我猜八成,2025-05-01 06:54,广东,Regular,0.0213
5028781706449717,5161385407807606,自然的张侃,2025-05-01 06:53,北京,Regular,0.0134
5161089973621425,5161385316583617,自然的张侃,2025-05-01 06:53,北京,Regular,0.7365
5161297214704166,5161430367340082,程国强观察,2025-05-01 09:52,北京,YellowV,0.0689
5161024542212527,5161517704544893,yc_lizhao,2025-05-01 15:39,山西,Regular,0.6081
5161507743337501,5161517636911982,外贸发布BBS,2025-05-01 15:39,上海,Regular,0.0059
5164143679114627,5164171876376934,大头与熊,2025-05-08 23:26,上海,Regular,0.991
5164148346851382,5164171792489925,风吟听竹,2025-05-08 23:26,浙江,RedV,0.0023
5161297214704166,5161504954385008,娛樂圈新聞速遞,2025-05-01 14:49,中国香港,YellowV,0.01
5162331026758111,5162358381743906,飞棉花絮,2025-05-03 23:20,江苏,GoldV,0.0005
5161484405446721,5161504810993172,财有友芳悦66,2025-05-01 14:48,四川,Regular,0.234
5161557626978911,5161609152955709,此乃神矣,2025-05-01 21:43,福建,Regular,0.0184
5161577306655273,5161592603546563,胜利主义章北海,2025-05-01 20:37,广东,GoldV,0.2324
5165931983800013,5165983313429166,倾听指尖,2025-05-13 23:24,浙江,RedV,0.0004
5161368790499733,5161369385042261,萝莉牛X王,2025-05-01 05:50,福建,Regular,0.0012
5161368790499733,5161369382159034,L0L丹儿,2025-05-01 05:50,浙江,Regular,0.216
5161368790499733,5161369381110723,娘了个龙西撇,2025-05-01 05:50,浙江,Regular,0.7795
5161368790499733,5161369381634624,解祥泽,2025-05-01 05:50,浙江,Regular,0.1498
5165781236582174,5165983024286579,微播EastEurope,2025-05-13 23:23,浙江,Regular,0.5885
5161368790499733,5161369380848154,胖等等0912,2025-05-01 05:50,福建,Regular,0.0825
5161368790499733,5161369380848179,天星8_807,2025-05-01 05:50,福建,Regular,0.1642
5161368790499733,5161369380848801,sun青8,2025-05-01 05:50,广东,Regular,0.1813
5161622869116647,5161625284776123,我柒月柒,2025-05-01 22:47,浙江,Regular,0.0011
5161519168881270,5161532103330551,嘉善老顾,2025-05-01 16:36,浙江,YellowV,0.8536
5161458736562869,5161531957576410,卷毛帅哥,2025-05-01 16:36,北京,Regular,0.0858
5164528024420372,5165257010709165,学海飞舟,2025-05-11 23:18,北京,YellowV,0.9044
5165242729369165,5165256959596470,祝您诸事皆顺,2025-05-11 23:18,浙江,RedV,0.0562
5165198293860921,5165256889336229,帝吧官微,2025-05-11 23:17,安徽,GoldV,0.3845
5161258917041536,5161385102410197,南京鼓楼学区房,2025-05-01 06:52,江苏,Regular,0.7685
5163279401617857,5163441401103448,摄影师张以尧,2025-05-06 23:03,浙江,Regular,0.0006
5160850550949288,5161385060991563,通史略点,2025-05-01 06:52,广东,Regular,0.0005
5161297214704166,5161544984826659,周思CIO,2025-05-01 17:28,北京,RedV,0.0879
5164164856943122,5164171238839694,九万里投资,2025-05-08 23:23,广西,Regular,0.0063
5164143679114627,5164171234643954,wybarcelona,2025-05-08 23:23,云南,Regular,0.0005
5164143679114627,5164171231497848,奥陶纪猿人,2025-05-08 23:23,北京,Regular,0.0096
5161095492796701,5161517083787283,aotexin,2025-05-01 15:37,江苏,Regular,0.0005
5161484405446721,5161517000426860,菜哈哈机甲,2025-05-01 15:36,,Regular,0.0004
5161024542212527,5161352788705923,冬光飞雪,2025-05-01 04:44,山西,Regular,0.5885
5161221296755231,5161429812642625,小陆家嘴,2025-05-01 09:50,上海,Regular,0.5885
5160917839119093,5161352478589034,NYKENKUNG,2025-05-01 04:43,美国,Regular,0.5885
5161466899992938,5161486625278762,张怀平论坛,2025-05-01 13:36,海南,Regular,0.0132
5162199375154587,5162358343473680,财爱吾,2025-05-03 23:20,浙江,Regular,0.0082
5161048274109296,5161311319623142,王怜花,2025-05-01 01:59,美国,RedV,0.8191
5161368790499733,5161369382159294,蓝天蓝天蓝天蓝天蓝天百,2025-05-01 05:50,湖南,Regular,0.1226
5161368790499733,5161369382421174,BIG-SAM-L,2025-05-01 05:50,福建,Regular,0.07
5161368790499733,5161369381372505,可爱宝贝的胖麻麻,2025-05-01 05:50,江苏,Regular,0.0011
5161368790499733,5161369381110412,曾经心痛过之后,2025-05-01 05:50,广东,Regular,0.0015
5161368790499733,5161369381896950,乐观开朗善良,2025-05-01 05:50,江苏,Regular,0.0338
5161516823221145,5161592158159365,生态梦人,2025-05-01 20:35,山东,RedV,0.081
5161557626978911,5161609018476099,特滴烂,2025-05-01 21:42,福建,Regular,0.1654
5161557626978911,5161609001437170,热火的鱼_836,2025-05-01 21:42,福建,Regular,0.7758
5161557626978911,5161608997241197,绍兴PoLo派,2025-05-01 21:42,浙江,Regular,0.9752
5156099805154476,5161544795294825,舒国华的微博,2025-05-01 17:27,山西,YellowV,0.5885
5161303132340896,5161458796072514,安然淡定chris_HeavenLight,2025-05-01 11:45,上海,Regular,0.999
5153138065278907,5161384360281595,老巴SMS,2025-05-01 06:49,江苏,YellowV,0.0425
5161533832431191,5161544481770628,舞舞则天,2025-05-01 17:26,福建,Regular,0.0159
5137554617668045,5161516660427748,受害人毛秀红,2025-05-01 15:35,河北,Regular,0.0033
5161363824443912,5161367155245461,曾经心痛过之后,2025-05-01 05:41,广东,Regular,0.0522
5161254277088863,5161349954667379,会林幽语,2025-05-01 04:33,辽宁,RedV,0.0006
5161621967607247,5161624688924882,辣叶摧秋,2025-05-01 22:44,浙江,YellowV,0.729
5165198293860921,5165256020331311,财大玉,2025-05-11 23:14,广东,Regular,0.0389
5161557626978911,5161608981254690,蔡文级音乐,2025-05-01 21:42,福建,Regular,0.22
5161463314122858,5161486109117518,才小桃本桃,2025-05-01 13:34,河南,RedV,0.0155
5165891651109423,5165981463743066,占豪,2025-05-13 23:17,湖北,GoldV,0.0289
5161557626978911,5161608982299330,BIG-SAM-L,2025-05-01 21:42,福建,Regular,0.9928
5161557626978911,5161608972343577,幸福的小嘿嘿哦,2025-05-01 21:42,安徽,Regular,0.8779
5161557626978911,5161608972603537,1号-浪子-情圣,2025-05-01 21:42,广东,Regular,0.1103
5161557626978911,5161608976270050,解祥泽,2025-05-01 21:42,浙江,Regular,0.2036
5161463314122858,5161485785894769,忘谱休琴,2025-05-01 13:32,宁夏,YellowV,0.0016
5161977748658810,5161990285954462,布哈拉游台湾,2025-05-02 22:57,四川,Regular,0.0779
5161557626978911,5161608935643093,默默守护的人6,2025-05-01 21:42,福建,Regular,0.7903
5161484405446721,5161543823003193,小李飞飞飞飞四刀,2025-05-01 17:23,上海,Regular,0.2853
5161507399141951,5161530845301445,可然yy,2025-05-01 16:31,广东,Regular,0.0599
5161363824443912,5161367153934851,不开口跟我说,2025-05-01 05:41,江苏,Regular,0.047
5162199375154587,5162357663996621,财多星,2025-05-03 23:17,德国,RedV,0.2264
5161363824443912,5161367150264587,寒冰绵掌残粉,2025-05-01 05:41,江西,Regular,0.0408
5161527712156166,5161530820920310,布哈拉游台湾,2025-05-01 16:31,四川,Regular,0.0081
5161484405446721,5161516487674167,AI孙国英,2025-05-01 15:34,河南,YellowV,0.0073
5161961423637071,5162357350993920,财阿迅,2025-05-03 23:16,广东,YellowV,0.1998
5161410266925733,5161516425810756,疯狂大象,2025-05-01 15:34,河南,RedV,0.003
5162199375154587,5162357274184876,老金的交易笔记,2025-05-03 23:15,福建,YellowV,0.0225
5161365313946475,5161366495428747,BIG-SAM-L,2025-05-01 05:38,福建,Regular,0.9882
5161170088756107,5161384003241552,星星撞太阳866,2025-05-01 06:48,重庆,Regular,0.9501
5161170088756107,5161383966278005,星星撞太阳866,2025-05-01 06:48,重庆,Regular,0.9607
5161421123618488,5161429062126138,舞舞则天,2025-05-01 09:47,福建,Regular,0.3348
5161539897131021,5161577394734157,金陵郭健,2025-05-01 19:36,江苏,YellowV,0.0006
5161557626978911,5161608935379862,Ohye爱杜,2025-05-01 21:42,江苏,Regular,0.969
5161484405446721,5161504102420279,江宁婆婆,2025-05-01 14:45,江苏,GoldV,0.9175
5161557626978911,5161608925943555,冬天穿搭分享,2025-05-01 21:42,甘肃,Regular,0.9865
5161557626978911,5161608925942059,颜色鲜艳艳丽,2025-05-01 21:42,广东,Regular,0.9881
5161557626978911,5161608926729374,公益服务中心,2025-05-01 21:42,福建,Regular,0.9649
5161557626978911,5161608926465221,美美的我去旅行,2025-05-01 21:42,广东,Regular,0.4657
5161557626978911,5161608926990929,-阿逺-,2025-05-01 21:42,广东,Regular,0.9481
5161557626978911,5161608927251057,龙城飞将后,2025-05-01 21:42,广东,Regular,0.9608
5161557626978911,5161608930132222,忧伤的陈某人,2025-05-01 21:42,广东,Regular,0.9702
5165025660766028,5165255471400835,道可道---非常道,2025-05-11 23:12,上海,Regular,0.7499
5165532567569938,5165981040380949,芙蓉Wang源,2025-05-13 23:15,上海,Regular,0.9943
5165132272110316,5165255170463279,湖城逍遥子,2025-05-11 23:11,浙江,Regular,0.5885
5161773187990458,5161975698692099,姬永锋,2025-05-02 21:59,河南,GoldV,0.5885
5161409143900810,5161457834791104,充满热情的小郭妈妈20170,2025-05-01 11:41,北京,Regular,0.1945
5161240117646158,5161293552288205,刘光的微博1221,2025-05-01 00:48,安徽,Regular,0.0623
5160781110053796,5161293150421344,忆流光,2025-05-01 00:47,河南,Regular,0.0849
5161383331365130,5161383759708622,余丰慧,2025-05-01 06:47,河南,GoldV,0.0045
5161484405446721,5161530074862214,芳菲落满天,2025-05-01 16:28,河北,Regular,0.0101
5161396691796659,5161428673368323,李实Sebastian,2025-05-01 09:45,北京,YellowV,0.2035
5161557626978911,5161608930394417,鼠尾草111,2025-05-01 21:42,江西,Regular,0.9912
5161484405446721,5161504035046569,财微笑wx_,2025-05-01 14:45,浙江,Regular,0.0241
5161557626978911,5161608927773418,king-lft,2025-05-01 21:42,福建,Regular,0.9664
5161557626978911,5161608927514072,桂冠诗人喝醉了,2025-05-01 21:42,福建,Regular,0.8186
5161557626978911,5161608923582563,紫轩芸儿,2025-05-01 21:42,浙江,Regular,0.9426
5160876629821931,5161305633458064,sap233,2025-05-01 01:36,甘肃,Regular,0.5885
5161557626978911,5161608922272428,急吼吼jhg,2025-05-01 21:42,福建,Regular,0.9511
5161557626978911,5161608922010340,JIE-HUAN,2025-05-01 21:42,浙江,Regular,0.9269
5161501946808178,5161503641568717,庄云志,2025-05-01 14:43,湖南,Regular,0.0021
5161557626978911,5161608923054303,Adu62333,2025-05-01 21:42,广东,Regular,0.6887
5161557626978911,5161608923318072,动漫设计-520,2025-05-01 21:42,甘肃,Regular,0.1082
5161879312534880,5161975572601445,小小浣焸,2025-05-02 21:59,青海,Regular,0.0183
5161497350901093,5161591209986853,火锅达人小滚滚,2025-05-01 20:31,四川,Regular,0.0404
5161809105126049,5161975102308698,小多durongjuan,2025-05-02 21:57,河北,Regular,0.0052
5161409143900810,5161542618974316,北鼻小鹿,2025-05-01 17:18,江苏,Regular,0.0734
5158534631395693,5161364243612077,玫瑰夫人_maymay,2025-05-01 05:29,广东,Regular,0.0296
5161178604505793,5161292625086113,Roalyyyyy,2025-05-01 00:45,加拿大,Regular,0.5885
5161769111914477,5162357123715516,顺势而为cmh93,2025-05-03 23:15,加拿大,Regular,0.5885
5161463314122858,5161529449123433,舞舞则天,2025-05-01 16:26,福建,Regular,0.0745
5161089973621425,5161528988009405,波衣,2025-05-01 16:24,江西,Regular,0.03
5164143679114627,5164170275457373,财联社APP,2025-05-08 23:20,,Regular,0.2224
5161289295595076,5161428432455987,李实Sebastian,2025-05-01 09:44,北京,YellowV,0.0755
5161484405446721,5161515868754109,期阿明,2025-05-01 15:32,云南,RedV,0.0277
5161289295595076,5161428273336048,李实Sebastian,2025-05-01 09:44,北京,YellowV,0.0075
5161516823221145,5161591095951825,悟道的蟹壳,2025-05-01 20:31,上海,RedV,0.0907
5161599128047052,5161608851756562,钱局观V,2025-05-01 21:41,上海,RedV,0.0028
5161959587056923,5161975084486132,侠家军-背着篓筐去旅行,2025-05-02 21:57,河南,Regular,0.0497
5161256672035551,5161382237176181,小散首领,2025-05-01 06:41,河南,YellowV,0.0306
5161381989712804,5161382057869439,山西反邪教,2025-05-01 06:40,,BlueV,0.0341
5161484405446721,5161542015781487,莱嘉亿菜,2025-05-01 17:16,海南,YellowV,0.0016
5161024542212527,5161541444832119,不可用的名字千千万,2025-05-01 17:14,北京,Regular,0.5885
5161514017492592,5161528581164000,受害人毛秀红,2025-05-01 16:22,河北,Regular,0.0069
5161919662261231,5161959876201479,Herbiewu,2025-05-02 20:56,福建,GoldV,0.0293
5161959701091264,5161959801230711,心界8321,2025-05-02 20:56,安徽,Regular,0.0359
5161838224606347,5161929204829883,茶色文章,2025-05-02 18:54,上海,YellowV,0.4025
5161568564154860,5161623824109360,成善银看点,2025-05-01 22:41,重庆,Regular,0.0352
5161625796217908,5161928984891521,山西永济反邪教,2025-05-02 18:53,,BlueV,0.5885
5164164856943122,5164169730203528,姚忠震,2025-05-08 23:17,广东,RedV,0.0195
5161381989712804,5161928625487990,山西永济反邪教,2025-05-02 18:52,,BlueV,0.5885
5161444800202821,5161623652663552,William_26578,2025-05-01 22:40,甘肃,Regular,0.4376
5160657718085849,5161302854992214,ANNE香港安妮,2025-05-01 01:25,中国香港,YellowV,0.0168
5161770039377942,5161974573044585,小小浣焸,2025-05-02 21:55,青海,Regular,0.0005
5161484405446721,5161503011374011,财财四哥,2025-05-01 14:41,浙江,YellowV,0.0289
5161196446027624,5161503004819941,黑神话_X逵,2025-05-01 14:41,北京,YellowV,0.5885
5165978884246044,5165979308658801,浔阳街头,2025-05-13 23:08,广东,Regular,0.0956
5161894010425864,5161959573947857,中庸的胡儒生,2025-05-02 20:55,福建,Regular,0.5885
5160739506226352,5161313974354192,lydiacat1023,2025-05-01 02:10,广东,Regular,0.5885
5161231006567754,5161427820612968,用户6356145300,2025-05-01 09:42,江苏,Regular,0.5885
5161154269152191,5161915073432410,荞麦枕头最舒服,2025-05-02 17:58,黑龙江,YellowV,0.0007
5161494343320242,5161633938411037,倾听指尖,2025-05-01 23:21,浙江,RedV,0.0028
5161621677149000,5161623585817708,婺星视频,2025-05-01 22:40,浙江,YellowV,0.8762
5161900506877335,5161944382964647,领事闲谈,2025-05-02 19:55,河北,GoldV,0.6072
5161559836858251,5161944252679775,上善若水_Vincent,2025-05-02 19:54,广东,Regular,0.5885
5161622869116647,5161623476503806,雪落几回春,2025-05-01 22:39,安徽,Regular,0.0006
5161257902021417,5161302062270513,RORONOA_ZORO_V,2025-05-01 01:22,上海,Regular,0.5885
5162199375154587,5162355965824124,随便吧就这样了好吧,2025-05-03 23:10,河北,Regular,0.0004
5162199375154587,5162355878264933,再看山,2025-05-03 23:10,湖北,Regular,0.0927
5161961423637071,5162355798573841,多拉米Ameng,2025-05-03 23:09,广东,RedV,0.1335
5162199375154587,5162355764233067,名字太帅无法显示2025,2025-05-03 23:09,安徽,Regular,0.0072
5150560996557011,5161973826979657,贫苦农,2025-05-02 21:52,山东,Regular,0.5885
5161559094462674,5161608452250609,幸福的小嘿嘿哦,2025-05-01 21:40,安徽,Regular,0.1895
5165891651109423,5165978933794774,财瑞洒呀,2025-05-13 23:07,江苏,YellowV,0.8251
5161484405446721,5161502772302464,sunny09170917,2025-05-01 14:40,陕西,YellowV,0.3712
5161539028123772,5161539603532864,礼乐酒庄,2025-05-01 17:06,福建,Regular,0.0005
5161539028123772,5161539573121208,TMFUCK_672,2025-05-01 17:06,福建,Regular,0.0692
5161838268123122,5161928415777394,如皋老猫,2025-05-02 18:51,江苏,GoldV,0.0032
5165852832303724,5165978719624439,跳跃的虾滑,2025-05-13 23:06,四川,Regular,0.0051
5161539028123772,5161539485304429,小_小阿歆菌,2025-05-01 17:06,湖南,Regular,0.884
5161539028123772,5161539465643922,幸福的小嘿嘿哦,2025-05-01 17:06,安徽,Regular,0.8735
5161838268123122,5161927732364926,那么关注我名字干嘛,2025-05-02 18:48,山东,Regular,0.0058
5160794954141380,5161515176166870,受害人毛秀红,2025-05-01 15:29,河北,Regular,0.0216
5161502419981244,5161527864463163,波衣,2025-05-01 16:20,江西,Regular,0.0587
5161484405446721,5161527788965743,财源滚滚如长江,2025-05-01 16:19,浙江,YellowV,0.0154
5161922959509053,5161943891706379,國老1947二窗口,2025-05-02 19:53,北京,Regular,0.5885
5161838268123122,5161943889087586,冬咚咚冬锵-6,2025-05-02 19:53,浙江,YellowV,0.0244
5164161228606750,5164168430490146,雯熙她爸,2025-05-08 23:12,上海,Regular,0.0004
5161558921449939,5161633753334810,聆听幸福钟声_,2025-05-01 23:20,山东,Regular,0.5885
5161297214704166,5161300398178488,曦曦暖意,2025-05-01 01:16,广东,Regular,0.0068
5162352870695212,5162355415585569,大为网讯,2025-05-03 23:08,北京,BlueV,0.0198
5161484405446721,5161502298603532,金豆子啦,2025-05-01 14:38,河北,YellowV,0.0183
5165065577697016,5165978673746336,H45胡萝卜的好朋友12,2025-05-13 23:05,广西,Regular,0.912
5165958734027305,5165978381714418,跳跃的虾滑,2025-05-13 23:04,四川,Regular,0.0056
5161310149673597,5161312767181838,鄢行军,2025-05-01 02:05,福建,Regular,0.0328
5161310149673597,5161312766657535,陈沙9,2025-05-01 02:05,浙江,Regular,0.0007
5161310149673597,5161312762986876,zero94775,2025-05-01 02:05,浙江,Regular,0.0004
5161310149673597,5161312737558882,king-lft,2025-05-01 02:05,福建,Regular,0.027
5161310149673597,5161312734414782,蓝天蓝天蓝天蓝天蓝天百,2025-05-01 02:05,湖南,Regular,0.0063
5161310149673597,5161312734151467,救赎与放飞,2025-05-01 02:05,广东,Regular,0.0346
5161310149673597,5161312733364835,BIG-SAM-L,2025-05-01 02:05,福建,Regular,0.2029
5161310149673597,5161312732840147,萝莉牛X王,2025-05-01 02:05,福建,Regular,0.1453
5161310149673597,5161312733364261,wzy嘀嗒嘀嗒,2025-05-01 02:05,福建,Regular,0.0018
5161587519260998,5161589930723484,侠骨柔情的杨华,2025-05-01 20:26,上海,Regular,0.8085
5161439837818940,5161623225893610,祝您诸事皆顺,2025-05-01 22:38,浙江,RedV,0.9731
5161823826346374,5161943007759520,超侑治,2025-05-02 19:49,吉林,Regular,0.9813
5158154280110843,5161959147180201,传奇周期,2025-05-02 20:53,广东,Regular,0.1295
5161411345122359,5161456371764972,问一粟,2025-05-01 11:35,浙江,Regular,0.0869
5161310149673597,5161312729433527,胖等等0912,2025-05-01 02:05,福建,Regular,0.0108
5160509277212244,5161456267432824,用户7884824825,2025-05-01 11:35,云南,Regular,0.5885
5161310149673597,5161312732577972,fun丶小虎,2025-05-01 02:05,福建,Regular,0.0004
5161310149673597,5161312733626649,BlackDay9409,2025-05-01 02:05,福建,Regular,0.0093
5161310149673597,5161312733888687,解祥泽,2025-05-01 02:05,浙江,Regular,0.7937
5161310149673597,5161312734413224,时间煮雨YOU,2025-05-01 02:05,江苏,Regular,0.0005
5161310149673597,5161312733626432,今晚在家了,2025-05-01 02:05,福建,Regular,0.0153
5161516823221145,5161589720223996,财屹曜,2025-05-01 20:25,河北,YellowV,0.0027
5161870210368326,5161898305126784,kaola17571,2025-05-02 16:52,北京,Regular,0.0005
5161809703602415,5161898107210604,自律自省能力圈,2025-05-02 16:51,湖北,Regular,0.5885
5161588927499453,5161589377073165,酒乡酒话,2025-05-01 20:24,贵州,Regular,0.0005
5161151006249557,5161527137535072,投资绝技八招,2025-05-01 16:17,广东,Regular,0.5885
5161284418404365,5161287529532248,御风589,2025-05-01 00:25,加拿大,Regular,0.0154
5161773187990458,5161942248066046,江宇行舟,2025-05-02 19:46,北京,GoldV,0.0282
5160900906451106,5161298237851035,紫扬剑的微博,2025-05-01 01:07,江苏,Regular,0.0012
5161943778725875,5161972128549846,河北刘江宏,2025-05-02 21:45,山东,Regular,0.9913
5161964641979044,5161972074809572,赵亮,2025-05-02 21:45,山东,YellowV,0.1242
5161396691796659,5161426449334550,Steinmutter,2025-05-01 09:37,广东,Regular,0.0046
5161484405446721,5161501568533811,冰彬兵,2025-05-01 14:35,陕西,GoldV,0.0272
5161893858640554,5161897858959575,疯狂大象,2025-05-02 16:50,河南,RedV,0.0106
5161888456115945,5161897579514937,学佛人与股票,2025-05-02 16:49,安徽,Regular,0.0224
5165969628209053,5165977478628621,西红柿99688,2025-05-13 23:01,安徽,Regular,0.0071
5161170088756107,5161379570648447,迟夙生律师,2025-05-01 06:30,澳大利亚,GoldV,0.0379
5161484405446721,5161526407725813,太陽紀阋神星,2025-05-01 16:14,广西,RedV,0.1435
5161154269152191,5161286556190545,海太阳,2025-05-01 00:21,广东,BlueV,0.07
5154569405072724,5161575033079510,马少平,2025-05-01 19:27,北京,YellowV,0.0021
5161824815416965,5161913127275930,哇咔咔新,2025-05-02 17:50,安徽,Regular,0.0276
5161830175999010,5161913107087675,马丁观世相,2025-05-02 17:50,北京,Regular,0.0081
5161864158252716,5161869938001607,酒乡酒话,2025-05-02 14:59,贵州,Regular,0.0901
5161730423914725,5162354888675533,半山静水,2025-05-03 23:06,江西,RedV,0.0048
5161838268123122,5161869875087824,从-心-生-活,2025-05-02 14:59,山东,Regular,0.0532
5161821120497169,5161869690012137,水煎包12025,2025-05-02 14:58,河南,Regular,0.5885
5161569031558432,5161588696812028,You悠我沁,2025-05-01 20:21,福建,YellowV,0.0712
5161516823221145,5161588585139236,财小美美,2025-05-01 20:21,广东,YellowV,0.0006
5161377836565611,5161378328610029,櫻小盆友__elizabethkim,2025-05-01 06:25,广东,Regular,0.0047
5161377836565611,5161378328871630,骆驼祥子海底世界,2025-05-01 06:25,福建,Regular,0.0346
5161377836565611,5161378327823120,Izalith在烧烤,2025-05-01 06:25,江西,Regular,0.0047
5161377836565611,5161378327299583,梵羽默,2025-05-01 06:25,福建,Regular,0.0004
5161377836565611,5161378327823061,岁月11无痕,2025-05-01 06:25,浙江,Regular,0.0005
5161377836565611,5161378328609898,调皮小熊猫5,2025-05-01 06:25,福建,Regular,0.0006
5161377836565611,5161378328085210,公益服务中心,2025-05-01 06:25,福建,Regular,0.0071
5161774090028592,5161884719777067,博微维,2025-05-02 15:58,辽宁,Regular,0.1588
5161878766490186,5161884496695146,微博时事,2025-05-02 15:57,河北,BlueV,0.5
5161821120497169,5161884463400313,夏语冰96,2025-05-02 15:57,内蒙古,GoldV,0.0005
5161910895902767,5161912603247419,王言它,2025-05-02 17:48,北京,GoldV,0.1242
5161277979365302,5161285608019624,帐号暂停使用中,2025-05-01 00:17,广东,Regular,0.5885
5161919662261231,5161970980094792,伊洛牧,2025-05-02 21:40,上海,RedV,0.0094
5161968012890259,5161970812322864,绻影浮沙,2025-05-02 21:40,新疆,RedV,0.8134
5161872898917300,5161924295660540,冰激淋加薯条,2025-05-02 18:35,北京,Regular,0.0318
5158154280110843,5161940250789994,超级可爱美圈圈,2025-05-02 19:38,北京,Regular,0.5885
5161377836565611,5161378328347486,jeyfer风,2025-05-01 06:25,广东,Regular,0.0004
5161377836565611,5161378323890437,胖等等0912,2025-05-01 06:25,福建,Regular,0.0095
5161377836565611,5161378324415393,天星8_807,2025-05-01 06:25,福建,Regular,0.0096
5161377836565611,5161378323890957,大唐不夜城之后,2025-05-01 06:25,广东,Regular,0.0029
5161377836565611,5161378323629155,风雨之后才好呀,2025-05-01 06:25,湖南,Regular,0.0046
5161441867334282,5161455718240552,Izalith在烧烤,2025-05-01 11:33,江西,Regular,0.0387
5161377836565611,5161378323890908,动漫设计-520,2025-05-01 06:25,甘肃,Regular,0.006
5161377836565611,5161378324152911,桂冠诗人喝醉了,2025-05-01 06:25,福建,Regular,0.0009
5161377836565611,5161378324152941,止水浮身,2025-05-01 06:25,山东,Regular,0.0367
5161377836565611,5161378324153100,解祥泽,2025-05-01 06:25,浙江,Regular,0.0413
5161377836565611,5161378324416391,yl2378213266,2025-05-01 06:25,广东,Regular,0.2225
5161517218008104,5161525682639054,辣叶摧秋,2025-05-01 16:11,浙江,YellowV,0.1888
5160809500509717,5161622395683783,镜月湖上的长征五号,2025-05-01 22:35,安徽,Regular,0.4846
5161595446235163,5161957343887751,晶陆001,2025-05-02 20:46,上海,YellowV,0.0159
5158154280110843,5161957263675475,自晶君,2025-05-02 20:46,日本,Regular,0.9574
5161940390512449,5161956948841391,战国天晓得,2025-05-02 20:45,安徽,Regular,0.6301
5164164856943122,5164166495078621,busy上月,2025-05-08 23:05,山东,Regular,0.1479
5161516823221145,5161574100632482,律风吟韵,2025-05-01 19:23,江西,RedV,0.0213
5161622234727677,5161631856985498,发疯小日常-,2025-05-01 23:13,浙江,Regular,0.5885
5161156273504835,5161631543203015,奚正仁的小屋,2025-05-01 23:12,辽宁,Regular,0.5885
5161824275926126,5161970365894718,南昌熊明,2025-05-02 21:38,江西,YellowV,0.3813
5160135623444614,5161425089860430,亦幻世界,2025-05-01 09:31,上海,Regular,0.5885
5161838268123122,5161869247256458,财运又到了,2025-05-02 14:56,广西,Regular,0.0009
5161812228313221,5161839169373553,小小浣焸,2025-05-02 12:57,青海,Regular,0.0039
5161751481942903,5161824517620514,旺旺-菜妈带娃,2025-05-02 11:58,山东,YellowV,0.0024
5161377836565611,5161378324939595,热火的鱼_836,2025-05-01 06:25,福建,Regular,0.0158
5161377836565611,5161378324939946,潇洒313,2025-05-01 06:25,浙江,Regular,0.0015
5161631102010400,5161940179747180,晓懿松妍,2025-05-02 19:38,江苏,Regular,0.3771
5161377836565611,5161378327822412,东北特产正宗,2025-05-01 06:25,湖南,Regular,0.0082
5161377836565611,5161378327822455,晚霞映花绽放,2025-05-01 06:25,重庆,Regular,0.0071
5161377836565611,5161378324415583,嘻嘻哈哈汪二二,2025-05-01 06:25,广东,Regular,0.0245
5161631102010400,5161940088001146,仰头吃甜甜2462840787,2025-05-02 19:38,山西,Regular,0.057
5161377836565611,5161378324940024,春月恋歌jm,2025-05-01 06:25,江苏,Regular,0.0025
5161484405446721,5161499215532303,忘谱休琴,2025-05-01 14:26,宁夏,YellowV,0.0937
5161377836565611,5161378324416301,莫其少年,2025-05-01 06:25,河南,Regular,0.0597
5161631102010400,5161940074893574,a散了一地,2025-05-02 19:38,广东,Regular,0.0027
5161377836565611,5161378324677076,南波万小怪兽619,2025-05-01 06:25,福建,Regular,0.0079
5161631102010400,5161940071744288,关于滑是哛,2025-05-02 19:37,广西,Regular,0.0008
5161631102010400,5161940059426901,夕阳不会落下_,2025-05-02 19:37,吉林,Regular,0.0436
5161631102010400,5161940059425679,活力WILLEM,2025-05-02 19:37,安徽,Regular,0.2212
5161933876498321,5161940025347132,鄢行军,2025-05-02 19:37,福建,Regular,0.0785
5161484405446721,5161525614740267,Leowymmc,2025-05-01 16:11,河北,RedV,0.0098
5161495231991741,5161525594818245,歌乐行者,2025-05-01 16:11,重庆,YellowV,0.0571
5161859755278697,5161884021949424,老王谈改革,2025-05-02 15:55,广东,GoldV,0.0136
5161816260348380,5161884005700826,财来-阳光满屋2012,2025-05-02 15:55,江苏,Regular,0.1494
5158577405170352,5161883921286060,CHINA950819615,2025-05-02 15:54,辽宁,Regular,0.5885
5161484405446721,5161573870993935,热血御宅族,2025-05-01 19:22,福建,Regular,0.0134
5161840300787233,5161853740651051,疯狂大象,2025-05-02 13:54,河南,RedV,0.4302
5161440059854499,5161573740188677,莫兆聪,2025-05-01 19:22,广东,Regular,0.0013
5161050720174251,5161284135819017,像我这样的朋友best,2025-05-01 00:11,海南,Regular,0.5885
5161048446602070,5161284044854251,楼彧,2025-05-01 00:11,湖南,Regular,0.1242
5161930747545943,5161970233512725,小小浣焸,2025-05-02 21:37,青海,Regular,0.0008
5161900077747216,5161969705030430,南昌熊明,2025-05-02 21:35,江西,YellowV,0.179
5161756716698016,5161922795668861,李爷无为,2025-05-02 18:29,河南,GoldV,0.0107
5161751481942903,5161824286933643,高原视频,2025-05-02 11:57,四川,Regular,0.0547
5161933876498321,5161939995200881,櫻小盆友__elizabethkim,2025-05-02 19:37,广东,Regular,0.077
5161756487319755,5161794369488156,风吟听竹,2025-05-02 09:59,浙江,RedV,0.0508
5160675094824044,5161455428045210,南无阿拉乎阿门吧,2025-05-01 11:32,北京,Regular,0.4274
5161933876498321,5161939991008336,HUOL1ANG,2025-05-02 19:37,福建,Regular,0.9819
5161933876498321,5161939992314617,小小心心大大梦,2025-05-02 19:37,福建,Regular,0.0568
5161246328626238,5161455315058840,JaneXU10,2025-05-01 11:31,上海,Regular,0.0076
5161429130019940,5161939940936368,提河的微博,2025-05-02 19:37,浙江,Regular,0.1068
5161026934278356,5161377606926994,主播的项链,2025-05-01 06:22,河北,Regular,0.4413
5158154280110843,5161939844205347,W是最稳固啦,2025-05-02 19:37,上海,Regular,0.9871
5161631102010400,5161939824021344,ADC邱先生,2025-05-02 19:37,福建,Regular,0.002
5161631102010400,5161939819301170,冒纳凯阿,2025-05-02 19:37,山东,Regular,0.0042
5161631102010400,5161939819566373,默默守护的人6,2025-05-02 19:37,福建,Regular,0.0453
5161631102010400,5161939820614754,小_小阿歆菌,2025-05-02 19:37,湖南,Regular,0.0022
5161774090028592,5161883540390556,选择小C,2025-05-02 15:53,广东,Regular,0.5885
5161838268123122,5161883331726970,扎紧你的篱笆,2025-05-02 15:52,山东,YellowV,0.1347
5161618070569645,5161622093698135,受害人毛秀红,2025-05-01 22:34,河北,Regular,0.0071
5161511502484305,5161525371994339,歌乐行者,2025-05-01 16:10,重庆,YellowV,0.2835
5161161827288074,5161910718960491,棠漓花落,2025-05-02 17:41,湖南,YellowV,0.0004
5161761608566955,5161809381954089,蝶兰博科,2025-05-02 10:58,河南,Regular,0.0151
5161945611374978,5161969674097831,小小浣焸,2025-05-02 21:35,青海,Regular,0.0548
5161964641979044,5161969200925085,赵亮,2025-05-02 21:33,山东,YellowV,0.0547
5161791453924231,5161853097611311,小小浣焸,2025-05-02 13:52,青海,Regular,0.025
5161396371197162,5161779295684100,kkxl789,2025-05-02 08:59,山西,Regular,0.5885
5161769111914477,5161779080466017,朱理明-中医肿瘤君,2025-05-02 08:58,广东,YellowV,0.0005
5161751072474914,5161779031444586,Fiona_2020,2025-05-02 08:58,浙江,Regular,0.0415
5161837570557682,5161896772636764,迷可M,2025-05-02 16:45,北京,Regular,0.0007
5161798135190656,5161823973148329,瘦石H,2025-05-02 11:56,山东,Regular,0.0368
5161376877641818,5161377232585679,sun青8,2025-05-01 06:21,广东,Regular,0.0082
5161645991788775,5161896663585401,Shf高夫,2025-05-02 16:45,吉林,Regular,0.0083
5161631102010400,5161939824280001,梵羽默,2025-05-02 19:37,福建,Regular,0.0005
5161376877641818,5161377230226118,时间煮雨YOU,2025-05-01 06:21,江苏,Regular,0.0594
5161751481942903,5161823896864597,麦区山佳,2025-05-02 11:56,河南,YellowV,0.0051
5161631102010400,5161939819561978,你我陪伴_56444,2025-05-02 19:36,福建,Regular,0.0157
5161376877641818,5161377229702545,BIG-SAM-L,2025-05-01 06:21,福建,Regular,0.0662
5161631102010400,5161939819561135,櫻小盆友__elizabethkim,2025-05-02 19:36,广东,Regular,0.0496
5161376877641818,5161377229439441,wzy嘀嗒嘀嗒,2025-05-01 06:21,福建,Regular,0.2564
5161631102010400,5161939819299498,鲜蘑咖啡,2025-05-02 19:36,广东,Regular,0.0301
5161376877641818,5161377229177215,king-lft,2025-05-01 06:21,福建,Regular,0.0286
5161631102010400,5161939819299079,jeyfer风,2025-05-02 19:36,广东,Regular,0.1476
5161631102010400,5161939819037966,陈大爷_21364,2025-05-02 19:36,福建,Regular,0.0015
5161631102010400,5161939815107682,蜗牛biubiu,2025-05-02 19:36,福建,Regular,0.189
5161631102010400,5161939814582171,Alan的孤单,2025-05-02 19:36,福建,Regular,0.0005
5161631102010400,5161939814842427,美是一种艺术人生,2025-05-02 19:36,江西,Regular,0.0074
5161631102010400,5161939811961844,今晚在家了,2025-05-02 19:36,福建,Regular,0.0912
5161417935686417,5161794159248100,ZJHtakayama373,2025-05-02 09:58,上海,Regular,0.0071
5161830767135403,5161882872713140,忧乐思齐,2025-05-02 15:50,江苏,Regular,0.9891
5161859755278697,5161882823688981,圆兔公众号,2025-05-02 15:50,广东,Regular,0.2116
5161907703513476,5161909843919384,琅琊酒客,2025-05-02 17:37,山东,Regular,0.1812
5161514872867876,5161525188232632,寂静小路夜风轻抚7,2025-05-01 16:09,四川,Regular,0.0005
5161484405446721,5161525099104287,牛市sky,2025-05-01 16:09,北京,GoldV,0.0353
5161769111914477,5161779001035118,西坡浪子,2025-05-02 08:57,河南,Regular,0.0005
5161888456115945,5161955963967145,牛华勇,2025-05-02 20:41,北京,RedV,0.7233
5161058899067106,5161282869397193,泽维尔天赋青少年学院-保安-丞叽,2025-05-01 00:06,辽宁,RedV,0.0035
5161768432962743,5161778969051525,嗨来吧来吧努力奋斗吧,2025-05-02 08:57,四川,Regular,0.2154
5161625796217908,5161955841282675,山西翼城反邪教,2025-05-02 20:40,,BlueV,0.0037
5161631102010400,5161939815630384,绝对疯狂a,2025-05-02 19:36,山东,Regular,0.0066
5161631102010400,5161939815891018,海边沙滩度假风,2025-05-02 19:36,江西,Regular,0.0204
5161095066027214,5161497504253450,WSHWQ2787922199望舒琬清,2025-05-01 14:19,四川,Regular,0.1063
5161631102010400,5161939815367143,搖擺尐青姩,2025-05-02 19:36,湖南,Regular,0.0061
5161631102010400,5161939811961266,xl1314215,2025-05-02 19:36,福建,Regular,0.0057
5161894010425864,5161939581277005,生于春天快递员的相亲故事,2025-05-02 19:36,福建,Regular,0.0006
5161838268123122,5161895896027592,波衣,2025-05-02 16:42,江西,Regular,0.0106
5161768939159791,5161823427104638,第一球迷胖哥,2025-05-02 11:54,福建,GoldV,0.9152
5161213281442120,5161794013233864,RobertChow周融,2025-05-02 09:57,中国香港,YellowV,0.0013
5161376877641818,5161377228915742,L松松S,2025-05-01 06:21,山东,Regular,0.8853
5161376877641818,5161377228391584,曾经心痛过之后,2025-05-01 06:21,广东,Regular,0.149
5161376877641818,5161377229963627,解祥泽,2025-05-01 06:21,浙江,Regular,0.8684
5161376877641818,5161377229701452,潇洒313,2025-05-01 06:21,浙江,Regular,0.8816
5161190641370754,5161793773110035,周天慧VanessaChow,2025-05-02 09:56,中国香港,YellowV,0.6838
5161440369446659,5161454429015001,章简简,2025-05-01 11:28,江西,Regular,0.0057
5161376877641818,5161377228390970,fun丶小虎,2025-05-01 06:21,福建,Regular,0.0196
5161440369446659,5161454417478188,小鱼儿呼啦啦,2025-05-01 11:28,安徽,Regular,0.0253
5161457240773679,5161572922300057,金陵郭健,2025-05-01 19:19,江苏,YellowV,0.1357
5161634452477631,5161763397959742,331国道东北段,2025-05-02 07:55,黑龙江,Regular,0.5885
5161241543443752,5161376801357946,笑着寻梦,2025-05-01 06:19,浙江,YellowV,0.0326
5161643149100459,5161763164389891,财二环,2025-05-02 07:55,北京,YellowV,0.0036
5161859755278697,5161921335527755,用户26oheqbqh8,2025-05-02 18:23,福建,Regular,0.0533
5161161827288074,5161921210483378,老田飞砖,2025-05-02 18:23,湖北,YellowV,0.0168
5161808658960984,5161808769582495,半导体投资联盟,2025-05-02 10:56,湖北,BlueV,0.0391
5161245512043710,5161496573642493,邵宛誉的视窗,2025-05-01 14:15,日本,Regular,0.1242
5158154280110843,5161939407736076,财联社APP,2025-05-02 19:35,,Regular,0.2619
5161940390512449,5161955127988243,金陵郭健,2025-05-02 20:37,江苏,YellowV,0.0349
5161891563310918,5161895090718045,微博时事,2025-05-02 16:39,北京,BlueV,0.5
5161297214704166,5161703666877623,一碗无量,2025-05-02 03:58,河北,Regular,0.5885
5161610885989281,5161822954195796,当下即是全部111,2025-05-02 11:52,天津,Regular,0.0033
5161699130213556,5161701415583800,Sh周伯通17,2025-05-02 03:49,上海,Regular,0.005
5161634452477631,5161701259347079,万紫千红的红_15,2025-05-02 03:49,湖北,Regular,0.0357
5161634452477631,5161700615258297,都是保守派的错,2025-05-02 03:46,美国,Regular,0.5594
5161516283200658,5161763105670651,南方与远方,2025-05-02 07:54,浙江,Regular,0.0717
5161907703513476,5161908693371476,种花家的小小园丁,2025-05-02 17:33,山东,Regular,0.0127
5161610650326131,5161908580911227,我是蛋蛋啊啊啊啊,2025-05-02 17:32,广东,Regular,0.5885
5161440369446659,5161454411978045,公益服务中心,2025-05-01 11:28,福建,Regular,0.0165
5161751481942903,5161793233093788,财微笑wx_,2025-05-02 09:54,浙江,Regular,0.4177
5161440369446659,5161454412500670,喜欢吃包子的小怪兽,2025-05-01 11:28,广东,Regular,0.0468
5161245512043710,5161376055297080,野樵865,2025-05-01 06:16,陕西,Regular,0.2382
5161440369446659,5161454413023784,南波万小怪兽619,2025-05-01 11:28,福建,Regular,0.6082
5161440369446659,5161454413287373,sun青8,2025-05-01 11:28,广东,Regular,0.049
5161440369446659,5161454413811742,BIG-SAM-L,2025-05-01 11:28,福建,Regular,0.1916
5161484405446721,5161524319487143,路一章,2025-05-01 16:05,广东,YellowV,0.0379
5161440369446659,5161454413813883,蔡文级音乐,2025-05-01 11:28,福建,Regular,0.0549
5161440369446659,5161454413284482,紫陌流鸢,2025-05-01 11:28,江西,Regular,0.001
5161440369446659,5161454412759904,gogo糖果-,2025-05-01 11:28,福建,Regular,0.0053
5161633786890234,5161687306207498,美奈奈叁柒,2025-05-02 02:53,浙江,Regular,0.0092
5159636693420997,5161731785753072,北极星圣人,2025-05-02 05:50,山东,Regular,0.0069
5161439837818940,5161496187241855,朱定祎,2025-05-01 14:14,安徽,YellowV,0.0978
5161645991788775,5161731610378358,六月的清晨YY,2025-05-02 05:49,辽宁,Regular,0.0004
5160709521933587,5161778397055076,天然智能--拔叔,2025-05-02 08:55,新疆,Regular,0.0022
5161776191899035,5161778397316365,酒乡酒话,2025-05-02 08:55,贵州,Regular,0.1128
5161577306655273,5161714766053459,岑喵喵咪,2025-05-02 04:42,浙江,Regular,0.5885
5161907703513476,5161908388498007,哈哈姐姐的姐姐,2025-05-02 17:32,山东,Regular,0.0358
5161745259169854,5161748520765239,后厂村路见闻,2025-05-02 06:56,河北,Regular,0.0047
5161751481942903,5161822785373390,财哼亨,2025-05-02 11:51,广东,YellowV,0.0067
5148849124671619,5161908270271123,星如雨V1,2025-05-02 17:31,广东,Regular,0.9802
5161644124537998,5161748463091994,科学未来人,2025-05-02 06:56,安徽,GoldV,0.8056
5161409143900810,5161454345913072,凉凉画意,2025-05-01 11:27,江苏,Regular,0.4447
5161440369446659,5161454240011502,奶油冰淇淋加辣,2025-05-01 11:27,广东,Regular,0.0063
5160408709861122,5161523828491480,北京鲁戈,2025-05-01 16:03,北京,RedV,0.5885
5161440369446659,5161454240531162,璀星闪耀,2025-05-01 11:27,福建,Regular,0.0606
5161450595163428,5161523823777262,歌乐行者,2025-05-01 16:03,重庆,YellowV,0.3871
5161780699728700,5161793139771212,夸克零,2025-05-02 09:54,广东,Regular,0.0034
5161024542212527,5161685397274836,程白颖-smiling,2025-05-02 02:46,陕西,YellowV,0.8425
5151813612081495,5161422750746031,静水深流-闫平,2025-05-01 09:22,辽宁,Regular,0.0188
5161730423914725,5161953979534317,老县城李刚,2025-05-02 20:33,陕西,RedV,0.1242
5161751481942903,5161808415690061,幸运努力版挖机,2025-05-02 10:54,北京,Regular,0.1594
5161751481942903,5161808365881901,默默大黄猫,2025-05-02 10:54,四川,Regular,0.0661
5161776191899035,5161778113414578,高原上的大姐,2025-05-02 08:54,贵州,Regular,0.0221
5161571543682954,5161730721448421,成善银看点,2025-05-02 05:46,重庆,Regular,0.0634
5161917573759222,5161938753948015,財娃娃向前冲,2025-05-02 19:32,广东,Regular,0.0048
5161809447224090,5161822530833519,有人就有是非,2025-05-02 11:50,广东,Regular,0.5885
5161930513449092,5161938729304695,小小浣焸,2025-05-02 19:32,青海,Regular,0.2498
5161592066149187,5161822403695514,yyli,2025-05-02 11:50,湖北,Regular,0.0438
5160819923616416,5161762345190111,大份奶糖沙冰,2025-05-02 07:51,重庆,Regular,0.5885
5161843497112662,5161850207732819,小小浣焸,2025-05-02 13:40,青海,Regular,0.0005
5161859755278697,5161907800245927,鼠鼠的三楼实验室,2025-05-02 17:29,上海,Regular,0.009
5161610650326131,5161697326924644,风请别再吹2020,2025-05-02 03:33,贵州,Regular,0.1242
5161634452477631,5161697288389293,萃取123,2025-05-02 03:33,河北,Regular,0.0005
5161458736562869,5161523697684290,歌乐行者,2025-05-01 16:03,重庆,YellowV,0.3137
5161060379394791,5161281976010746,沈烜华,2025-05-01 00:02,江苏,Regular,0.5885
5161916670937445,5161919510221546,舞舞则天,2025-05-02 18:16,福建,Regular,0.0174
5161634452477631,5161683740787841,王冰汝,2025-05-02 02:39,美国,RedV,0.6528
5161519168881270,5161683672891536,谎言构造的世界,2025-05-02 02:39,北京,Regular,0.5946
5161633786890234,5161683325551718,今日俄罗斯RT,2025-05-02 02:37,,BlueV,0.5889
5156467012798550,5161374722032666,陈聆畅,2025-05-01 06:11,天津,Regular,0.9915
5161416193480440,5161492786708914,受害人毛秀红,2025-05-01 14:00,河北,Regular,0.0281
5161373734535498,5161374499733575,-阿逺-,2025-05-01 06:10,广东,Regular,0.7443
5161373734535498,5161374482432753,岁月11无痕,2025-05-01 06:10,浙江,Regular,0.0044
5161430919679055,5161454098974034,BIG-SAM-L,2025-05-01 11:26,福建,Regular,0.0467
5161373734535498,5161374476927843,胖等等0912,2025-05-01 06:10,福建,Regular,0.3281
5161430919679055,5161454097925396,岁月11无痕,2025-05-01 11:26,浙江,Regular,0.0072
5161373734535498,5161374476928142,嘻嘻哈哈汪二二,2025-05-01 06:10,广东,Regular,0.0154
5161430919679055,5161454097400975,JIE-HUAN,2025-05-01 11:26,浙江,Regular,0.0026
5161373734535498,5161374477452131,潇洒313,2025-05-01 06:10,浙江,Regular,0.154
5161430919679055,5161454093469789,小伟会吃糖,2025-05-01 11:26,江西,Regular,0.0036
5161430919679055,5161454093210846,今晚在家了,2025-05-01 11:26,福建,Regular,0.013
5161430919679055,5161454093210021,wzy嘀嗒嘀嗒,2025-05-01 11:26,福建,Regular,0.0132
5161588063997026,5161707425497528,金明池畔的笑声,2025-05-02 04:13,河南,Regular,0.0015
5161759154636198,5161777856514529,风吟听竹,2025-05-02 08:53,浙江,RedV,0.0285
5161751481942903,5161808206500262,qhd心海拾贝,2025-05-02 10:54,河北,YellowV,0.0047
5161444800202821,5161777637623936,邓林子乐,2025-05-02 08:52,辽宁,Regular,0.033
5158154280110843,5161952935936609,纳米子,2025-05-02 20:29,浙江,Regular,0.9641
5161751481942903,5161822060024248,财大婶子,2025-05-02 11:49,江苏,Regular,0.0005
5161680271049370,5161693386637399,博看博听,2025-05-02 03:17,广东,Regular,0.5885
5160771638005032,5161281758431873,黑手坦然,2025-05-01 00:02,黑龙江,Regular,0.5885
5157906535419007,5161907306367522,用户mcbcbebbi4,2025-05-02 17:27,山东,Regular,0.0635
5161768016151638,5161849922523423,友爱潮品,2025-05-02 13:39,四川,Regular,0.9283
5161644124537998,5161893178114816,山水zwp,2025-05-02 16:31,上海,Regular,0.5885
5161198384842197,5161761955907943,条背萤123,2025-05-02 07:50,广东,Regular,0.3854
5161791915557030,5161792272859893,小蔡一鲽,2025-05-02 09:50,福建,Regular,0.2244
5161653776679613,5161681518592687,i-Peace,2025-05-02 02:30,海南,Regular,0.5885
5161373734535498,5161374477713921,解祥泽,2025-05-01 06:10,浙江,Regular,0.4382
5161373734535498,5161374477713876,今晚在家了,2025-05-01 06:10,福建,Regular,0.0293
5161373734535498,5161374477714131,侯金龍Sleeping,2025-05-01 06:10,浙江,Regular,0.261
5161373734535498,5161374478238729,救赎与放飞,2025-05-01 06:10,广东,Regular,0.0263
5161432421503569,5161453829492207,蔡文级音乐,2025-05-01 11:25,福建,Regular,0.0282
5161373734535498,5161374478238869,L松松S,2025-05-01 06:10,山东,Regular,0.9809
5161373734535498,5161374477975573,wzy嘀嗒嘀嗒,2025-05-01 06:10,福建,Regular,0.1028
5161373734535498,5161374474306493,JIE-HUAN,2025-05-01 06:10,浙江,Regular,0.0186
5160709521933587,5161777402742111,天然智能--拔叔,2025-05-02 08:51,新疆,Regular,0.0077
5161819451425073,5161821959621374,方之夫,2025-05-02 11:48,上海,GoldV,0.0518
5160077523158061,5161728972685319,北极星圣人,2025-05-02 05:39,山东,Regular,0.0256
5101769604729021,5161821750956350,李芸汐A_Grant_Lee,2025-05-02 11:47,北京,Regular,0.6504
5161922959509053,5161966144065968,小小浣焸,2025-05-02 21:21,青海,Regular,0.026
5161905782786992,5161906642358012,微博时事,2025-05-02 17:25,北京,BlueV,0.5
5153138065278907,5161726904893507,老巴SMS,2025-05-02 05:30,江苏,YellowV,0.3641
5161502723804332,5161746634899855,财又又-,2025-05-02 06:49,江苏,YellowV,0.7515
5161859755278697,5161906399611841,海平数据,2025-05-02 17:24,北京,YellowV,0.0361
5161767711542064,5161892986489402,混石研究,2025-05-02 16:30,江西,Regular,0.0402
5161652144835928,5161657341054468,东方之音v,2025-05-02 00:54,陕西,Regular,0.0251
5148849124671619,5161892935894494,小散不能二,2025-05-02 16:30,福建,Regular,0.5885
5161693589012539,5161849411342695,博看博听,2025-05-02 13:37,广东,Regular,0.5885
5161794219279113,5161849093099116,林泰前,2025-05-02 13:36,新加坡,Regular,0.1242
5161286598132138,5161670231722282,北京鲁戈,2025-05-02 01:45,北京,RedV,0.1242
5161838268123122,5161918533472477,忘谱休琴,2025-05-02 18:12,宁夏,YellowV,0.4738
5161258917041536,5161373865083400,榕泰166,2025-05-01 06:08,陕西,Regular,0.03
5161838268123122,5161917812840432,小李飞飞飞飞四刀,2025-05-02 18:09,上海,Regular,0.0705
5161859755278697,5161917790552801,用户7884824825,2025-05-02 18:09,云南,Regular,0.5885
5161472360186867,5161777164452601,徐松岩教授,2025-05-02 08:50,重庆,YellowV,0.005
5161680271049370,5161680365158826,睡眠不足的树袋熊,2025-05-02 02:26,山东,Regular,0.0302
5161838268123122,5161951232526531,颐夏清竹,2025-05-02 20:22,江苏,Regular,0.0012
5161622423732556,5161746247713369,郑克强,2025-05-02 06:47,江西,GoldV,0.0035
5161656804181705,5161656934729144,睡眠不足的树袋熊,2025-05-02 00:52,山东,Regular,0.0093
5161791453924231,5161892814785869,秀财姐姐,2025-05-02 16:30,浙江,RedV,0.1512
5161794046005568,5161821694856299,微博时事,2025-05-02 11:47,河北,BlueV,0.4667
5161597090400523,5161807694269746,陳偉andy香港,2025-05-02 10:51,中国香港,YellowV,0.5885
5161597090400523,5161807645246857,娛樂圈新聞速遞,2025-05-02 10:51,中国香港,YellowV,0.0581
5161648605628166,5161668267215337,山高县2020,2025-05-02 01:37,辽宁,GoldV,0.0007
5161769111914477,5161848841702903,蜀中绣女,2025-05-02 13:35,四川,Regular,0.0004
5162199375154587,5162338055358676,厚济天下,2025-05-03 21:59,江西,RedV,0.0592
5161645991788775,5161791463886809,腊月初柒七,2025-05-02 09:47,湖北,Regular,0.0005
5161654736652934,5161679524725101,梦小音Shione,2025-05-02 02:22,福建,YellowV,0.0272
5161387593041830,5161421105531743,莱嘉亿菜,2025-05-01 09:15,海南,YellowV,0.9855
5161805936854117,5161821455779580,娱圈评論员,2025-05-02 11:46,安徽,Regular,0.0491
5161751481942903,5161821385262260,Leowymmc,2025-05-02 11:46,河北,RedV,0.0339
5161797842373441,5161821281193581,我是一颗小小的石头88,2025-05-02 11:45,云南,Regular,0.0168
5161751481942903,5161807551398815,莱嘉亿菜,2025-05-02 10:51,海南,YellowV,0.0448
5161838268123122,5161938238049150,红象鼻,2025-05-02 19:30,广西,Regular,0.0349
5162138578978045,5162337816550909,几个中子,2025-05-03 21:58,北京,Regular,0.5885
5161410582808929,5161452580110573,溪行的风,2025-05-01 11:20,湖北,Regular,0.0093
5161484405446721,5161678179402278,你算哪块小饼饼啊,2025-05-02 02:17,广东,Regular,0.5885
5161751072474914,5161791387075742,才-HR迎迎,2025-05-02 09:47,贵州,YellowV,0.4762
5161502723804332,5161745082221538,老老老黄牛,2025-05-02 06:43,广东,Regular,0.6201
5161676655558903,5161821012759045,方之夫,2025-05-02 11:44,上海,GoldV,0.0107
5161940138066023,5161965240978097,小小浣焸,2025-05-02 21:18,青海,Regular,0.0107
5161812808175383,5161820776306501,猪猪的miumiu,2025-05-02 11:43,上海,Regular,0.0611
5161384883782380,5161847784211554,任航2024,2025-05-02 13:31,陕西,Regular,0.7197
5161830767135403,5161847574760317,来财啵啵大吉,2025-05-02 13:30,广东,Regular,0.9908
5161751481942903,5161820675375259,才小桃本桃,2025-05-02 11:43,河南,RedV,0.0005
5161634452477631,5161719475208666,船山学宫,2025-05-02 05:01,湖南,Regular,0.5885
5161816260348380,5161937588193798,楊培安RogerYang,2025-05-02 19:28,中国台湾,YellowV,0.6157
5161837570557682,5161965053548921,嘉善老顾,2025-05-02 21:17,浙江,YellowV,0.0906
5161753924077165,5161760227066222,小散首领,2025-05-02 07:43,河南,YellowV,0.0067
5161516823221145,5161664333480973,不玩网不参与纷争,2025-05-02 01:22,广东,Regular,0.5885
5161751481942903,5161807136424840,财凌宝,2025-05-02 10:49,福建,RedV,0.0005
5161133174948562,5161663717966644,红蓝书屋,2025-05-02 01:19,北京,Regular,0.5885
5161751481942903,5161806856979266,财美丽1,2025-05-02 10:48,山东,RedV,0.025
5161417935686417,5161790905780985,KrisFish去看南京照相馆,2025-05-02 09:45,美国,GoldV,0.5885
5161751481942903,5161790855449228,才-HR迎迎,2025-05-02 09:45,贵州,YellowV,0.6731
5161961423637071,5162232465067054,财多有,2025-05-03 14:59,安徽,Regular,0.1761
5162222096745572,5162290697996006,用户Mr立早,2025-05-03 18:51,天津,Regular,0.0008
5161802636726135,5161847222702985,小小浣焸,2025-05-02 13:29,青海,Regular,0.0005
5161417935686417,5161676547031803,金珠豆皮,2025-05-02 02:10,德国,Regular,0.0055
5162122088024244,5162290220894388,秦客shin,2025-05-03 18:49,浙江,Regular,0.5885
5161917573759222,5161949248881379,大新abc,2025-05-02 20:14,浙江,Regular,0.0526
5161620386349493,5161674987799756,九夕十口一,2025-05-02 02:04,广东,Regular,0.5885
5159053279628332,5162277206229071,cheeryear818,2025-05-03 17:57,江苏,Regular,0.5885
5162275029385304,5162277146722520,新西兰冷百科孙小社,2025-05-03 17:57,日本,GoldV,0.0267
5155255081239229,5162277138335623,农机老人,2025-05-03 17:57,安徽,Regular,0.9991
5161769111914477,5162261874216866,未来and美好,2025-05-03 16:56,辽宁,Regular,0.5885
5161977656117986,5162261720336965,潮丶流你来定,2025-05-03 16:56,重庆,Regular,0.0548
5162188780867156,5162261505380758,麻伊卡,2025-05-03 16:55,山东,Regular,0.0166
5161429130019940,5161776023340976,minnie_71,2025-05-02 08:46,广东,Regular,0.5885
5161502723804332,5162246193547448,四度痴岁-大同何,2025-05-03 15:54,湖南,Regular,0.5281
5161948628125928,5161964696769411,小小浣焸,2025-05-02 21:15,青海,Regular,0.0021
5161530372395326,5161775877065556,财骆驼,2025-05-02 08:45,山东,Regular,0.0117
5161730423914725,5161759476548142,长安卧龙V,2025-05-02 07:40,陕西,RedV,0.0005
5160913918232606,5161936631893686,奔六,2025-05-02 19:24,北京,RedV,0.002
5161751481942903,5161820142701235,菜芙仔,2025-05-02 11:41,福建,YellowV,0.0005
5161792395018859,5161806779908544,瘦石H,2025-05-02 10:48,山东,Regular,0.4948
5161297214704166,5161450524640965,东坡五花腩,2025-05-01 11:12,广东,Regular,0.1508
5161444800202821,5161450502888052,笑着寻梦,2025-05-01 11:12,浙江,YellowV,0.9704
5162122088024244,5162289347954997,迦陵频珈,2025-05-03 18:45,北京,Regular,0.5
5162281571713330,5162289101280136,成善银看点,2025-05-03 18:44,重庆,Regular,0.3002
5160802362329749,5161846849406487,飞蠓,2025-05-02 13:27,加拿大,Regular,0.6409
5162270251550415,5162276631352080,微博时事,2025-05-03 17:55,福建,BlueV,0.5
5160721147234389,5161790410326893,雪梅映趣,2025-05-02 09:43,四川,Regular,0.0199
5162138578978045,5162260575027425,细雨青岩,2025-05-03 16:51,山东,Regular,0.5885
5161610650326131,5162245807412716,白瓷豆豆米,2025-05-03 15:52,广东,Regular,0.5885
5161961423637071,5162260397822764,财是你的开心果吖,2025-05-03 16:50,浙江,Regular,0.7663
5075997743121181,5162245555752164,椟菽荫,2025-05-03 15:51,天津,RedV,0.0456
5161953548571149,5161963802067867,TheArkOnMountArarat,2025-05-02 21:12,上海,RedV,0.2052
5118329000297836,5161775785578284,杨易君黄金与金融投资,2025-05-02 08:45,四川,YellowV,0.0696
5161571543682954,5161775654504584,天然智能--拔叔,2025-05-02 08:44,新疆,Regular,0.0006
5162199375154587,5162337161976662,晨光裡的羽翼,2025-05-03 21:55,中国台湾,Regular,0.0126
5162153561033584,5162337155157305,H333保有好心态,2025-05-03 21:55,上海,Regular,0.5885
5161198384842197,5161419164880874,苏畅财富风险管理,2025-05-01 09:08,江苏,Regular,0.7052
5161502723804332,5161743472395593,蟠龙寨,2025-05-02 06:36,江西,Regular,0.5952
5162199375154587,5162337129206752,sunny09170917,2025-05-03 21:55,陕西,YellowV,0.0345
5162199375154587,5162337070481666,梅亭的才,2025-05-03 21:55,海南,Regular,0.5251
5162199375154587,5162337050297203,财不如健康,2025-05-03 21:55,河南,RedV,0.474
5161816260348380,5161819786448740,西伯利亚狼没当成兵,2025-05-02 11:40,内蒙古,Regular,0.0087
5162202721946550,5162216853078449,陆锡鑫,2025-05-03 13:57,山东,RedV,0.0009
5162153561033584,5162216749532773,城门立木战法,2025-05-03 13:57,上海,YellowV,0.3256
5161859755278697,5161948480015858,真实如茶,2025-05-02 20:11,河北,Regular,0.8123
5161838268123122,5161948213414439,大秦宰相,2025-05-02 20:10,陕西,Regular,0.5885
5161768016151638,5161846706276464,王言它,2025-05-02 13:27,北京,GoldV,0.9476
5161788463909422,5161790321722766,财瑞洒呀,2025-05-02 09:42,江苏,YellowV,0.0029
5161410234680605,5161846035449884,耀华521,2025-05-02 13:24,江西,Regular,0.0182
5160871378551173,5162305206878210,朱世巍,2025-05-03 19:48,江西,RedV,0.0013
5161199663055294,5161901673419296,成善银看点,2025-05-02 17:05,重庆,Regular,0.0441
5162316048631028,5162321676863642,--幸福老汉--,2025-05-03 20:54,浙江,Regular,0.5
5162248101691662,5162321593238719,小小浣焸,2025-05-03 20:54,青海,Regular,0.0773
5162246737233175,5162259002166330,微博时事,2025-05-03 16:45,福建,BlueV,0.5
5162121936766758,5162245127930638,小小浣焸,2025-05-03 15:50,青海,Regular,0.0074
5162180459103166,5162275682125640,风吟听竹,2025-05-03 17:51,浙江,RedV,0.2228
5161961423637071,5162244866314838,心想事成哦豁,2025-05-03 15:49,江苏,YellowV,0.0147
5162219068986254,5162244841145319,小狗狗Angela,2025-05-03 15:49,浙江,Regular,0.5885
5161769111914477,5162275376729202,站在山顶呐喊的人,2025-05-03 17:50,广东,Regular,0.5885
5162257575837783,5162336923157210,最喜欢自己201707,2025-05-03 21:54,天津,Regular,0.5
5161803996202121,5161806217874175,义乌同城会,2025-05-02 10:46,浙江,Regular,0.0435
5161645991788775,5161806025982052,凉凉画意,2025-05-02 10:45,江苏,Regular,0.0007
5161472360186867,5161758735729022,老王谈改革,2025-05-02 07:37,广东,GoldV,0.0005
5162141448932012,5162216261686265,有机素食星球,2025-05-03 13:55,江苏,Regular,0.6452
5161825794000983,5161845274971806,学海飞舟,2025-05-02 13:21,福建,YellowV,0.0054
5162122088024244,5162287733410011,七里香222019,2025-05-03 18:39,湖北,Regular,0.0263
5161922959509053,5161947839335184,北宫秋枫,2025-05-02 20:08,北京,Regular,0.9812
5161737117762348,5161789755754181,余丰慧,2025-05-02 09:40,河南,GoldV,0.1242
5161961423637071,5162258728490777,财念念呀,2025-05-03 16:44,山东,YellowV,0.4287
5162277720556872,5162320624357615,Z有梦有坚持Y,2025-05-03 20:50,贵州,RedV,0.0005
5162315798028894,5162320386068470,随风青龙,2025-05-03 20:49,河北,Regular,0.0186
5161730423914725,5161775205712664,老县城李刚,2025-05-02 08:42,陕西,RedV,0.1242
5162222134495151,5162244343336702,布哈拉游台湾,2025-05-03 15:47,四川,Regular,0.0056
5161961970205136,5161962486629599,世事无常不期而至,2025-05-02 21:07,广西,Regular,0.041
5161652413792890,5161742317388983,七彩驴子,2025-05-02 06:32,山东,YellowV,0.0013
5162335841816525,5162336692208087,日月泽泱,2025-05-03 21:54,广东,GoldV,0.0022
5161387593041830,5161418206744284,二姐的碎碎念,2025-05-01 09:04,宁夏,RedV,0.0051
5161751481942903,5161805954946726,刘洪明稳健投资,2025-05-02 10:45,四川,GoldV,0.074
5161282148761945,5161417738028463,茶色文章,2025-05-01 09:02,上海,YellowV,0.0005
5161610650326131,5161659626687755,问姓惊初见称名忆旧容-,2025-05-02 01:03,广东,Regular,0.4764
5161751481942903,5161819401619121,财兜兜啊啊啊科技,2025-05-02 11:38,江苏,Regular,0.0048
5161751481942903,5161819326385214,熙尘万物看侃吧,2025-05-02 11:38,广东,GoldV,0.0054
5162171450526291,5162215478395140,阳珍楚,2025-05-03 13:52,湖南,Regular,0.8002
5162122088024244,5162215443271992,shuishuishuiyf,2025-05-03 13:52,上海,Regular,0.5
5162141049947566,5162200407737806,银翼之刃-006,2025-05-03 12:52,辽宁,Regular,0.0513
5160728223548417,5161449224668165,浙江人在徐州维权路,2025-05-01 11:07,江苏,Regular,0.5885
5161312766396124,5161448638254283,凡尘wwwww,2025-05-01 11:05,浙江,Regular,0.5885
5161743089926230,5161844608598675,财神评论,2025-05-02 13:18,安徽,Regular,0.0025
5161213281442120,5161900485641716,梦野08376,2025-05-02 17:00,广东,Regular,0.5885
5162212600319063,5162230069855032,紫水晶一一,2025-05-03 14:50,山东,Regular,0.9606
5161788706652394,5162319844476228,恒之小过,2025-05-03 20:47,四川,Regular,0.08
5162122088024244,5162319340374443,不能改昵称有点头疼,2025-05-03 20:45,浙江,Regular,0.9966
5161961423637071,5162244119986302,星灵之神,2025-05-03 15:46,河南,YellowV,0.01
5162153561033584,5162244115795326,H-相忘于江湖,2025-05-03 15:46,广西,Regular,0.9952
5161737989390567,5161741521780921,安徽网,2025-05-02 06:29,,Regular,0.0875
5162199375154587,5162336651579817,米米妈育儿,2025-05-03 21:53,广东,GoldV,0.0107
5162331320093834,5162336592859899,向春1988,2025-05-03 21:53,重庆,Regular,0.0085
5161751481942903,5161819044318966,财喜事儿,2025-05-02 11:37,山西,YellowV,0.0529
5161751481942903,5161818964099401,圈娱乐瓜,2025-05-02 11:36,北京,RedV,0.0009
5160705641415229,5161818927927513,JohnRoss431,2025-05-02 11:36,上海,YellowV,0.5885
5157181722201111,5161844017465167,捏小虾1973,2025-05-02 13:16,天津,Regular,0.9904
5161846144766036,5162229411610735,当红凤梨炸子鸡,2025-05-03 14:47,广西,Regular,0.9305
5162239133486179,5162319048347242,至尊可颂蜜桃乌龙茶,2025-05-03 20:43,重庆,Regular,0.9545
5162162529501659,5162199190344957,执著的老宋,2025-05-03 12:47,江西,YellowV,0.7651
5162335841816525,5162336479085298,思想先行,2025-05-03 21:53,广东,GoldV,0.0296
5162256972382610,5162258092001209,新华国际,2025-05-03 16:41,,Regular,0.031
5162145928711119,5162257907976390,我就喜欢白砂糖,2025-05-03 16:40,天津,Regular,0.5885
5161838224606347,5162257568499508,今日俄罗斯RT,2025-05-03 16:39,,BlueV,0.2175
5161634834418681,5161658977617076,大为网讯,2025-05-02 01:01,北京,BlueV,0.4235
5162150709693758,5162273853409983,两人余,2025-05-03 17:44,陕西,Regular,0.0005
5161751481942903,5161818776930511,财运美美,2025-05-02 11:36,吉林,YellowV,0.0005
5162267752007847,5162273548798383,写个什么名字,2025-05-03 17:43,浙江,Regular,0.1261
5162173882700768,5162213679042934,N_荣耀光辉,2025-05-03 13:45,天津,Regular,0.5044
5161617947886426,5161758008804061,财重信,2025-05-02 07:34,上海,Regular,0.0888
5161472360186867,5161843375210885,安然淡定chris_HeavenLight,2025-05-02 13:13,上海,Regular,0.9521
5162209337674687,5162228563317928,莫兆聪,2025-05-03 14:44,广东,Regular,0.0019
5162317676545530,5162317956517631,幻城之夜2,2025-05-03 20:39,福建,Regular,0.4275
5162317676545530,5162317931874288,仰望那片净土,2025-05-03 20:39,湖南,Regular,0.7567
5162122088024244,5162242400322815,公考路上的李three,2025-05-03 15:39,江西,RedV,0.1281
5162219998284195,5162303437408621,蟠龙寨,2025-05-03 19:41,江西,Regular,0.0214
5161972656244933,5162303177099439,今日俄罗斯RT,2025-05-03 19:40,,BlueV,0.6963
5160795101986870,5162303070931101,叮当的杨杨,2025-05-03 19:40,上海,Regular,0.001
5162302569186024,5162302904208382,四芯轴端子压接工具,2025-05-03 19:39,福建,Regular,0.9037
5162302569186024,5162302902900639,救赎与放飞,2025-05-03 19:39,广东,Regular,0.9919
5161960678884489,5161961000796613,知音汉阳,2025-05-02 21:01,,BlueV,0.0769
5162302569186024,5162302902898330,HUOL1ANG,2025-05-03 19:39,福建,Regular,0.2525
5161795107160630,5161960812841842,波衣,2025-05-02 21:00,江西,Regular,0.06
5161502723804332,5161740518556254,波衣,2025-05-02 06:25,江西,Regular,0.4826
5161633786890234,5161740514361838,用户7484627209,2025-05-02 06:25,河北,Regular,0.5885
5162196661699637,5162198998452788,博古忠国闻天尚文秋怡果周孝贵,2025-05-03 12:46,湖北,Regular,0.8646
5162324818919756,5162336335696201,小小浣焸,2025-05-03 21:52,青海,Regular,0.04
5162202721946550,5162257076196199,小呆呆打枪,2025-05-03 16:37,广西,Regular,0.0084
5161751481942903,5161805196036743,财快来来来,2025-05-02 10:42,重庆,Regular,0.127
5161769111914477,5161805095114532,超级新粉,2025-05-02 10:41,江苏,Regular,0.5885
5161930919512657,5161934236421058,东北特产正宗,2025-05-02 19:14,湖南,Regular,0.1374
5161930919512657,5161934216759730,公益服务中心,2025-05-02 19:14,福建,Regular,0.0605
5161930919512657,5161934215186858,jeyfer风,2025-05-02 19:14,广东,Regular,0.1311
5161930919512657,5161934210994895,搖擺尐青姩,2025-05-02 19:14,湖南,Regular,0.006
5161751481942903,5161818775879759,砭道庚桑,2025-05-02 11:36,四川,Regular,0.0208
5161930919512657,5161934210995600,绍兴PoLo派,2025-05-02 19:14,浙江,Regular,0.4374
5161930919512657,5161934211256752,强控S,2025-05-02 19:14,福建,Regular,0.0204
5161930919512657,5161934211517207,蓝天蓝天蓝天蓝天蓝天百,2025-05-02 19:14,湖南,Regular,0.213
5162150709693758,5162273093977678,随便吧就这样了好吧,2025-05-03 17:41,河北,Regular,0.0004
5162317676545530,5162317928469137,紫轩芸儿,2025-05-03 20:39,浙江,Regular,0.1126
5162317676545530,5162317926896246,东北特产正宗,2025-05-03 20:39,湖南,Regular,0.0004
5162317676545530,5162317924274581,蔡文级音乐,2025-05-03 20:39,福建,Regular,0.0175
5162317676545530,5162317922703434,桂冠诗人喝醉了,2025-05-03 20:39,福建,Regular,0.192
5162131579733497,5162284536564111,西北任航,2025-05-03 18:26,陕西,Regular,0.0155
5162317676545530,5162317923225003,绍兴PoLo派,2025-05-03 20:39,浙江,Regular,0.0065
5162317676545530,5162317923488057,搖擺尐青姩,2025-05-03 20:39,湖南,Regular,0.0104
5162317676545530,5162317924532884,BIG-SAM-L,2025-05-03 20:39,福建,Regular,0.5532
5162181847159878,5162284192895628,汤本,2025-05-03 18:25,广东,YellowV,0.1242
5162317676545530,5162317924008373,蓝天蓝天蓝天蓝天蓝天百,2025-05-03 20:39,湖南,Regular,0.0174
5162279633424033,5162284071260602,财招喵,2025-05-03 18:24,上海,YellowV,0.0728
5162317676545530,5162317920343412,家有宝贝927,2025-05-03 20:39,福建,Regular,0.9933
5162317676545530,5162317920343352,Zhenhangsu,2025-05-03 20:39,山东,Regular,0.4215
5162209337674687,5162283655496459,扁了勾勇士,2025-05-03 18:23,辽宁,Regular,0.0015
5161693589012539,5161774220314686,一品白牙,2025-05-02 08:38,江苏,RedV,0.4559
5161910895902767,5161960719779472,键政家已老实版,2025-05-02 21:00,四川,Regular,0.5885
5161730423914725,5161739536565628,老县城李刚,2025-05-02 06:21,陕西,RedV,0.1242
5162138578978045,5162336215893378,数字佃农,2025-05-03 21:52,河南,Regular,0.5885
5161961423637071,5162256832926954,相伴是幸福,2025-05-03 16:36,江苏,Regular,0.2042
5161472360186867,5161805009652654,白云出岫,2025-05-02 10:41,北京,RedV,0.9369
5161930919512657,5161934208371042,四芯轴端子压接工具,2025-05-02 19:14,福建,Regular,0.6499
5161930919512657,5161934208109433,萝莉牛X王,2025-05-02 19:14,福建,Regular,0.416
5161930919512657,5161934207846458,解祥泽,2025-05-02 19:14,浙江,Regular,0.3046
5162227779766952,5162272393532154,上海奏鸣曲Plus,2025-05-03 17:38,上海,Regular,0.9935
5161961423637071,5162213007164340,财苒苒,2025-05-03 13:42,江西,Regular,0.1165
5161961423637071,5162302110173674,财丫头啊,2025-05-03 19:36,河南,YellowV,0.1242
5161289295595076,5161788215921356,过气文青,2025-05-02 09:34,四川,YellowV,0.5782
5161769446670826,5161842466625272,小小浣焸,2025-05-02 13:10,青海,Regular,0.0038
5161572101002903,5161774086359595,ETF实现财务自由,2025-05-02 08:38,广东,Regular,0.5885
5161769111914477,5162227088492934,萌韭菜,2025-05-03 14:38,广东,Regular,0.9928
5161961423637071,5162241298008448,财家小青,2025-05-03 15:34,安徽,YellowV,0.0954
5161961423637071,5162241125518350,财迷元宝赏文玩,2025-05-03 15:34,山西,Regular,0.2064
5162317676545530,5162317920081737,胖等等0912,2025-05-03 20:39,福建,Regular,0.8718
5162317676545530,5162317919557553,急吼吼jhg,2025-05-03 20:39,福建,Regular,0.0084
5162317676545530,5162317919556916,四芯轴端子压接工具,2025-05-03 20:39,福建,Regular,0.0994
5162317676545530,5162317919031621,娘了个龙西撇,2025-05-03 20:39,浙江,Regular,0.9373
5162317676545530,5162317919291273,天星8_807,2025-05-03 20:39,福建,Regular,0.0668
5162161136207773,5162198050276950,股往者福来,2025-05-03 12:43,云南,Regular,0.0005
5162317676545530,5162317918769137,L0L丹儿,2025-05-03 20:39,浙江,Regular,0.6935
5162317676545530,5162317914314486,萝莉牛X王,2025-05-03 20:39,福建,Regular,0.457
5160087388948190,5161818142802129,田间稻草人7,2025-05-02 11:33,山东,Regular,0.5885
5162122088024244,5162212218113044,春日静香,2025-05-03 13:39,安徽,Regular,0.5885
3574017123988816,5162186150250161,首都经贸大学刘颖,2025-05-03 11:55,北京,RedV,0.0578
5161945611374978,5162156995907531,财尖尖,2025-05-03 09:59,江苏,Regular,0.0421
5162114298414291,5162186130067472,用户7884824825,2025-05-03 11:55,云南,Regular,0.5885
5162002537779569,5162171597062389,我就是二狗,2025-05-03 10:57,中国香港,GoldV,0.1861
5161771821958580,5161773850954154,逍遥自在乐翻天,2025-05-02 08:37,陕西,Regular,0.0065
5161961423637071,5162240925504380,梦诺2016,2025-05-03 15:33,陕西,GoldV,0.1003
5162309463574744,5162317685197858,布哈拉游台湾,2025-05-03 20:38,四川,Regular,0.0047
5161961423637071,5162197555347791,财满满-满满,2025-05-03 12:41,安徽,Regular,0.6106
5161769111914477,5162141851321082,卢麒元,2025-05-03 08:59,广东,GoldV,0.002
5161730423914725,5161738707665844,豫大梨,2025-05-02 06:17,河南,RedV,0.0012
5161940519225342,5162141640295251,生态梦人,2025-05-03 08:58,山东,RedV,0.6692
5161730423914725,5161817647355192,大地飞鹰在路上,2025-05-02 11:31,湖南,Regular,0.0273
5162210460962357,5162212005252265,财到家喽,2025-05-03 13:38,上海,YellowV,0.8753
5155255081239229,5162211928706697,方老师说农机,2025-05-03 13:38,安徽,RedV,0.0893
5161816260348380,5161933091112225,孙清婳,2025-05-02 19:10,上海,Regular,0.2981
5162134733849159,5162300299282026,天行客555555,2025-05-03 19:29,宁夏,Regular,0.0005
5161878766490186,5162126634912416,永和1007008,2025-05-03 07:59,河南,Regular,0.0025
5161961319564541,5162126592967190,财婕婕,2025-05-03 07:59,福建,Regular,0.782
5162134031831775,5162156623925711,颜那亚骑郎,2025-05-03 09:58,贵州,Regular,0.8394
5162122088024244,5162156560485284,你叫什么呀__,2025-05-03 09:58,天津,Regular,0.5885
5161940519225342,5162156468732852,Elevz1,2025-05-03 09:57,云南,Regular,0.0619
5161735071465698,5161773382240201,两颗金豆子sc,2025-05-02 08:35,北京,Regular,0.0153
5162247690128279,5162316410133425,小小浣焸,2025-05-03 20:33,青海,Regular,0.1853
5162180723086950,5162197492172001,公木十一,2025-05-03 12:40,四川,YellowV,0.1044
5161961423637071,5162197462549239,森光集,2025-05-03 12:40,河南,RedV,0.081
5162138578978045,5162141502933826,陈涛118,2025-05-03 08:58,湖北,YellowV,0.5885
5161961423637071,5162197350353623,财出彩杰律,2025-05-03 12:40,河南,Regular,0.0162
5161945611374978,5162197349567861,辽宁蓝海,2025-05-03 12:40,辽宁,Regular,0.0004
5161751481942903,5161803881907167,财小美美,2025-05-02 10:36,广东,YellowV,0.0888
5161989953294841,5162141384444556,微博时事,2025-05-03 08:57,北京,BlueV,0.5
5161751481942903,5161803760800487,财小掌柜,2025-05-02 10:36,浙江,YellowV,0.3776
5161737117762348,5161737569960078,余丰慧,2025-05-02 06:13,河南,GoldV,0.0249
5161839915435199,5161841265737759,笑着寻梦,2025-05-02 13:05,浙江,YellowV,0.052
5161737117762348,5161737419489601,余丰慧,2025-05-02 06:12,河南,GoldV,0.0097
5161805936854117,5162240483528487,东湖子非君,2025-05-03 15:31,安徽,Regular,0.5885
5161961423637071,5162240149295140,喜瓜瓜果,2025-05-03 15:30,广东,YellowV,0.0955
5159438169935438,5162239871157083,凯雷,2025-05-03 15:29,北京,GoldV,0.6001
5161961423637071,5162239753458051,财多星,2025-05-03 15:28,德国,RedV,0.0175
5161827328852518,5161932969481762,萌宝同学987,2025-05-02 19:09,山东,Regular,0.5885
5157461352257186,5162299510230866,娱圈评論员,2025-05-03 19:26,安徽,Regular,0.0164
5161991795904116,5162299129597395,拥抱太阳拥抱太阳,2025-05-03 19:24,上海,Regular,0.5885
5161151006249557,5162298923552701,马凯硕Kishore,2025-05-03 19:23,上海,YellowV,0.9353
5161769111914477,5162211548073535,mingtian505,2025-05-03 13:36,广东,Regular,0.5885
5162122088024244,5162126490470245,一片虚无啊,2025-05-03 07:58,吉林,Regular,0.9997
5162106966507875,5162269726736813,约瑟夫的灭火员,2025-05-03 17:27,四川,RedV,0.0877
5161821120497169,5162268851181275,浮云zb,2025-05-03 17:24,山东,Regular,0.5885
5161769111914477,5162156250367008,微博博更健康,2025-05-03 09:57,安徽,Regular,0.268
5162131579733497,5162281545763238,任航2024,2025-05-03 18:14,陕西,Regular,0.0174
5161530372395326,5161773151553528,猴哥行云,2025-05-02 08:34,河北,Regular,0.2532
5161969984734897,5162196867747088,清静的自然,2025-05-03 12:38,湖北,Regular,0.0006
5161751481942903,5161803660921322,财爱房,2025-05-02 10:35,山东,YellowV,0.0313
5162122088024244,5162225259516029,炸了毛的耗子,2025-05-03 14:31,天津,Regular,0.0148
5161991280007064,5162224899070208,月下小景Xiaojing,2025-05-03 14:29,浙江,Regular,0.0006
5161769111914477,5162185166427472,amtf001019,2025-05-03 11:51,江西,Regular,0.946
5161814748825007,5161840989964376,舞舞则天,2025-05-02 13:04,福建,Regular,0.0057
5161961423637071,5162239548982861,追着阳光去旅行呀,2025-05-03 15:28,湖北,RedV,0.0816
5162228353340116,5162239154194492,俄乌网,2025-05-03 15:26,,BlueV,0.0004
5161751481942903,5161817181520293,材电池,2025-05-02 11:29,重庆,YellowV,0.0006
5162209337674687,5162211216198461,财经豆,2025-05-03 13:35,广东,Regular,0.2875
5153140370836995,5162211060221708,AYYYYAo_,2025-05-03 13:34,河南,YellowV,0.5885
5075997743121181,5162254757793076,不铭泽已,2025-05-03 16:28,广东,Regular,0.1704
5161769111914477,5162254748878292,图远先生,2025-05-03 16:28,吉林,GoldV,0.9877
5162122088024244,5162155641407255,快乐游戏的赫奎酱,2025-05-03 09:54,北京,Regular,0.9959
5162223003239041,5162268530838192,三杯茶clf,2025-05-03 17:23,河南,Regular,0.0059
5162263004053566,5162268477358475,耗材无人性,2025-05-03 17:22,安徽,Regular,0.992
5161755572700711,5161772841173668,田家广讲习所,2025-05-02 08:33,河北,YellowV,0.0005
5162176383291997,5162335115156846,小小浣焸,2025-05-03 21:47,青海,Regular,0.0443
5162165310325712,5162196377012938,财以吉乐,2025-05-03 12:36,北京,Regular,0.9556
5161769111914477,5162196208453071,无常之识,2025-05-03 12:35,四川,Regular,0.5885
5162239133486179,5162315498917492,真的至尊没意思,2025-05-03 20:29,江苏,RedV,0.778
5161816260348380,5162224663400852,追风的小小仔,2025-05-03 14:28,广东,RedV,0.0408
5161961423637071,5162184666254361,浅笑安然_aihua,2025-05-03 11:49,安徽,RedV,0.9865
5161255356334498,5161736412595023,自然的张侃,2025-05-02 06:08,北京,Regular,0.002
5161645991788775,5161736341815779,--海天雄镇人--,2025-05-02 06:08,浙江,Regular,0.0227
5161444800202821,5161736114799555,醉雨飞叶,2025-05-02 06:07,陕西,Regular,0.0079
5161457382066870,5161736102740420,自然的张侃,2025-05-02 06:07,北京,Regular,0.0091
5161808273085203,5161931087810376,鱼爸晓说,2025-05-02 19:02,浙江,YellowV,0.0041
5162199375154587,5162210646297427,momo君_2025,2025-05-03 13:33,江苏,Regular,0.0336
5162166740061131,5162295900247058,笑着寻梦,2025-05-03 19:11,浙江,YellowV,0.0005
5161769111914477,5162210432913416,矽之城,2025-05-03 13:32,浙江,Regular,0.0554
5161702178685755,5162253843172057,金陵郭健,2025-05-03 16:24,江苏,YellowV,0.0432
5162171450526291,5162238869767560,春发其华秋收其实也,2025-05-03 15:25,山西,Regular,0.5885
5162228353340116,5162238643274894,一匹红狼-,2025-05-03 15:24,天津,Regular,0.0703
5161769111914477,5162155586361198,陈涛118,2025-05-03 09:54,湖北,YellowV,0.5885
5162122088024244,5162267742049194,爱做梦的艾丽丝,2025-05-03 17:20,内蒙古,Regular,0.5885
5161769111914477,5162314198162360,太阳花415,2025-05-03 20:24,上海,Regular,0.5885
5162219068986254,5162223538802276,股市战将妖哥,2025-05-03 14:24,浙江,YellowV,0.5103
5161945611374978,5162140671936455,财宝包租婆,2025-05-03 08:55,广东,Regular,0.0152
5161798387892541,5161840006926526,小小浣焸,2025-05-02 13:00,青海,Regular,0.0337
5161751481942903,5161816816879400,财靠树,2025-05-02 11:28,河北,Regular,0.4319
5161556279039638,5161736081768879,自然的张侃,2025-05-02 06:07,北京,Regular,0.0242
5162122088024244,5162210192262418,PAYPP,2025-05-03 13:31,江苏,Regular,0.5885
5162209337674687,5162209974944111,沙姆雄狮_EL,2025-05-03 13:30,陕西,GoldV,0.0123
5162232687102855,5162253099993720,周锦虹,2025-05-03 16:21,浙江,YellowV,0.0798
5162105118130429,5162106677888275,蔻比主义,2025-05-03 06:40,山东,YellowV,0.1222
5161745887265694,5161755488552837,科学未来人,2025-05-02 07:24,安徽,GoldV,0.0078
5161961423637071,5162238433296670,欣喜之之,2025-05-03 15:23,江苏,YellowV,0.9022
5161961423637071,5162238164078681,财幅福,2025-05-03 15:22,海南,YellowV,0.1401
5161893858640554,5162237972710826,光泽630,2025-05-03 15:21,河北,Regular,0.5885
5162120334017900,5162155255267736,antzhyi,2025-05-03 09:53,河南,Regular,0.5885
5161751481942903,5161772478628093,两颗金豆子sc,2025-05-02 08:32,北京,Regular,0.0013
5161095066027214,5161772467618324,雪梅映趣,2025-05-02 08:31,四川,Regular,0.0006
5162118728647445,5162154949872445,大知闲闲学姐,2025-05-03 09:51,安徽,Regular,0.1906
5162151430066679,5162154856810471,夏天的云W,2025-05-03 09:51,湖北,Regular,0.0114
5159943716733511,5161772344412402,卡布赛斯,2025-05-02 08:31,河北,Regular,0.5885
5162199375154587,5162334776201722,财要发,2025-05-03 21:46,沙特阿拉伯,YellowV,0.0005
5161297214704166,5162195455052229,GaussianDistrib,2025-05-03 12:32,湖北,Regular,0.0112
5162209337674687,5162266425036677,耗材无人性,2025-05-03 17:14,安徽,Regular,0.1242
5161961423637071,5162313611217917,财来不晚,2025-05-03 20:22,四川,YellowV,0.2169
5162122088024244,5162184168178275,朝霞晚霞皆成锦,2025-05-03 11:47,江苏,Regular,0.3294
5161769111914477,5162184058604361,Zeng117,2025-05-03 11:47,广东,Regular,0.0058
5162199375154587,5162279696336286,奥运小王子张文全,2025-05-03 18:07,北京,YellowV,0.007
5162118728647445,5162279629490433,哇咔咔新,2025-05-03 18:07,安徽,Regular,0.4885
5161773187990458,5162080471089188,姬永锋,2025-05-03 04:55,河南,GoldV,0.0047
5162060133957968,5162077455909402,万理PKT,2025-05-03 04:43,北京,RedV,0.0569
5162138578978045,5162222003421569,竹海田,2025-05-03 14:18,黑龙江,Regular,0.3612
5161769111914477,5162221868942051,申浩然2024,2025-05-03 14:17,辽宁,Regular,0.563
5162209337674687,5162221710868837,紙老虎本虎,2025-05-03 14:17,广东,Regular,0.5885
5161769111914477,5162183185926666,无畏无谓无为,2025-05-03 11:44,上海,Regular,0.5807
5162122088024244,5162124611684003,一只芝士熊猫,2025-05-03 07:51,福建,Regular,0.7351
5162202721946550,5162265410537034,用户7884824825,2025-05-03 17:10,云南,Regular,0.5885
5161800124073251,5161801903244212,布哈拉游台湾,2025-05-02 10:28,四川,Regular,0.0048
5161751072474914,5161787410612669,上海微云,2025-05-02 09:31,上海,Regular,0.0009
5162128982676637,5162208526862057,飞棉花絮,2025-05-03 13:24,江苏,GoldV,0.0087
5161751481942903,5161815605249158,慢煮岁月停姐,2025-05-02 11:23,江苏,YellowV,0.0005
5161577187901651,5162170149766919,羊城第一牛,2025-05-03 10:52,福建,Regular,0.1242
5161961423637071,5162170091831494,高大全7111,2025-05-03 10:52,四川,Regular,0.4636
5162002537779569,5162102545187995,歌乐行者,2025-05-03 06:23,重庆,YellowV,0.0343
5161730423914725,5162101199602129,老县城李刚,2025-05-03 06:18,陕西,RedV,0.1242
5161903143782934,5162154047309193,卧佛东庄,2025-05-03 09:48,河北,Regular,0.0005
5162114722038245,5162153800892627,CAPT_Jin,2025-05-03 09:47,辽宁,YellowV,0.1367
5161961423637071,5162194003296648,微微一诺625,2025-05-03 12:27,新疆,RedV,0.397
5162202721946550,5162236256455214,今日俄罗斯RT,2025-05-03 15:14,,BlueV,0.0301
5161940519225342,5162073307480381,Erinnn_xiao,2025-05-03 04:27,荷兰,Regular,0.713
5161991795904116,5162182870828233,简容2023,2025-05-03 11:42,北京,YellowV,0.1415
5161961423637071,5162182653249971,奇点十一,2025-05-03 11:41,山东,Regular,0.97
5161769111914477,5162182426757021,义忠梁山伯,2025-05-03 11:41,北京,Regular,0.5885
5162111706595506,5162124129339685,旷达枣子爱理财,2025-05-03 07:49,广东,Regular,0.0583
5162122088024244,5162263623762901,用户7786487311,2025-05-03 17:03,江苏,Regular,0.5885
5162192271577747,5162207903484514,天工的空间,2025-05-03 13:22,辽宁,Regular,0.0229
5161089973621425,5161787230521753,宇宙如斯,2025-05-02 09:30,浙江,Regular,0.0058
5161940519225342,5162089431171205,楊培安RogerYang,2025-05-03 05:31,中国台湾,YellowV,0.0005
5161625111758096,5161754302349894,黄胜友,2025-05-02 07:19,北京,YellowV,0.1242
5161154269152191,5161754096831138,思为策,2025-05-02 07:19,河北,Regular,0.133
5161961423637071,5162235995881928,慢煮岁月停姐,2025-05-03 15:13,江苏,YellowV,0.6811
5161961423637071,5162070060303049,大湾区战神,2025-05-03 04:14,广东,Regular,0.2553
5162198847197386,5162221015139656,财源滚滚如长江,2025-05-03 14:14,浙江,YellowV,0.0352
5162122088024244,5162220703187618,甲子湖畔好读书,2025-05-03 14:13,山东,Regular,0.0558
5162133859864064,5162182350997740,RisingtreeHGL,2025-05-03 11:40,江苏,Regular,0.5885
5161730423914725,5162101090025930,老县城李刚,2025-05-03 06:17,陕西,RedV,0.1242
5161940519225342,5162101015839617,小李飞飞飞飞四刀,2025-05-03 06:17,上海,Regular,0.0024
5162038721249454,5162100662731088,红色胜,2025-05-03 06:16,黑龙江,Regular,0.0021
5161988188015596,5162100481590814,星辰大海靠舵手,2025-05-03 06:15,湖北,Regular,0.5
5161961423637071,5162263191492221,财狮涨dingo,2025-05-03 17:01,浙江,Regular,0.0081
5161769111914477,5161800833962422,薛小荣,2025-05-02 10:24,上海,YellowV,0.0648
5162122088024244,5162123887381292,江宁婆婆,2025-05-03 07:48,江苏,GoldV,0.1765
5161785272832919,5161786996164039,此刻书小生,2025-05-02 09:29,广东,Regular,0.0066
5162134884057513,5162139363052755,祝您诸事皆顺,2025-05-03 08:49,浙江,RedV,0.0191
5162219998284195,5162251593974792,波衣,2025-05-03 16:15,江西,Regular,0.0048
5162180723086950,5162251516122235,Know_About_Nothing,2025-05-03 16:15,广东,Regular,0.5885
5162172523482857,5162251460282273,一品白牙,2025-05-03 16:15,江苏,RedV,0.093
5161961423637071,5162235526909254,萝卜头头zz,2025-05-03 15:12,四川,YellowV,0.0648
5161961423637071,5162235479457950,你是白萝卜,2025-05-03 15:11,日本,Regular,0.6769
5157964228330249,5162333996322494,大地与海,2025-05-03 21:43,江苏,Regular,0.9384
5162202721946550,5162219831298926,舞舞则天,2025-05-03 14:09,福建,Regular,0.9982
5161801545942547,5162067196641558,成善银看点,2025-05-03 04:03,重庆,Regular,0.0104
5162285023363462,5162310935513567,阿甘奇遇记,2025-05-03 20:11,浙江,YellowV,0.7412
4509581701810300,5162099572212287,银卓金融YZ银卓法律,2025-05-03 06:11,广东,BlueV,0.8066
5162120334017900,5162123177756302,围观的castagna,2025-05-03 07:45,江西,Regular,0.5885
5162127598552788,5162139347584580,颜那亚骑郎,2025-05-03 08:49,贵州,Regular,0.9045
5161397000866926,5161814343817724,尛屁赛,2025-05-02 11:18,河南,Regular,0.5
5162177301841390,5162251033514453,三体星链,2025-05-03 16:13,江苏,Regular,0.9965
5161961423637071,5162250822225421,财缘原,2025-05-03 16:12,山西,RedV,0.0058
5162181105552002,5162206288416651,刘大棒槌,2025-05-03 13:15,北京,Regular,0.5885
5161961423637071,5162192681566284,财开心快乐年,2025-05-03 12:21,广东,YellowV,0.0322
5162199375154587,5162333967224536,财屹曜,2025-05-03 21:43,河北,YellowV,0.0158
5162199375154587,5162333916108365,起步聊球,2025-05-03 21:43,河北,RedV,0.0004
5161961423637071,5162235187431847,Cai药一杯自由云,2025-05-03 15:10,云南,Regular,0.0203
5161961423637071,5162234977455455,幸福富贵花柯柯,2025-05-03 15:09,广西,YellowV,0.6171
5162208560420229,5162219202155017,布哈拉游台湾,2025-05-03 14:07,四川,Regular,0.0098
5162188129962475,5162218989027989,有朋自远方来AL,2025-05-03 14:06,浙江,Regular,0.0121
5161919662261231,5162098649465369,红牛滚雪球-万物周期,2025-05-03 06:08,江苏,Regular,0.5885
5161769446670826,5161786157829820,笑着寻梦,2025-05-02 09:26,浙江,YellowV,0.0013
5162122088024244,5162139111391796,天然呆傲娇火,2025-05-03 08:48,贵州,Regular,0.8152
5162180723086950,5162205466858106,oO0Oo十oO0Oo,2025-05-03 13:12,广东,Regular,0.1545
5162203108610159,5162205445620436,布哈拉游台湾,2025-05-03 13:12,四川,Regular,0.0107
5149214092036872,5161753197937747,寒凝大地太冷了,2025-05-02 07:15,上海,Regular,0.1242
5162333300852281,5162333782935515,可于可乐,2025-05-03 21:42,河南,Regular,0.0047
5161961423637071,5162234633521881,财房砖,2025-05-03 15:08,广东,Regular,0.0155
5161961423637071,5162234435079069,财丰丰,2025-05-03 15:07,云南,RedV,0.3217
5150560996557011,5162052596532059,人力资源胡卫东,2025-05-03 03:05,天津,YellowV,0.2807
5162138125470186,5162138956205475,财爱悠2011苜蓿园,2025-05-03 08:48,北京,Regular,0.8428
5162116446946887,5162138864978010,瓦力2025,2025-05-03 08:47,四川,Regular,0.5885
5161397000866926,5161813483719835,tyj610102,2025-05-02 11:14,陕西,Regular,0.2843
5161830767135403,5162309628205590,安然cn,2025-05-03 20:06,福建,RedV,0.956
5161950376367588,5162167872785962,木易薰Kaoru2,2025-05-03 10:43,广东,Regular,0.0167
5161429130019940,5161752912200515,迟夙生律师,2025-05-02 07:14,澳大利亚,GoldV,0.0029
5161961423637071,5162250014034034,财又又-,2025-05-03 16:09,江苏,YellowV,0.671
5161769111914477,5162151958548104,--道心不稳--,2025-05-03 09:39,陕西,Regular,0.9537
5162199375154587,5162333682013402,Joker-芊芊,2025-05-03 21:42,湖南,YellowV,0.0013
5161961423637071,5162234264421420,财福来_久久,2025-05-03 15:07,江苏,YellowV,0.1178
5162151007486628,5162234088791035,语芙青筠,2025-05-03 15:06,浙江,Regular,0.0267
5161961423637071,5162234029804377,财鱼鱼_姐姐,2025-05-03 15:06,上海,RedV,0.5749
5159943716733511,5161770453827647,颜那亚骑郎,2025-05-02 08:23,贵州,Regular,0.2858
5162122088024244,5162180778921684,Haozi当你老了,2025-05-03 11:34,河北,Regular,0.9673
5162138226655410,5162180523067373,秋名山街猫,2025-05-03 11:33,山东,RedV,0.5024
5161751481942903,5161812332907995,财暖暖来了,2025-05-02 11:10,广东,YellowV,0.7289
5162122088024244,5162167310746297,波星大明神P,2025-05-03 10:40,重庆,Regular,0.7739
5161838268123122,5162204326006030,一个柠柠呀,2025-05-03 13:08,山东,Regular,0.5885
5161961423637071,5162204168979491,奶爸爱炒股,2025-05-03 13:07,浙江,RedV,0.8169
5161396371197162,5161752308221445,宋晓军,2025-05-02 07:11,北京,GoldV,0.048
5162287862645735,5162309139828518,破圈小E君,2025-05-03 20:04,广东,Regular,0.0894
5162122088024244,5162151951206162,没有什么偶然有的只是必然,2025-05-03 09:39,北京,Regular,0.9593
5162178701165111,5162234000179620,盈盈伴池,2025-05-03 15:05,江苏,YellowV,0.0666
5161961423637071,5162233638420900,熙尘万物看侃吧,2025-05-03 15:04,广东,GoldV,0.1282
5161735071465698,5161770013427175,迷可M,2025-05-02 08:22,北京,Regular,0.0138
5156839974506110,5161769979872425,超级光明顶1,2025-05-02 08:22,北京,Regular,0.0004
5161961423637071,5162191268088926,莱嘉亿菜,2025-05-03 12:16,海南,YellowV,0.9826
5161751481942903,5161799323747287,财米其,2025-05-02 10:18,北京,YellowV,0.0411
5161838268123122,5162049367441842,AI之翼NAS100,2025-05-03 02:52,山西,Regular,0.9243
5162046983242002,5162047618155039,zero94775,2025-05-03 02:45,浙江,Regular,0.9559
5162046983242002,5162047593252145,sun青8,2025-05-03 02:45,广东,Regular,0.9956
5162046983242002,5162047592202642,绍兴PoLo派,2025-05-03 02:45,浙江,Regular,0.7224
5162127598552788,5162138633504587,斯基泰战车,2025-05-03 08:47,贵州,RedV,0.8771
5162122088024244,5162167133800510,-加州意难忘-,2025-05-03 10:40,重庆,Regular,0.9504
5162124033655342,5162204069895408,卷毛帅哥,2025-05-03 13:07,北京,Regular,0.1661
5162106966507875,5162203864630492,军武大伊万,2025-05-03 13:06,安徽,RedV,0.0162
5161961423637071,5162233327781364,财书美俊,2025-05-03 15:03,山东,RedV,0.9045
5161798701942411,5161798811258988,手机中国联盟官博,2025-05-02 10:16,湖北,BlueV,0.2699
5162046983242002,5162047588270802,JIE-HUAN,2025-05-03 02:45,浙江,Regular,0.9843
5162046983242002,5162047588533174,计文单牧_902,2025-05-03 02:45,广东,Regular,0.5975
5162046983242002,5162047587222163,笑笑_她爸,2025-05-03 02:45,福建,Regular,0.9935
5162046983242002,5162047587484140,L松松S,2025-05-03 02:45,福建,Regular,0.9592
5162046983242002,5162047587484310,HUOL1ANG,2025-05-03 02:45,福建,Regular,0.8922
5162046983242002,5162047588795025,liling3229,2025-05-03 02:45,福建,Regular,0.4548
5162046983242002,5162047589057604,Super---Jiao,2025-05-03 02:45,福建,Regular,0.9951
5162046983242002,5162047589057610,自由自在720101,2025-05-03 02:45,福建,Regular,0.9608
5162046983242002,5162047591416233,Zhenhangsu,2025-05-03 02:45,福建,Regular,0.8832
5162046983242002,5162047592202508,天星8_807,2025-05-03 02:45,福建,Regular,0.9534
5162123992236522,5162166782004281,那些花儿已超神,2025-05-03 10:38,内蒙古,Regular,0.0116
5161899881925818,5162248063945683,源于河,2025-05-03 16:01,广东,Regular,0.0046
5161756716698016,5162247613843834,凡宝移山,2025-05-03 16:00,北京,Regular,0.5885
5161769111914477,5162308243556336,暂居地球人g,2025-05-03 20:00,安徽,Regular,0.5885
5161769111914477,5162151519191893,用户5339740044,2025-05-03 09:38,辽宁,Regular,0.4289
5161961423637071,5162233273780099,财Tony,2025-05-03 15:03,山东,Regular,0.594
5161961423637071,5162233084510573,砭道庚桑,2025-05-03 15:02,四川,Regular,0.6133
5161961423637071,5162233029986181,彩福生,2025-05-03 15:02,上海,YellowV,0.0055
5161961423637071,5162232917006003,财女婿,2025-05-03 15:01,河南,Regular,0.8258
5161961423637071,5162232895771827,财暖暖啊,2025-05-03 15:01,广东,Regular,0.1637
5161890506608239,5162029737051245,羌-笛,2025-05-03 01:34,新疆,Regular,0.0094
5162046983242002,5162047588796335,BlackDay9409,2025-05-03 02:45,广西,Regular,0.9957
5162046983242002,5162047587745979,解祥泽,2025-05-03 02:45,浙江,Regular,0.8845
5162046983242002,5162047587484097,小小心心大大梦,2025-05-03 02:45,浙江,Regular,0.0524
5162046983242002,5162047587221899,BIG-SAM-L,2025-05-03 02:45,福建,Regular,0.9175
5162046983242002,5162047587221837,潇洒313,2025-05-03 02:45,浙江,Regular,0.9482
5161422456357811,5162046418322555,读书反馈,2025-05-03 02:40,广西,Regular,0.9481
5162199375154587,5162332788886005,海棠菜菜,2025-05-03 21:38,广西,RedV,0.0009
5161769111914477,5162151200162713,自主and独立,2025-05-03 09:36,宁夏,Regular,0.0383
5161905219967967,5162151035800052,中校军旅作家,2025-05-03 09:36,北京,Regular,0.5885
5161961423637071,5162232716200303,財颜悦色,2025-05-03 15:00,辽宁,YellowV,0.1909
5161823830017984,5162029434273922,黑夜里的星星火,2025-05-03 01:33,重庆,Regular,0.1525
5161823830017984,5162029393906333,蜗牛biubiu,2025-05-03 01:32,福建,Regular,0.0066
5161823830017984,5162029393903715,岁月11无痕,2025-05-03 01:32,浙江,Regular,0.0108
5161823830017984,5162029389187026,这儿十一,2025-05-03 01:32,福建,Regular,0.0024
5161823830017984,5162029389974067,止水浮身,2025-05-03 01:32,山东,Regular,0.0735
5161823830017984,5162029392330952,骆驼祥子海底世界,2025-05-03 01:32,福建,Regular,0.0059
5161823830017984,5162029393117692,鲜蘑咖啡,2025-05-03 01:32,广东,Regular,0.011
5161823830017984,5162029389972703,急吼吼jhg,2025-05-03 01:32,福建,Regular,0.0187
5161823830017984,5162029389972184,liling3229,2025-05-03 01:32,福建,Regular,0.0008
5161823830017984,5162029389447524,萝莉牛X王,2025-05-03 01:32,福建,Regular,0.0065
5161756864283232,5161768348289749,不给暴富就打烂所有人的屁股,2025-05-02 08:15,广东,Regular,0.0013
5162173882700768,5162178823064498,歌乐行者,2025-05-03 11:26,重庆,YellowV,0.7856
5162659235760608,5162715635256658,勇往直前FA岚熙,2025-05-04 22:59,中国香港,GoldV,0.1288
5162701081021407,5162714797970826,顿巴斯红星,2025-05-04 22:56,湖北,Regular,0.0276
5161751481942903,5162018949039425,V2353,2025-05-03 00:51,天津,Regular,0.5885
5161581211290025,5162189744768331,Lestat_伯爵,2025-05-03 12:10,北京,Regular,0.5
5161970937104212,5162138037649905,大为网讯,2025-05-03 08:44,北京,BlueV,0.941
5161838268123122,5162044215264780,j20老张,2025-05-03 02:31,山东,Regular,0.5885
5161844860256450,5162043582710061,hodge927,2025-05-03 02:29,江西,Regular,0.0332
5162199375154587,5162332587822819,诺比吖比ii,2025-05-03 21:37,湖南,YellowV,0.0226
5161823830017984,5162029388923268,HUOL1ANG,2025-05-03 01:32,福建,Regular,0.0481
5161823830017984,5162029385518421,Zhenhangsu,2025-05-03 01:32,福建,Regular,0.001
5161823830017984,5162029385516696,温暖阳光嘟嘟鱼,2025-05-03 01:32,上海,Regular,0.0102
5161823830017984,5162029384731040,wzy嘀嗒嘀嗒,2025-05-03 01:32,福建,Regular,0.0005
5161826334281571,5162028922830852,止水浮身,2025-05-03 01:31,山东,Regular,0.0192
5161826334281571,5162028919949006,娘了个龙西撇,2025-05-03 01:31,浙江,Regular,0.014
5160046695286902,5161768146962110,舞舞则天,2025-05-02 08:14,福建,Regular,0.03
5161769111914477,5162178638777273,卢麒元,2025-05-03 11:25,广东,GoldV,0.1242
5162677911429251,5162685177534082,任航2024,2025-05-04 20:58,陕西,Regular,0.7446
5161774647609510,5161783674016022,天行客555555,2025-05-02 09:16,宁夏,Regular,0.0005
5152828223652829,5162018043330649,精彩纷呈的World,2025-05-03 00:47,安徽,Regular,0.0898
5161808273085203,5162120272153273,鱼爸晒网,2025-05-03 07:34,浙江,Regular,0.0122
5162132574045194,5162332439447768,爱游署片,2025-05-03 21:37,广东,Regular,0.5885
5162686150348700,5162698753710250,微博时事,2025-05-04 21:52,北京,BlueV,0.5
5162547070374346,5162698313831446,jayfiled,2025-05-04 21:50,上海,Regular,0.3559
5162624950733852,5162669821139176,不变了回525,2025-05-04 19:57,北京,Regular,0.0271
5161991280007064,5162669178884242,不变了回525,2025-05-04 19:55,北京,Regular,0.0271
5161826334281571,5162028915753416,侯金龍Sleeping,2025-05-03 01:31,浙江,Regular,0.0121
5161985651249269,5162028364729106,风吟听竹,2025-05-03 01:28,浙江,RedV,0.0824
5161930919512657,5162027741350759,手机移栋用户,2025-05-03 01:26,广东,Regular,0.1739
5161930919512657,5162027711987862,龙城飞将后,2025-05-03 01:26,广东,Regular,0.0142
5161623836690499,5161767555827605,舞舞则天,2025-05-02 08:12,福建,Regular,0.079
5162645804816452,5162653665460884,下着大雨什么时候天气晴朗,2025-05-04 18:53,浙江,Regular,0.5885
5161940519225342,5162017069468760,财肥妹,2025-05-03 00:43,广东,Regular,0.0935
5161769111914477,5162189120341151,云淡风轻的风儿,2025-05-03 12:07,北京,Regular,0.5885
5162032966927796,5162137539577211,蝶兰博科,2025-05-03 08:42,河南,Regular,0.3141
4897196685656865,5162120183283760,千年老人2016,2025-05-03 07:33,北京,YellowV,0.0401
5161310149673597,5162037495727086,此乃神矣,2025-05-03 02:05,福建,Regular,0.2634
5161310149673597,5162037492843202,酒店lifes,2025-05-03 02:05,重庆,Regular,0.0993
5161310149673597,5162037399782807,蔡文级音乐,2025-05-03 02:04,福建,Regular,0.0397
5161310149673597,5162037400568335,桂冠诗人喝醉了,2025-05-03 02:04,福建,Regular,0.0055
5161310149673597,5162037399519522,热火的鱼_836,2025-05-03 02:04,福建,Regular,0.0141
5161310149673597,5162037396112175,蜗牛biubiu,2025-05-03 02:04,福建,Regular,0.0059
5161310149673597,5162037395063714,忧伤的陈某人,2025-05-03 02:04,广东,Regular,0.007
5162587559564503,5162696953562601,孙_上善若水,2025-05-04 21:45,北京,YellowV,0.0346
5162253289261424,5162332212692747,猴哥行云,2025-05-03 21:36,河北,Regular,0.2022
5161769111914477,5162332196963428,乂一乂08256,2025-05-03 21:36,天津,Regular,0.994
5162648992481846,5162668752373048,火星人浣熊,2025-05-04 19:53,云南,Regular,0.0217
5162645804816452,5162667123939849,小小浣焸,2025-05-04 19:47,青海,Regular,0.0598
5158577405170352,5162639677194458,睡关晓彤,2025-05-04 17:57,广东,Regular,0.7868
5162639166279368,5162639296041249,秋名山街猫,2025-05-04 17:56,山东,RedV,0.9639
5162632638890129,5162639202977123,微博时事,2025-05-04 17:56,北京,BlueV,0.5
5161930919512657,5162027707269703,止水浮身,2025-05-03 01:26,山东,Regular,0.7413
5161930919512657,5162027699406450,鼠尾草111,2025-05-03 01:26,江西,Regular,0.9955
5161930919512657,5162027691017847,小小心心大大梦,2025-05-03 01:26,浙江,Regular,0.9058
5161930919512657,5162027689446802,寒冰绵掌残粉,2025-05-03 01:26,江西,Regular,0.2438
5161930919512657,5162027689706752,wzy嘀嗒嘀嗒,2025-05-03 01:26,福建,Regular,0.0222
5161930919512657,5162027689709111,今晚在家了,2025-05-03 01:26,福建,Regular,0.3831
5161930919512657,5162027689969864,真味道美食,2025-05-03 01:26,湖北,Regular,0.9956
5161930919512657,5162027689969884,笑笑_她爸,2025-05-03 01:26,福建,Regular,0.323
5161930919512657,5162027691018955,嘻嘻哈哈汪二二,2025-05-03 01:26,广东,Regular,0.2763
5162648035395284,5162653410133162,七月梅子青,2025-05-04 18:52,天津,RedV,0.0235
5162503030967106,5162652092075651,jqzhao2018,2025-05-04 18:47,北京,Regular,0.0146
5162645221018300,5162682521747619,历史光隙,2025-05-04 20:48,辽宁,Regular,0.0006
5162496843580038,5162682428948624,刘耘博士,2025-05-04 20:47,江苏,GoldV,0.0061
5162620417476493,5162681624692134,小小浣焸,2025-05-04 20:44,青海,Regular,0.046
5161838268123122,5162177870692759,珍当前V展未来,2025-05-03 11:22,上海,Regular,0.8112
5161758579228896,5162137064833708,西风凋碧树独上高楼望尽天涯明月,2025-05-03 08:40,江苏,Regular,0.0347
5162119046889570,5162119499088744,白眉大侠5995,2025-05-03 07:30,内蒙古,Regular,0.0783
5161310149673597,5162037391918114,sun青8,2025-05-03 02:04,广东,Regular,0.0032
5161310149673597,5162037390869199,止水浮身,2025-05-03 02:04,山东,Regular,0.001
5161310149673597,5162037396111371,绝对疯狂a,2025-05-03 02:04,山东,Regular,0.0022
5161310149673597,5162037396111734,JIE-HUAN,2025-05-03 02:04,浙江,Regular,0.0077
5161310149673597,5162037392179912,jeyfer风,2025-05-03 02:04,广东,Regular,0.2186
5161310149673597,5162037392179212,蓝天蓝天蓝天蓝天蓝天百,2025-05-03 02:04,湖南,Regular,0.0106
5161310149673597,5162037390868932,微辣酱爆兔,2025-05-03 02:04,福建,Regular,0.0021
5161310149673597,5162037387461347,萝莉牛X王,2025-05-03 02:04,福建,Regular,0.0006
5161310149673597,5162037387462607,绍兴PoLo派,2025-05-03 02:04,浙江,Regular,0.0183
5161310149673597,5162037387723363,嘻嘻哈哈汪二二,2025-05-03 02:04,广东,Regular,0.0048
5161905219967967,5162149959434408,三尺浪A,2025-05-03 09:32,山东,Regular,0.5
5162122088024244,5162149887345035,围观的castagna,2025-05-03 09:31,江西,Regular,0.5885
5161975906572006,5162149877907686,醉卧沙场卿莫笑,2025-05-03 09:31,云南,YellowV,0.0157
5161940519225342,5162149723508658,我就是二狗,2025-05-03 09:31,广东,GoldV,0.0093
5162158427739039,5162666608559105,受害人毛秀红,2025-05-04 19:45,河北,Regular,0.0348
5162356352485212,5162639123811426,像竟团队,2025-05-04 17:55,上海,Regular,0.0737
5162481395697828,5162638216790022,杨先生看世界2008,2025-05-04 17:52,天津,Regular,0.5885
5161973264945287,5162638137100586,sfw的赛博日记,2025-05-04 17:51,河北,Regular,0.0692
5162626817723068,5162637756996775,财经高见,2025-05-04 17:50,上海,Regular,0.005
5161930919512657,5162027694686907,娘了个龙西撇,2025-05-03 01:26,浙江,Regular,0.002
5161930919512657,5162027694687001,侯金龍Sleeping,2025-05-03 01:26,浙江,Regular,0.365
5161930919512657,5162027695473064,宏腾love,2025-05-03 01:26,福建,Regular,0.2774
5161930919512657,5162027690757282,HUOL1ANG,2025-05-03 01:26,福建,Regular,0.6898
5161930919512657,5162027690232318,鲜蘑咖啡,2025-05-03 01:26,广东,Regular,0.0958
5161933876498321,5162027246158121,特滴烂,2025-05-03 01:24,江苏,Regular,0.8103
5161933876498321,5162027241703299,不了了之也,2025-05-03 01:24,江苏,Regular,0.8155
5161933876498321,5162027241439620,秃顶老头莱喽,2025-05-03 01:24,江西,Regular,0.9008
5161933876498321,5162027203690634,调皮小熊猫5,2025-05-03 01:24,福建,Regular,0.3402
5162305520930404,5162651073380464,但其实,2025-05-04 18:43,重庆,Regular,0.5495
5162645804816452,5162681360717901,风炎雨,2025-05-04 20:43,浙江,YellowV,0.0221
5162307474950667,5162625090191712,今晚在家了,2025-05-04 17:00,福建,Regular,0.0149
5162307474950667,5162625089930425,救赎与放飞,2025-05-04 17:00,广东,Regular,0.1705
5162307474950667,5162625089144188,胖等等0912,2025-05-04 17:00,福建,Regular,0.0241
5162307474950667,5162625088358013,璀星闪耀,2025-05-04 17:00,江苏,Regular,0.0004
5162307474950667,5162625088882126,起名字忒辛苦,2025-05-04 17:00,浙江,Regular,0.83
5162307474950667,5162625089667403,这儿十一,2025-05-04 17:00,福建,Regular,0.9952
5162307474950667,5162625089668326,自由自在720101,2025-05-04 17:00,福建,Regular,0.2624
5162307474950667,5162625089929567,JIE-HUAN,2025-05-04 17:00,浙江,Regular,0.0004
5162307474950667,5162625088357112,岁月11无痕,2025-05-04 17:00,浙江,Regular,0.0004
5162307474950667,5162625088357192,伯弨核記,2025-05-04 17:00,广东,Regular,0.0004
5161424750119462,5161782580089152,定型金刚198101,2025-05-02 09:12,江苏,Regular,0.0065
5161779790613495,5161781992622857,星垂平野阔_月涌大江流,2025-05-02 09:09,山东,Regular,0.0065
5162138578978045,5162177619559857,艾菲尔铁塔尖的眺望,2025-05-03 11:21,北京,Regular,0.4275
5161769111914477,5162177389658489,天气好极了金几乎没有,2025-05-03 11:21,山东,Regular,0.0221
5162180723086950,5162187970841652,沈良-宏观价值投资,2025-05-03 12:03,上海,GoldV,0.3976
5161769111914477,5162187800448976,归乡梦中人,2025-05-03 12:02,辽宁,Regular,0.254
5161940519225342,5162118883049712,MAMENLUXIFA,2025-05-03 07:28,湖北,Regular,0.5885
5162122088024244,5162136943722746,动机资本,2025-05-03 08:40,湖北,Regular,0.012
5161310149673597,5162037387985483,胖等等0912,2025-05-03 02:04,福建,Regular,0.0007
5161310149673597,5162037388248328,娘了个龙西撇,2025-05-03 02:04,浙江,Regular,0.7848
5161310149673597,5162037388510770,今晚在家了,2025-05-03 02:04,福建,Regular,0.0875
5161310149673597,5162037388511015,笑笑_她爸,2025-05-03 02:04,福建,Regular,0.0004
5161310149673597,5162037388511814,紫轩芸儿,2025-05-03 02:04,浙江,Regular,0.0006
5161310149673597,5162037386675673,龙城飞将后,2025-05-03 02:04,广东,Regular,0.0123
5161310149673597,5162037387984983,铭烁北鼻,2025-05-03 02:04,福建,Regular,0.0948
5161310149673597,5162037383006274,wzy嘀嗒嘀嗒,2025-05-03 02:04,福建,Regular,0.0167
5161310149673597,5162037388509394,liling3229,2025-05-03 02:04,福建,Regular,0.0062
5161310149673597,5162037387723062,温暖阳光嘟嘟鱼,2025-05-03 02:04,上海,Regular,0.0235
5162349480644867,5162695189336498,明UC星之草根微博,2025-05-04 21:38,安徽,Regular,0.9691
5162126805306597,5162149719572515,努力让我快乐,2025-05-03 09:31,北京,Regular,0.9964
5162587559564503,5162665828422608,西红柿99688,2025-05-04 19:41,安徽,Regular,0.0091
5162633892464460,5162637516866487,微博时事,2025-05-04 17:49,北京,BlueV,0.5
5161933876498321,5162027203690549,我住隔壁我姓钱丶,2025-05-03 01:24,浙江,Regular,0.0653
5161933876498321,5162027200286374,搖擺尐青姩,2025-05-03 01:24,湖南,Regular,0.2297
5161933876498321,5162027199498876,蔡文级音乐,2025-05-03 01:24,福建,Regular,0.3822
5161933876498321,5162027198712033,南波万小怪兽619,2025-05-03 01:24,福建,Regular,0.0538
5161933876498321,5162027195043128,笑笑_她爸,2025-05-03 01:24,福建,Regular,0.1246
5161933876498321,5162027194517214,Zhenhangsu,2025-05-03 01:24,福建,Regular,0.1132
5161933876498321,5162027196353945,热火的鱼_836,2025-05-03 01:24,福建,Regular,0.631
5161933876498321,5162027196353033,这儿十一,2025-05-03 01:24,福建,Regular,0.804
5161933876498321,5162027195829326,嘻嘻哈哈汪二二,2025-05-03 01:24,广东,Regular,0.9651
5162626817723068,5162649441275745,雪里青松追梦人,2025-05-04 18:36,山东,Regular,0.5885
5161310149673597,5162037387198684,岁月11无痕,2025-05-03 02:04,浙江,Regular,0.0088
5161376877641818,5162036570359788,南冰洋杨,2025-05-03 02:01,广西,Regular,0.0902
5161376877641818,5162036493287874,黑白配俊俊,2025-05-03 02:01,福建,Regular,0.0049
5161376877641818,5162036489355861,骑着猫流浪的鱼,2025-05-03 02:01,福建,Regular,0.879
5161376877641818,5162036451345530,公益服务中心,2025-05-03 02:00,福建,Regular,0.8784
5161376877641818,5162036447151280,sun青8,2025-05-03 02:00,广东,Regular,0.9484
5161376877641818,5162036451868792,蜗牛biubiu,2025-05-03 02:00,福建,Regular,0.0117
5161376877641818,5162036447414447,这儿十一,2025-05-03 02:00,福建,Regular,0.0134
5161577187901651,5162693238462720,vivilee0410,2025-05-04 21:30,广东,YellowV,0.0813
5162408351891707,5162693124690230,技术侠归来,2025-05-04 21:30,内蒙古,Regular,0.5885
5161975982071076,5162149467915901,微博海外,2025-05-03 09:30,中国香港,BlueV,0.8649
5161769111914477,5162149434884758,金石正思维finekeeper,2025-05-03 09:29,广东,Regular,0.1999
5162561055228706,5162664030113660,不变了回525,2025-05-04 19:34,北京,Regular,0.0214
5162645804816452,5162663639782814,凡事存在即合理_即有其必然性,2025-05-04 19:33,上海,Regular,0.79
5162336526014355,5162663613308347,用户7884824825,2025-05-04 19:33,云南,Regular,0.5885
5162356352485212,5162635390879247,牛钝在冲浪,2025-05-04 17:40,浙江,Regular,0.5885
5161933876498321,5162027198710268,传奇人生就是我1,2025-05-03 01:24,福建,Regular,0.066
5161933876498321,5162027200283560,今晚在家了,2025-05-03 01:24,福建,Regular,0.8312
5161933876498321,5162027187701576,HUOL1ANG,2025-05-03 01:24,福建,Regular,0.7025
5161933876498321,5162027187438365,gosky00000,2025-05-03 01:24,福建,Regular,0.7417
5161971277106207,5162026504029080,liminghong李明洪,2025-05-03 01:21,福建,Regular,0.7035
5161971277106207,5162026452912247,酒店lifes,2025-05-03 01:21,重庆,Regular,0.9729
5161971277106207,5162026432203491,黑白配俊俊,2025-05-03 01:21,福建,Regular,0.9947
5161971277106207,5162026368238760,蜗牛biubiu,2025-05-03 01:20,福建,Regular,0.0011
5162609989387476,5162647071231557,湾区兰公子,2025-05-04 18:27,广东,Regular,0.0214
5162199375154587,5162679132493178,猛虎下山快乐找吃,2025-05-04 20:34,广东,Regular,0.9576
5161821120497169,5162013191571599,奚正仁的小屋,2025-05-03 00:28,北京,Regular,0.5885
5162156972053046,5162176940606789,歌乐行者,2025-05-03 11:19,重庆,YellowV,0.2534
5162151837434087,5162176822905770,笔墨砚,2025-05-03 11:18,上海,Regular,0.9216
5162144422166583,5162176763922700,歌乐行者,2025-05-03 11:18,重庆,YellowV,0.0228
5162138578978045,5162176735088313,卢麒元,2025-05-03 11:18,广东,GoldV,0.1242
5162135227990913,5162176684229623,股展博-大时代,2025-05-03 11:18,江西,Regular,0.8023
5162113303577805,5162118334384725,六元多一元儿,2025-05-03 07:26,北京,Regular,0.3506
5162122088024244,5162136225714897,伊人19413,2025-05-03 08:37,上海,Regular,0.6756
5161376877641818,5162036447675698,jeyfer风,2025-05-03 02:00,广东,Regular,0.5698
5161376877641818,5162036447937892,BIG-SAM-L,2025-05-03 02:00,福建,Regular,0.0117
5161376877641818,5162036447938020,梵羽默,2025-05-03 02:00,福建,Regular,0.0008
5161376877641818,5162036448200559,龙城飞将后,2025-05-03 02:00,广东,Regular,0.0387
5161376877641818,5162036451344451,侯金龍Sleeping,2025-05-03 02:00,浙江,Regular,0.1319
5161376877641818,5162036448200775,紫轩芸儿,2025-05-03 02:00,浙江,Regular,0.341
5161376877641818,5162036448462698,传奇人生就是我1,2025-05-03 02:00,福建,Regular,0.0036
5161376877641818,5162036452392969,寒冰绵掌残粉,2025-05-03 02:00,江西,Regular,0.0227
5161376877641818,5162036452130876,东北特产正宗,2025-05-03 02:00,湖南,Regular,0.0006
5162151430066679,5162164176814675,兔柒柒柒柒柒柒柒柒,2025-05-03 10:28,河南,Regular,0.109
5161769111914477,5162149199742346,明夷wxq,2025-05-03 09:29,黑龙江,Regular,0.5
5161971277106207,5162026364568883,不开口跟我说,2025-05-03 01:20,江苏,Regular,0.1129
5161971277106207,5162026365356084,桂冠诗人喝醉了,2025-05-03 01:20,福建,Regular,0.0313
5161971277106207,5162026365093605,JIE-HUAN,2025-05-03 01:20,浙江,Regular,0.0171
5161971277106207,5162026364044665,乐观开朗善良,2025-05-03 01:20,江苏,Regular,0.0008
5161971277106207,5162026364046085,传奇人生就是我1,2025-05-03 01:20,福建,Regular,0.9966
5161971277106207,5162026364308052,Zhenhangsu,2025-05-03 01:20,福建,Regular,0.9872
5161971277106207,5162026368762611,急吼吼jhg,2025-05-03 01:20,福建,Regular,0.4512
5161971277106207,5162026369024567,寒冰绵掌残粉,2025-05-03 01:20,江西,Regular,0.5989
5161971277106207,5162026369287063,侯金龍Sleeping,2025-05-03 01:20,浙江,Regular,0.9218
5162633892464460,5162646362918220,非虚构原创小说,2025-05-04 18:24,湖南,Regular,0.0487
5162537805155517,5162677170608599,随风奔跑1611,2025-05-04 20:26,江苏,Regular,0.0245
5161791229002969,5162012707393338,飘着等房_671,2025-05-03 00:26,安徽,Regular,0.1434
5161991280007064,5162117942478345,歌乐行者,2025-05-03 07:24,重庆,YellowV,0.2816
5161940519225342,5162117925701052,喜欢真善美123,2025-05-03 07:24,安徽,Regular,0.0048
5162511076163658,5162563831075478,第一球迷胖哥,2025-05-04 12:56,福建,GoldV,0.0828
5162556130331613,5162563776283654,神仙607,2025-05-04 12:56,天津,Regular,0.109
5161376877641818,5162036451607015,幸福的小嘿嘿哦,2025-05-03 02:00,安徽,Regular,0.1455
5161376877641818,5162036448987106,鲜蘑咖啡,2025-05-03 02:00,广东,Regular,0.0305
5161376877641818,5162036448986403,HUOL1ANG,2025-05-03 02:00,福建,Regular,0.0125
5161376877641818,5162036447937586,wzy嘀嗒嘀嗒,2025-05-03 02:00,福建,Regular,0.0031
5161376877641818,5162036448725150,美是一种艺术人生,2025-05-03 02:00,江西,Regular,0.0004
5162038721249454,5162330489621376,黑狐52055,2025-05-03 21:29,安徽,Regular,0.5885
5162199375154587,5162330394202380,财倍倍-倍倍,2025-05-03 21:29,湖南,YellowV,0.1234
5162491249950831,5162592176964792,方之夫,2025-05-04 14:49,上海,GoldV,0.0053
5162147026569326,5162148955423381,小心肝dorothy,2025-05-03 09:28,湖南,Regular,0.0005
5162147026569326,5162148948609026,云飞扬9898,2025-05-03 09:28,浙江,Regular,0.0004
5162147026569326,5162148948608854,小小心心大大梦,2025-05-03 09:28,浙江,Regular,0.0113
5162147026569326,5162148947821832,坤男人不狠万事难成,2025-05-03 09:28,广东,Regular,0.0012
5162122088024244,5162164121768788,用户7957551424,2025-05-03 10:28,江苏,Regular,0.9965
5161971277106207,5162026369549958,飞驰人生轨迹上,2025-05-03 01:20,江西,Regular,0.238
5161971277106207,5162026370073303,这儿十一,2025-05-03 01:20,福建,Regular,0.9704
5161971277106207,5162026365094430,胖等等0912,2025-05-03 01:20,福建,Regular,0.0042
5161971277106207,5162026368500708,L松松S,2025-05-03 01:20,福建,Regular,0.9621
5161971277106207,5162026364569633,小小心心大大梦,2025-05-03 01:20,浙江,Regular,0.0064
5161971277106207,5162026365616607,蔡文级音乐,2025-05-03 01:20,福建,Regular,0.0849
5161971277106207,5162026360899127,起名字忒辛苦,2025-05-03 01:20,浙江,Regular,0.0063
5161971277106207,5162026360898866,时间煮雨YOU,2025-05-03 01:20,江苏,Regular,0.0198
5161971277106207,5162026360637679,东北特产正宗,2025-05-03 01:20,湖南,Regular,0.9326
5161971277106207,5162026360374093,美是一种艺术人生,2025-05-03 01:20,江西,Regular,0.54
5162331026758111,5162621011756282,黑白配俊俊,2025-05-04 16:43,福建,Regular,0.3117
5161445026959451,5162606303905533,夏天了Y_,2025-05-04 15:45,上海,Regular,0.5865
5161838268123122,5162011436781028,九三樊,2025-05-03 00:21,黑龙江,YellowV,0.5885
5162133859864064,5162175556747709,瑞华陶瓷陈公子,2025-05-03 11:13,浙江,Regular,0.2853
5162555412844242,5162577357177447,麻瓜电影,2025-05-04 13:50,北京,RedV,0.1549
5162122088024244,5162135852943093,专业戳轮胎熊律师,2025-05-03 08:35,上海,GoldV,0.9898
5162588439315375,5162591446112060,多多静静安好,2025-05-04 14:46,北京,Regular,0.033
5161940729205629,5162163376231546,快看是坏人,2025-05-03 10:25,福建,Regular,0.5885
5162147026569326,5162148947558541,传奇人生就是我1,2025-05-03 09:27,福建,Regular,0.0022
5162147026569326,5162148943104580,采采狗尾草,2025-05-03 09:27,福建,Regular,0.0195
5162147026569326,5162148942581979,碟舞满天lu,2025-05-03 09:27,福建,Regular,0.0325
5162147026569326,5162148947035442,好好学习好好玩吧,2025-05-03 09:27,重庆,Regular,0.1091
5162147026569326,5162148944416927,相约在冬季777,2025-05-03 09:27,福建,Regular,0.0065
5162147026569326,5162148944153921,摩羯joe小凡_142,2025-05-03 09:27,福建,Regular,0.9577
5162147026569326,5162148947296490,李允霆,2025-05-03 09:27,江苏,Regular,0.0019
5162147026569326,5162148947296300,virgo-JingQueen,2025-05-03 09:27,浙江,Regular,0.0058
5161971277106207,5162026360114463,鲜蘑咖啡,2025-05-03 01:20,广东,Regular,0.5586
5161971277106207,5162026360114062,搖擺尐青姩,2025-05-03 01:20,湖南,Regular,0.0005
5162147026569326,5162148947558910,Miss_鄧鄧,2025-05-03 09:27,福建,Regular,0.0022
5161971277106207,5162026359851230,黄金坑王者,2025-05-03 01:20,福建,Regular,0.8617
5162147026569326,5162148947558702,Zhenhangsu,2025-05-03 09:27,福建,Regular,0.0725
5161971277106207,5162026359850551,温暖阳光嘟嘟鱼,2025-05-03 01:20,上海,Regular,0.9727
5161971277106207,5162026361162159,热火的鱼_836,2025-05-03 01:20,福建,Regular,0.0911
5161971277106207,5162026360900298,fun丶小虎,2025-05-03 01:20,福建,Regular,0.7367
5161971277106207,5162026365354913,真味道美食,2025-05-03 01:20,湖北,Regular,0.1792
5161971277106207,5162026364830614,liling3229,2025-05-03 01:20,福建,Regular,0.1587
5161971277106207,5162026364306308,止水浮身,2025-05-03 01:20,山东,Regular,0.1175
5162609989387476,5162644117917082,用户26oheqbqh8,2025-05-04 18:15,福建,Regular,0.0204
5161564160659312,5162011043303065,骑着猫流浪的鱼,2025-05-03 00:20,福建,Regular,0.9981
5161971277106207,5162175002315180,LonelyTheSquareRootOfThree,2025-05-03 11:11,云南,Regular,0.2398
5162331320093834,5162560962430842,黄家阿桂2024,2025-05-04 12:45,上海,Regular,0.5885
5162587559564503,5162590020305984,2025上岸max,2025-05-04 14:40,山东,Regular,0.0056
5162046983242002,5162632634173449,稻草男人拜阔以,2025-05-04 17:30,福建,Regular,0.9767
5162046983242002,5162632626835003,鄢行军,2025-05-04 17:29,福建,Regular,0.8837
5162135723181105,5162632623162601,lom2019,2025-05-04 17:29,湖北,Regular,0.991
5162046983242002,5162632621854917,热火的鱼_836,2025-05-04 17:29,福建,Regular,0.0668
5162046983242002,5162632597999647,小_小阿歆菌,2025-05-04 17:29,湖南,Regular,0.9789
5162046983242002,5162632597212076,忧伤的陈某人,2025-05-04 17:29,广东,Regular,0.883
5162046983242002,5162632596687650,蜗牛biubiu,2025-05-04 17:29,福建,Regular,0.9946
5162046983242002,5162632596689073,搖擺尐青姩,2025-05-04 17:29,湖南,Regular,0.9362
5162046983242002,5162632597211312,jeyfer风,2025-05-04 17:29,广东,Regular,0.8261
5161769111914477,5162148795777865,华乐思文,2025-05-03 09:27,广东,Regular,0.5885
5162046983242002,5162632597473690,曾经心痛过之后,2025-05-04 17:29,广东,Regular,0.9796
5162122088024244,5162148658413720,清松挺且直,2025-05-03 09:26,山东,Regular,0.5885
5162617040274264,5162618478397358,微博时事,2025-05-04 16:33,北京,BlueV,0.5
5161803684250252,5162010291999642,幻城之夜2,2025-05-03 00:17,福建,Regular,0.0872
5161803684250252,5162010292000704,燕归山河月,2025-05-03 00:17,浙江,Regular,0.0197
5161803684250252,5162010288588237,zero94775,2025-05-03 00:17,浙江,Regular,0.9481
5161803684250252,5162010271548586,我住隔壁我姓钱丶,2025-05-03 00:16,浙江,Regular,0.0862
5161803684250252,5162010266567620,不开口跟我说,2025-05-03 00:16,江苏,Regular,0.3418
5161803684250252,5162010263423135,骆驼祥子海底世界,2025-05-03 00:16,福建,Regular,0.5734
5161803684250252,5162010263163140,公益服务中心,2025-05-03 00:16,福建,Regular,0.1031
5161803684250252,5162010262900573,小小心心大大梦,2025-05-03 00:16,浙江,Regular,0.2056
5161803684250252,5162010262638463,绝对疯狂a,2025-05-03 00:16,山东,Regular,0.0944
5162558705372953,5162559452482634,默罕默德姬,2025-05-04 12:39,河南,Regular,0.3902
5162199375154587,5162691031731059,杨培安吧官方微博,2025-05-04 21:22,北京,Regular,0.0056
5162690444270299,5162690722400321,章财有道,2025-05-04 21:20,广东,Regular,0.116
5162626817723068,5162705526723440,中型无产阶级,2025-05-04 22:19,天津,Regular,0.0213
5162324948422108,5162325338488920,sun青8,2025-05-03 21:08,广东,Regular,0.6508
5162491249950831,5162657242682716,我就是喜欢看小说,2025-05-04 19:07,重庆,GoldV,0.0007
5162046983242002,5162632597999218,櫻小盆友__elizabethkim,2025-05-04 17:29,广东,Regular,0.992
5162046983242002,5162632597211870,king-lft,2025-05-04 17:29,福建,Regular,0.944
5162046983242002,5162632597211522,嘻嘻哈哈汪二二,2025-05-04 17:29,广东,Regular,0.9038
5162046983242002,5162632591968325,龙城飞将后,2025-05-04 17:29,广东,Regular,0.9598
5162046983242002,5162632596685893,梵羽默,2025-05-04 17:29,福建,Regular,0.8898
5162046983242002,5162632593278742,有意思没意思有意思有没有意思,2025-05-04 17:29,湖北,Regular,0.8694
5162046983242002,5162632593018753,gosky00000,2025-05-04 17:29,福建,Regular,0.9119
5162046983242002,5162632593018255,海边沙滩度假风,2025-05-04 17:29,江西,Regular,0.99
5162046983242002,5162632593017559,鼠尾草111,2025-05-04 17:29,江西,Regular,0.9805
5161971277106207,5162026364044079,龙城飞将后,2025-05-03 01:20,广东,Regular,0.0008
5161971277106207,5162026361687320,gosky00000,2025-05-03 01:20,福建,Regular,0.7708
5161971277106207,5162026361686136,笑笑_她爸,2025-05-03 01:20,福建,Regular,0.0095
5161971277106207,5162026361685877,BIG-SAM-L,2025-05-03 01:20,福建,Regular,0.0066
5161971277106207,5162026361422892,wzy嘀嗒嘀嗒,2025-05-03 01:20,福建,Regular,0.1095
5161971277106207,5162026361422870,海边沙滩度假风,2025-05-03 01:20,江西,Regular,0.9009
5161971277106207,5162026361422273,今晚在家了,2025-05-03 01:20,福建,Regular,0.9918
5161971277106207,5162026360898183,幸福的小嘿嘿哦,2025-05-03 01:20,安徽,Regular,0.0019
5161971277106207,5162026360636412,BlackDay9409,2025-05-03 01:20,广西,Regular,0.7063
5161971277106207,5162026360112347,四芯轴端子压接工具,2025-05-03 01:20,福建,Regular,0.7047
5162122088024244,5162163015255137,只撮不进煨灶猫,2025-05-03 10:23,上海,Regular,0.5885
5161769111914477,5162162738692865,文墨飞剑,2025-05-03 10:22,广东,Regular,0.4279
5162527881167647,5162617511086459,日经中文网,2025-05-04 16:29,,BlueV,0.15
5162532001025471,5162617250516032,BLUEisLAOBA,2025-05-04 16:28,江苏,Regular,0.0116
5162548174260893,5162617152734470,日经中文网,2025-05-04 16:28,,BlueV,0.5355
5155327512675216,5162673214064457,AYYYYAo_,2025-05-04 20:11,河南,YellowV,0.5885
5162503839681772,5162574653427552,大连老顽童2012,2025-05-04 13:39,辽宁,Regular,0.1242
5161940519225342,5162115552773538,财不如健康,2025-05-03 07:15,河南,RedV,0.0006
5161961319564541,5162115069903987,小散首领,2025-05-03 07:13,河南,YellowV,0.0119
5161940519225342,5162114995719046,为吃货争口气,2025-05-03 07:13,福建,Regular,0.5885
5162701081021407,5162704352318044,军武大伊万,2025-05-04 22:14,安徽,RedV,0.0086
5162587559564503,5162588762540593,春风送暖yan,2025-05-04 14:35,辽宁,Regular,0.001
5162046983242002,5162632593016499,桂冠诗人喝醉了,2025-05-04 17:29,福建,Regular,0.9772
5162543984150579,5162547741982738,许多橙子,2025-05-04 11:52,浙江,Regular,0.0007
5162046983242002,5162632592757335,BIG-SAM-L,2025-05-04 17:29,福建,Regular,0.7721
5162046983242002,5162632592495262,温暖阳光嘟嘟鱼,2025-05-04 17:29,上海,Regular,0.9847
5162046983242002,5162632592493113,寒冰绵掌残粉,2025-05-04 17:29,江西,Regular,0.6781
5162046983242002,5162632592235146,美是一种艺术人生,2025-05-04 17:29,江西,Regular,0.9469
5161971277106207,5162026356181008,怎么吃不饱666,2025-05-03 01:20,福建,Regular,0.8765
5161971277106207,5162026355919325,铭烁北鼻,2025-05-03 01:20,福建,Regular,0.0019
5162046983242002,5162632592234502,南波万小怪兽619,2025-05-04 17:29,福建,Regular,0.9176
5161940519225342,5162026063102293,细马赶三老,2025-05-03 01:19,浙江,YellowV,0.9749
5162046983242002,5162632591971047,Alan的孤单,2025-05-04 17:29,福建,Regular,0.9233
5162046983242002,5162632593280457,娘了个龙西撇,2025-05-04 17:29,浙江,Regular,0.9295
5162046983242002,5162632596686032,绝对疯狂a,2025-05-04 17:29,山东,Regular,0.8292
5162143788564972,5162148138319944,财鱼鱼_姐姐,2025-05-03 09:24,上海,RedV,0.9968
5162046983242002,5162632597996813,仰望那片净土,2025-05-04 17:29,湖南,Regular,0.6947
5161737989390567,5162162458198346,东湖子非君,2025-05-03 10:21,安徽,Regular,0.5885
5162026775349580,5162162353345410,只是心不忍,2025-05-03 10:21,辽宁,Regular,0.0005
5162511796275643,5162616531977193,日经中文网,2025-05-04 16:26,,BlueV,0.0165
5162587559564503,5162672589378342,张玉珏Sunny,2025-05-04 20:08,江苏,Regular,0.4935
5162525714024815,5162672162342265,廖孝炳新媒体服队,2025-05-04 20:07,海南,Regular,0.5834
5161803684250252,5162010262378124,曾经心痛过之后,2025-05-03 00:16,广东,Regular,0.1516
5161803684250252,5162010258704939,传奇人生就是我1,2025-05-03 00:16,福建,Regular,0.5824
5162481395697828,5162672015280229,天道树冠,2025-05-04 20:06,黑龙江,Regular,0.001
5161803684250252,5162010263422652,乐观开朗善良,2025-05-03 00:16,江苏,Regular,0.1313
5161803684250252,5162010258705132,蜗牛biubiu,2025-05-03 00:16,福建,Regular,0.3621
5161803684250252,5162010258442629,gosky00000,2025-05-03 00:16,福建,Regular,0.1703
5161803684250252,5162010257921374,调皮小熊猫5,2025-05-03 00:16,福建,Regular,0.0156
5162122088024244,5162172415739520,华丽的shuang111,2025-05-03 11:01,瑞士,Regular,0.9235
5161803684250252,5162010258706147,JIE-HUAN,2025-05-03 00:16,浙江,Regular,0.5457
5162165430911439,5162172380354818,紅豆泥苦露西,2025-05-03 11:01,江苏,Regular,0.0102
5161803684250252,5162010258705723,急吼吼jhg,2025-05-03 00:16,福建,Regular,0.1269
5161803684250252,5162010259756802,鼠尾草111,2025-05-03 00:16,江西,Regular,0.1243
5162356352485212,5162573667503583,喜马laya888,2025-05-04 13:35,上海,Regular,0.9222
5057504847069566,5162558106635898,安然淡定chris_HeavenLight,2025-05-04 12:33,上海,Regular,0.5543
5162534488510528,5162587365311105,日月照山江,2025-05-04 14:30,四川,Regular,0.0137
5162515789513214,5162547657314269,秋名山街猫,2025-05-04 11:52,山东,RedV,0.8981
5162514813027275,5162518998943514,不再倒走的狼,2025-05-04 09:58,福建,Regular,0.0177
5162508203065945,5162547498451325,秋名山街猫,2025-05-04 11:51,山东,RedV,0.16
5162500706533836,5162547323602976,秋名山街猫,2025-05-04 11:51,山东,RedV,0.8972
5162285459309772,5162489113216520,财老湿,2025-05-04 07:59,上海,Regular,0.0869
5162046983242002,5162632592757098,萝莉牛X王,2025-05-04 17:29,福建,Regular,0.9404
5162046983242002,5162632593542180,宏腾love,2025-05-04 17:29,浙江,Regular,0.9963
5162046983242002,5162632597734034,调皮小熊猫5,2025-05-04 17:29,福建,Regular,0.9872
5162046983242002,5162632597211078,美美的我去旅行,2025-05-04 17:29,广东,Regular,0.9144
5162046983242002,5162632597209164,东北特产正宗,2025-05-04 17:29,湖南,Regular,0.9748
5162046983242002,5162632596947718,春月恋歌jm,2025-05-04 17:29,江苏,Regular,0.7948
5161961319564541,5162023969096517,庄生的一抹腮红,2025-05-03 01:11,河北,Regular,0.0005
5162046983242002,5162632596947156,绍兴PoLo派,2025-05-04 17:29,浙江,Regular,0.9754
5162046983242002,5162632596685550,丁丁5564965799,2025-05-04 17:29,福建,Regular,0.9934
5162134884057513,5162162256873671,微播EastEurope,2025-05-03 10:20,浙江,Regular,0.5885
5162046983242002,5162632596424863,公益服务中心,2025-05-04 17:29,福建,Regular,0.0628
5162046983242002,5162632593546390,止水浮身,2025-05-04 17:29,山东,Regular,0.7621
5161699816767667,5162022649464551,安然淡定chris_HeavenLight,2025-05-03 01:06,上海,Regular,0.1242
5162493401631902,5162615514333775,日经中文网,2025-05-04 16:21,,BlueV,0.0381
5162356352485212,5162473595863520,灵素咏絮,2025-05-04 06:58,江苏,Regular,0.0519
5162612280263495,5162614804710594,笑着寻梦,2025-05-04 16:19,浙江,YellowV,0.874
5162199375154587,5162458470678747,小李飞飞飞飞四刀,2025-05-04 05:57,上海,Regular,0.9713
5162322017393201,5162456586911768,calmlovefaith,2025-05-04 05:50,山东,Regular,0.5885
5162279809060011,5162440862728603,矢量跑酷0324,2025-05-04 04:47,北京,Regular,0.1269
5161803684250252,5162010262373058,绍兴PoLo派,2025-05-03 00:16,浙江,Regular,0.0782
5161803684250252,5162010262372913,桂冠诗人喝醉了,2025-05-03 00:16,福建,Regular,0.6525
5161803684250252,5162010263684015,止水浮身,2025-05-03 00:16,山东,Regular,0.8888
5161803684250252,5162010262637038,jeyfer风,2025-05-03 00:16,广东,Regular,0.0157
5162537643150375,5162573168118806,我的名字叫hong之3,2025-05-04 13:33,江苏,Regular,0.0057
5161803684250252,5162010259753300,南波万小怪兽619,2025-05-03 00:16,福建,Regular,0.1259
5162494486382073,5162533674288162,腊肉萝卜丝,2025-05-04 10:56,湖南,Regular,0.5885
5161803684250252,5162010259751961,寒冰绵掌残粉,2025-05-03 00:16,江西,Regular,0.4723
5161803684250252,5162010253987648,鲜蘑咖啡,2025-05-03 00:16,广东,Regular,0.0307
5161803684250252,5162010253988666,今晚在家了,2025-05-03 00:16,福建,Regular,0.1004
5161803684250252,5162010254249639,伯弨核記,2025-05-03 00:16,广东,Regular,0.1909
5162629695537496,5162688263495744,百年投资大变局,2025-05-04 21:11,广东,YellowV,0.0294
5161803684250252,5162010254250108,飞驰人生轨迹上,2025-05-03 00:16,江西,Regular,0.8751
5162498379483543,5162557791272961,吴彦祖_plus,2025-05-04 12:32,广东,Regular,0.5885
5158670671022832,5162557434500321,走在路上HE,2025-05-04 12:31,广东,Regular,0.0288
5162497997016838,5162518894612215,汤本,2025-05-04 09:58,广东,YellowV,0.0689
5161991280007064,5162113056376775,自然的张侃,2025-05-03 07:05,北京,Regular,0.2408
5162466888909623,5162488635590522,林间听溪静静的看着你,2025-05-04 07:57,北京,Regular,0.9199
5161961319564541,5162112280954407,财到伦家-滋补-普拉提,2025-05-03 07:02,上海,YellowV,0.0145
5162503660372573,5162503920420390,x-zbj,2025-05-04 08:58,浙江,Regular,0.0053
5162342417698566,5162547108647394,长安卧龙V,2025-05-04 11:50,陕西,RedV,0.0376
5162199375154587,5162488518935132,长安卧龙V,2025-05-04 07:57,陕西,RedV,0.0072
5162046983242002,5162632593545734,都市都市888,2025-05-04 17:29,河北,Regular,0.9975
5162046983242002,5162632593544138,Zhenhangsu,2025-05-04 17:29,山东,Regular,0.8387
5162046983242002,5162632593543650,紫轩芸儿,2025-05-04 17:29,浙江,Regular,0.5022
5162046983242002,5162632589086919,L0L丹儿,2025-05-04 17:29,浙江,Regular,0.8615
5162046983242002,5162632592492756,liling3229,2025-05-04 17:29,重庆,Regular,0.9615
5162046983242002,5162632591966423,蓝天蓝天蓝天蓝天蓝天百,2025-05-04 17:29,湖南,Regular,0.0524
5162046983242002,5162632588298307,L松松S,2025-05-04 17:29,福建,Regular,0.1292
5162127010566879,5162134660974072,king-lft,2025-05-03 08:31,福建,Regular,0.6554
5162046983242002,5162632588823501,怎么吃不饱666,2025-05-04 17:29,福建,Regular,0.5357
5162127010566879,5162134662021482,美是一种艺术人生,2025-05-03 08:31,江西,Regular,0.9903
5162046983242002,5162632589610674,时间煮雨YOU,2025-05-04 17:29,江苏,Regular,0.9832
5162127010566879,5162134662021235,黄金坑王者,2025-05-03 08:31,福建,Regular,0.982
5161958441485034,5162472953610534,黄_是耶非耶,2025-05-04 06:55,浙江,Regular,0.9835
5162127010566879,5162134658354550,有意思没意思有意思有没有意思,2025-05-03 08:31,湖北,Regular,0.3625
5162046983242002,5162632591966615,急吼吼jhg,2025-05-04 17:29,福建,Regular,0.9292
5102401835500661,5162614711917166,用户7936091568,2025-05-04 16:18,浙江,Regular,0.0049
5162464834224904,5162614372172419,深度碎片,2025-05-04 16:17,辽宁,Regular,0.0994
5162318607683620,5162614251323539,实用科技,2025-05-04 16:16,湖南,YellowV,0.0187
5162613198819610,5162613828488591,轉身永恆,2025-05-04 16:15,山东,Regular,0.0109
5162457237815540,5162613650489925,抠门姐的好物,2025-05-04 16:14,湖北,Regular,0.9072
5162331320093834,5162435691676038,尼克安闲,2025-05-04 04:27,安徽,RedV,0.0047
5161631999067456,5162147373913192,八九点钟的月亮wk69,2025-05-03 09:21,北京,RedV,0.0044
5161803684250252,5162010254251682,家有宝贝927,2025-05-03 00:16,福建,Regular,0.3785
5161803684250252,5162010254252267,幸福的小嘿嘿哦,2025-05-03 00:16,安徽,Regular,0.0739
5161803684250252,5162010254771947,wzy嘀嗒嘀嗒,2025-05-03 00:16,福建,Regular,0.348
5161803684250252,5162010254773175,真味道美食,2025-05-03 00:16,湖北,Regular,0.0652
5161803684250252,5162010254775213,这儿十一,2025-05-03 00:16,福建,Regular,0.396
5161803684250252,5162010255300712,嘻嘻哈哈汪二二,2025-05-03 00:16,广东,Regular,0.5442
5161803684250252,5162010255562266,搖擺尐青姩,2025-05-03 00:16,湖南,Regular,0.0858
5161803684250252,5162010255562798,蓝天蓝天蓝天蓝天蓝天百,2025-05-03 00:16,湖南,Regular,0.0967
5161803684250252,5162010257916092,热火的鱼_836,2025-05-03 00:16,福建,Regular,0.1675
5162391580181590,5162585206033077,梦娜袜业集市店,2025-05-04 14:21,山东,Regular,0.8165
5162046983242002,5162632592228783,fun丶小虎,2025-05-04 17:29,福建,Regular,0.9991
5162046983242002,5162632593277376,解祥泽,2025-05-04 17:29,浙江,Regular,0.8851
5162046983242002,5162632593277431,wzy嘀嗒嘀嗒,2025-05-04 17:29,福建,Regular,0.5816
5162046983242002,5162632593542514,HUOL1ANG,2025-05-04 17:29,福建,Regular,0.9749
5162046983242002,5162632593801751,传奇人生就是我1,2025-05-04 17:29,福建,Regular,0.9857
5162046983242002,5162632593801885,胖等等0912,2025-05-04 17:29,福建,Regular,0.9538
5161945611374978,5162134573156286,浅笑安然_aihua,2025-05-03 08:30,安徽,RedV,0.198
5162046983242002,5162632592752967,岁月11无痕,2025-05-04 17:29,浙江,Regular,0.8798
5162046983242002,5162632593277961,大唐不夜城之后,2025-05-04 17:29,广东,Regular,0.9959
5162046983242002,5162632593277216,小小心心大大梦,2025-05-04 17:29,浙江,Regular,0.9444
5162279809060011,5162612799834900,期待那一天的爱,2025-05-04 16:11,山西,YellowV,0.0012
5162457237815540,5162612561281777,薅资本羊毛,2025-05-04 16:10,湖北,Regular,0.9627
5162285459309772,5162433212317883,财爱闲仙,2025-05-04 04:17,北京,RedV,0.9752
5162367499899987,5162431374950582,幸福老实鼠,2025-05-04 04:10,浙江,Regular,0.0139
5162356352485212,5162451796754617,波衣,2025-05-04 05:31,江西,Regular,0.0007
5162229806142682,5162429240313029,尼克安闲,2025-05-04 04:01,安徽,RedV,0.0004
5161769111914477,5162146997470481,段丫头dyt贵州省市级非遗传承人,2025-05-03 09:20,贵州,Regular,0.9948
5162118728647445,5162471108904609,东湖子非君,2025-05-04 06:48,安徽,Regular,0.5885
5162523776517350,5162571233497790,小小浣焸,2025-05-04 13:26,青海,Regular,0.2338
5162080081805564,5162702277968653,河南科教兴豫_李探长V,2025-05-04 22:06,河南,Regular,0.0187
5161803684250252,5162010257916572,紫轩芸儿,2025-05-03 00:16,浙江,Regular,0.0662
5161803684250252,5162010258178280,BlackDay9409,2025-05-03 00:16,广西,Regular,0.0256
5161803684250252,5162010258703238,BIG-SAM-L,2025-05-03 00:16,福建,Regular,0.4719
5161803684250252,5162010259227115,温暖阳光嘟嘟鱼,2025-05-03 00:16,上海,Regular,0.97
5161803684250252,5162010259751800,海边沙滩度假风,2025-05-03 00:16,江西,Regular,0.4498
5161803684250252,5162010253727136,爱棣球1,2025-05-03 00:16,广东,Regular,0.9332
5162199375154587,5162686754066230,心怡悠游,2025-05-04 21:05,上海,Regular,0.5885
5161562672201946,5162009978734659,丨拜鳌,2025-05-03 00:15,福建,Regular,0.995
5162199375154587,5162426988233703,财重信,2025-05-04 03:52,上海,Regular,0.0311
5162199375154587,5162502989809253,跑者1985,2025-05-04 08:54,广东,Regular,0.0087
5161769111914477,5162487306781685,修身養心0,2025-05-04 07:52,中国澳门,Regular,0.4473
4226773895665563,5162502763315313,发展为人发展靠人18859929546,2025-05-04 08:53,福建,Regular,0.5885
5155327512675216,5162382842137464,小兔_乖乖_,2025-05-04 00:57,江苏,Regular,0.5885
5162340475737730,5162632346077071,用户7915723477,2025-05-04 17:28,重庆,Regular,0.5885
5163074591920962,5163077898338501,冬天穿搭分享,2025-05-05 22:59,甘肃,Regular,0.0088
5163074591920962,5163077885232091,热火的鱼_836,2025-05-05 22:59,福建,Regular,0.9938
5163074591920962,5163077872651626,king-lft,2025-05-05 22:59,福建,Regular,0.8182
5163074591920962,5163077868720963,爱棣球1,2025-05-05 22:59,广东,Regular,0.0209
5163074591920962,5163077872648530,寒冰绵掌残粉,2025-05-05 22:59,江西,Regular,0.0543
5162421224474162,5162448077193393,XYZTOUR,2025-05-04 05:16,江苏,Regular,0.1343
5163074591920962,5163077868719414,萝莉牛X王,2025-05-05 22:59,福建,Regular,0.1002
5163074591920962,5163077868459055,鲜蘑咖啡,2025-05-05 22:59,广东,Regular,0.076
5162199375154587,5162470708872473,采蜜娱乐,2025-05-04 06:46,福建,YellowV,0.005
5153138065278907,5162470152602603,老巴SMS,2025-05-04 06:44,江苏,YellowV,0.6765
5161769111914477,5162146627324614,庭久乂,2025-05-03 09:18,山东,Regular,0.1228
5162339129103211,5162570149005724,安然淡定chris_HeavenLight,2025-05-04 13:21,上海,Regular,0.0005
5162127493955993,5162146606351414,科学未来人,2025-05-03 09:18,安徽,GoldV,0.0041
5156100928177139,5163062680096524,仰止条侯,2025-05-05 21:58,重庆,GoldV,0.0183
5162572237509740,5162582232007282,涛财神,2025-05-04 14:09,广东,RedV,0.0283
5161769111914477,5162545083060549,星星之火-CD,2025-05-04 11:42,四川,Regular,0.5885
5162642381476966,5162686086128862,一品白牙,2025-05-04 21:02,江苏,RedV,0.1292
5162336526014355,5162555019888269,老王谈改革,2025-05-04 12:21,甘肃,GoldV,0.1541
5162199375154587,5162407982793373,柏椿奇岛_,2025-05-04 02:37,广东,YellowV,0.5797
5162351659321479,5162502691227202,小鱼儿_爱游泳,2025-05-04 08:53,上海,Regular,0.5885
5162496005508548,5162502438520989,宋晓军,2025-05-04 08:52,北京,GoldV,0.0147
5162002537779569,5162160443884109,忘谱休琴,2025-05-03 10:13,宁夏,YellowV,0.0105
5162122088024244,5162160310978840,Cecilia再度获得发言权,2025-05-03 10:13,广东,Regular,0.8833
5161991280007064,5162631599229595,下午茶2599,2025-05-04 17:25,山西,RedV,0.0121
5162596329587520,5162630604394224,kaola17571,2025-05-04 17:21,北京,Regular,0.0144
5163074591920962,5163077863479908,娘了个龙西撇,2025-05-05 22:59,浙江,Regular,0.005
5163074591920962,5163077865314968,sun青8,2025-05-05 22:59,广东,Regular,0.0394
5163074591920962,5163077864264407,天星8_807,2025-05-05 22:59,福建,Regular,0.0049
5163074591920962,5163077863742527,宏腾love,2025-05-05 22:59,浙江,Regular,0.4556
5163074591920962,5163077864527557,蜗牛biubiu,2025-05-05 22:59,福建,Regular,0.0095
5163074591920962,5163077864788414,黄金坑王者,2025-05-05 22:59,福建,Regular,0.0072
5163074591920962,5163077867668801,yl2378213266,2025-05-05 22:59,广东,Regular,0.0056
5163074591920962,5163077867930353,晚霞映花绽放,2025-05-05 22:59,重庆,Regular,0.002
5163074591920962,5163077868192572,颜色鲜艳艳丽,2025-05-05 22:59,广东,Regular,0.0128
5162199375154587,5162447997502045,财云来_feiyun,2025-05-04 05:16,江苏,Regular,0.0103
5162394816872833,5162447463776380,红色胜,2025-05-04 05:14,黑龙江,Regular,0.1159
5162351659321479,5162447073706996,王言它,2025-05-04 05:12,北京,GoldV,0.0715
5162700054731383,5162701119558588,军武大伊万,2025-05-04 22:02,安徽,RedV,0.0008
5162676365038017,5162700696715731,梵羽默,2025-05-04 22:00,福建,Regular,0.0262
5162676365038017,5162700695669406,陈沙9,2025-05-04 22:00,浙江,Regular,0.0132
5162676365038017,5162700671030327,乐观开朗善良,2025-05-04 22:00,江苏,Regular,0.0097
5162330664999733,5162414303609407,上海工程男,2025-05-04 03:02,上海,Regular,0.5885
5162072981110851,5162554956974329,大橘裔锭,2025-05-04 12:21,浙江,RedV,0.1544
5162311096205393,5162581393409490,原上草岁枯荣,2025-05-04 14:06,北京,Regular,0.0561
5162549590888503,5162581170064334,小散首领,2025-05-04 14:05,河南,YellowV,0.0112
5162685901838859,5162686007481631,集微网集成电路,2025-05-04 21:02,广东,BlueV,0.3894
5162682300240471,5162685827911454,微博时事,2025-05-04 21:01,北京,BlueV,0.5
5162199375154587,5162486190311734,楊培安RogerYang,2025-05-04 07:48,中国台湾,YellowV,0.0061
5162285459309772,5162405860739479,大湾区战神,2025-05-04 02:28,广东,Regular,0.0022
5162336526014355,5162516263997616,苏渝,2025-05-04 09:47,重庆,RedV,0.0678
5162133081030771,5162133826571369,jeyfer风,2025-05-03 08:27,广东,Regular,0.0168
5161769111914477,5162160288170571,红拂夜奔亚999,2025-05-03 10:13,河南,Regular,0.5
5162628373285792,5162629790434383,布哈拉游台湾,2025-05-04 17:18,四川,Regular,0.0146
5162623730450783,5162629685838906,布哈拉游台湾,2025-05-04 17:18,四川,Regular,0.0039
5161987111125735,5162380456888624,神叨叨202410,2025-05-04 00:47,北京,Regular,0.1102
5163074591920962,5163077869242264,美美的我去旅行,2025-05-05 22:59,广东,Regular,0.0025
5163074591920962,5163077865312069,有意思没意思有意思有没有意思,2025-05-05 22:59,湖北,Regular,0.009
5163074591920962,5163077869241928,南波万小怪兽619,2025-05-05 22:59,福建,Regular,0.0034
5163074591920962,5163077864788604,岁月11无痕,2025-05-05 22:59,浙江,Regular,0.0008
5163074591920962,5163077865050498,幸福的小嘿嘿哦,2025-05-05 22:59,安徽,Regular,0.0133
5163074591920962,5163077865046993,止水浮身,2025-05-05 22:59,山东,Regular,0.0598
5163074591920962,5163077864524561,L松松S,2025-05-05 22:59,福建,Regular,0.0044
5163074591920962,5163077864262960,L0L丹儿,2025-05-05 22:59,浙江,Regular,0.0101
5162923395648470,5163077848271566,悠然天青,2025-05-05 22:59,北京,Regular,0.0149
5162356352485212,5162393856378367,铸铁锅微笑一切,2025-05-04 01:41,河南,Regular,0.5885
5162884015328426,5163061358892463,江宇行舟,2025-05-05 21:53,北京,GoldV,0.0442
5162878899587394,5163061327168063,任航2024,2025-05-05 21:53,陕西,Regular,0.1456
5163047665535249,5163061234636876,斯图卡98,2025-05-05 21:53,河南,GoldV,0.1242
5162676365038017,5162700665526609,桂冠诗人喝醉了,2025-05-04 22:00,福建,Regular,0.1644
5162676365038017,5162700666573826,小小心心大大梦,2025-05-04 22:00,浙江,Regular,0.8217
5162676365038017,5162700667360792,紫轩芸儿,2025-05-04 22:00,浙江,Regular,0.1174
5162676365038017,5162700669980105,再顾顾顾,2025-05-04 22:00,福建,Regular,0.0091
5162676365038017,5162700666310188,海边沙滩度假风,2025-05-04 22:00,江西,Regular,0.96
5162676365038017,5162700666309484,今晚在家了,2025-05-04 22:00,福建,Regular,0.0697
5162676365038017,5162700665785870,传奇人生就是我1,2025-05-04 22:00,福建,Regular,0.0286
5162676365038017,5162700665783663,酷热天气晴朗,2025-05-04 22:00,福建,Regular,0.9559
5162342417698566,5162530121713946,西岐人郭靖,2025-05-04 10:42,陕西,Regular,0.0109
5161979006161887,5162145855571371,子非股,2025-05-03 09:15,辽宁,Regular,0.0743
5162120733000900,5162145851377171,财金兰,2025-05-03 09:15,浙江,YellowV,0.3875
5162356352485212,5162580524402682,2020改为嘿哥,2025-05-04 14:02,广东,Regular,0.5885
5162555753108630,5162580339328793,用户7834994126,2025-05-04 14:02,四川,Regular,0.0628
5162356352485212,5162553814552256,下午茶2599,2025-05-04 12:16,山西,RedV,0.2177
5162199375154587,5162469162222189,财书美俊,2025-05-04 06:40,山东,RedV,0.0311
5156506288526986,5162468277223971,微管员他爷爷,2025-05-04 06:36,上海,Regular,0.5885
5162122088024244,5162159979105295,大嗷润吉,2025-05-03 10:11,安徽,Regular,0.8632
5162199375154587,5162485745713631,财邦邦,2025-05-04 07:46,四川,Regular,0.0059
5162317676545530,5162628982245070,鄢行军,2025-05-04 17:15,福建,Regular,0.0138
5162317676545530,5162628981459539,幻城之夜2,2025-05-04 17:15,福建,Regular,0.0125
5162199375154587,5162380082286791,微微一笑天微然,2025-05-04 00:46,河南,Regular,0.5634
5161562672201946,5162009809131703,BIG-SAM-L,2025-05-03 00:15,福建,Regular,0.4994
5161562672201946,5162009806509613,计文单牧_902,2025-05-03 00:15,广东,Regular,0.9955
5161562672201946,5162009805985315,L松松S,2025-05-03 00:15,福建,Regular,0.9836
5161562672201946,5162009804938353,热火的鱼_836,2025-05-03 00:15,福建,Regular,0.8576
5161562672201946,5162009806506699,娘了个龙西撇,2025-05-03 00:15,浙江,Regular,0.9563
5161562672201946,5162009805456989,我住隔壁我姓钱丶,2025-05-03 00:15,浙江,Regular,0.5719
5161562672201946,5162009806505703,梵羽默,2025-05-03 00:15,福建,Regular,0.9512
5161562672201946,5162009805981475,宏腾love,2025-05-03 00:15,福建,Regular,0.996
5163026237361214,5163077465020194,法国漂,2025-05-05 22:57,摩洛哥,GoldV,0.0038
5161562672201946,5162009805717557,颜色鲜艳艳丽,2025-05-03 00:15,广东,Regular,0.7908
5162349480644867,5162565298557120,小小浣焸,2025-05-04 13:02,青海,Regular,0.0048
5162959233352528,5163060818874410,任航2024,2025-05-05 21:51,陕西,Regular,0.1824
5162676365038017,5162700661856253,萝莉牛X王,2025-05-04 22:00,福建,Regular,0.001
5162676365038017,5162700661595755,胖等等0912,2025-05-04 22:00,福建,Regular,0.2557
5161930507420952,5162145685442890,香港新浪新聞,2025-05-03 09:15,中国香港,BlueV,0.6819
5161769111914477,5162145558299416,未能免粟,2025-05-03 09:14,湖南,Regular,0.0803
5161769111914477,5162145553581456,真贞有词,2025-05-03 09:14,浙江,Regular,0.3715
5162336526014355,5162400391626946,赵亮,2025-05-04 02:07,河南,YellowV,0.0079
5162122088024244,5162159651425340,孤独时代的改名改运,2025-05-03 10:10,北京,YellowV,0.9771
5161821120497169,5162159269220072,潘多磊Panduolei,2025-05-03 10:09,江苏,Regular,0.0397
5162317676545530,5162628980934502,zero94775,2025-05-04 17:15,浙江,Regular,0.201
5162317676545530,5162628956817137,scy八月,2025-05-04 17:15,福建,Regular,0.0481
5162317676545530,5162628956818455,仰望那片净土,2025-05-04 17:15,湖南,Regular,0.0088
5162317676545530,5162628961010067,乐观开朗善良,2025-05-04 17:15,江苏,Regular,0.8169
5162317676545530,5162628957342422,与久3399,2025-05-04 17:15,江苏,Regular,0.2198
5162317676545530,5162628951578927,黄金坑王者,2025-05-04 17:15,福建,Regular,0.0005
5162317676545530,5162628951838114,冒纳凯阿,2025-05-04 17:15,山东,Regular,0.0035
5162317676545530,5162628951837029,念于北诗-0879,2025-05-04 17:15,江西,Regular,0.0005
5162317676545530,5162628951577230,都市都市888,2025-05-04 17:15,河北,Regular,0.0158
5162317676545530,5162628952622927,小小心心大大梦,2025-05-04 17:15,浙江,Regular,0.1968
5162199375154587,5162378439430328,StrawberryAlice,2025-05-04 00:39,上海,YellowV,0.0111
5109261063423472,5163077076781467,东盛易健,2025-05-05 22:56,天津,Regular,0.5885
5162520445190701,5162564997087842,何以解忧一壶浊酒,2025-05-04 13:01,新疆,Regular,0.0108
5162496005508548,5162564992370482,孤雁13708233948,2025-05-04 13:01,四川,Regular,0.5885
5163056935734271,5163060592642832,我要懵,2025-05-05 21:50,河北,Regular,0.037
5161562672201946,5162009798381523,幸福的小嘿嘿哦,2025-05-03 00:15,安徽,Regular,0.0558
5161562672201946,5162009798381295,liling3229,2025-05-03 00:15,福建,Regular,0.6285
5161562672201946,5162009796547153,Super---Jiao,2025-05-03 00:15,福建,Regular,0.6457
5161562672201946,5162009796547547,飞驰人生轨迹上,2025-05-03 00:15,江西,Regular,0.7351
5161562672201946,5162009798119039,自由自在720101,2025-05-03 00:15,福建,Regular,0.612
5162885048176896,5163047456343031,申江涌流汇大海,2025-05-05 20:58,上海,Regular,0.681
5162122088024244,5162145364837246,三条命的兔子,2025-05-03 09:13,上海,Regular,0.0162
5162122088024244,5162145264441148,财大伯,2025-05-03 09:13,上海,Regular,0.9269
5161633686755408,5162551924228249,NAVY的地盘,2025-05-04 12:09,上海,Regular,0.5885
5162503932219411,5162514985519895,会林心语,2025-05-04 09:42,辽宁,Regular,0.2053
5163012902883523,5163032528290254,歌乐行者,2025-05-05 19:59,重庆,YellowV,0.0629
5162129276797678,5162159257948711,那兔的科技日志,2025-05-03 10:08,天津,YellowV,0.9829
5162464825573530,5162465210139401,余丰慧,2025-05-04 06:24,河南,GoldV,0.6272
5155390027991374,5162158905099099,海风1918,2025-05-03 10:07,中国台湾,Regular,0.3399
5162317676545530,5162628951576192,sun青8,2025-05-04 17:15,广东,Regular,0.0006
5162317676545530,5162628952099728,嘻嘻哈哈汪二二,2025-05-04 17:15,广东,Regular,0.0115
5162317676545530,5162628951838278,Izalith在烧烤,2025-05-04 17:15,江西,Regular,0.0267
5162317676545530,5162628952099883,我住隔壁我姓钱丶,2025-05-04 17:15,浙江,Regular,0.1723
5162317676545530,5162628952100354,king-lft,2025-05-04 17:15,福建,Regular,0.0005
5162317676545530,5162628953148992,鼠尾草111,2025-05-04 17:15,江西,Regular,0.0102
5162317676545530,5162628952362345,笑笑_她爸,2025-05-04 17:15,江西,Regular,0.1276
5162317676545530,5162628953149571,铭烁北鼻,2025-05-04 17:15,福建,Regular,0.2283
5162317676545530,5162628956291404,寒冰绵掌残粉,2025-05-04 17:15,江西,Regular,0.0127
5162317676545530,5162628952886759,强控S,2025-05-04 17:15,福建,Regular,0.0536
5162199375154587,5162377268168950,沉迷墙头,2025-05-04 00:35,北京,Regular,0.0183
5162810947666148,5163060265228510,SS第二帝国装甲师,2025-05-05 21:49,上海,Regular,0.2113
5161633686755408,5162542709867178,沙姆雄狮_EL,2025-05-04 11:32,陕西,GoldV,0.0503
5162909453778984,5162987242129969,财倍倍-倍倍,2025-05-05 16:59,湖南,YellowV,0.0141
5163045358404020,5163047261839245,AI之翼NAS100,2025-05-05 20:57,山西,Regular,0.0484
5162911723422347,5162972259552919,羊城第一牛,2025-05-05 15:59,广东,Regular,0.5885
5162983860735652,5163046885130505,囗不一二三,2025-05-05 20:56,四川,Regular,0.6492
5161562672201946,5162009801261679,龙城飞将后,2025-05-03 00:15,广东,Regular,0.8441
5161562672201946,5162009802311500,sun青8,2025-05-03 00:15,广东,Regular,0.9957
5161562672201946,5162009796807025,东北特产正宗,2025-05-03 00:15,湖南,Regular,0.867
5161562672201946,5162009793139697,这儿十一,2025-05-03 00:15,福建,Regular,0.9527
5161562672201946,5162009792615950,HUOL1ANG,2025-05-03 00:15,福建,Regular,0.959
5161945611374978,5162144778420333,财金兰,2025-05-03 09:11,浙江,YellowV,0.0683
5161562672201946,5162009797591297,fun丶小虎,2025-05-03 00:15,福建,Regular,0.9792
5161945611374978,5162144778420271,财运come,2025-05-03 09:11,安徽,Regular,0.0652
5161562672201946,5162009797068039,悠悠幽幽呦呦哟,2025-05-03 00:15,广东,Regular,0.9883
5161562672201946,5162009796805878,今晚在家了,2025-05-03 00:15,福建,Regular,0.9549
5161965693436185,5162384634941461,Justinjyb,2025-05-04 01:04,广东,Regular,0.5885
5161562672201946,5162009793663335,传奇人生就是我1,2025-05-03 00:15,福建,Regular,0.1691
5162866207621253,5162957253643259,日经中文网,2025-05-05 14:59,,BlueV,0.2041
5161562672201946,5162009797855180,时间煮雨YOU,2025-05-03 00:15,江苏,Regular,0.9954
5162931763806217,5162957194660062,大为网讯,2025-05-05 14:59,北京,BlueV,0.1878
5162949880054095,5162957135415973,大为网讯,2025-05-05 14:59,北京,BlueV,0.1011
5162291683657921,5162550922055383,卷毛帅哥,2025-05-04 12:05,北京,Regular,0.0451
5162932547879376,5163031886561583,方之夫,2025-05-05 19:56,上海,GoldV,0.6457
5162866526653803,5162942036707169,小可爱Deng0601,2025-05-05 13:59,江西,Regular,0.0102
5161525431505910,5162514351653809,咱们冰哥_615,2025-05-04 09:39,日本,Regular,0.5885
5162330664999733,5162484130907452,价值投资快客,2025-05-04 07:39,上海,Regular,0.5885
5162317676545530,5162628947382906,侯金龍Sleeping,2025-05-04 17:15,浙江,Regular,0.212
5162317676545530,5162628951310761,绍兴PoLo派,2025-05-04 17:15,浙江,Regular,0.0078
5162317676545530,5162628947642305,宏腾love,2025-05-04 17:15,浙江,Regular,0.0288
5162317676545530,5162628947382274,胖等等0912,2025-05-04 17:15,福建,Regular,0.0217
5162317676545530,5162628947384868,美是一种艺术人生,2025-05-04 17:15,江西,Regular,0.7883
5162984088274594,5163001917474977,王MAGA2028,2025-05-05 17:57,上海,Regular,0.6855
5162317676545530,5162628947903883,蓝天蓝天蓝天蓝天蓝天百,2025-05-04 17:15,湖南,Regular,0.5052
5161484405446721,5163017101378713,明荣语财,2025-05-05 18:57,四川,YellowV,0.0087
5162317676545530,5162628947905073,幸福的小嘿嘿哦,2025-05-04 17:15,安徽,Regular,0.8017
5162317676545530,5162628948169036,Alan的孤单,2025-05-04 17:15,福建,Regular,0.0073
5162317676545530,5162628948169244,娘了个龙西撇,2025-05-04 17:15,浙江,Regular,0.0241
5162865291955269,5163001499618182,汪亚民,2025-05-05 17:55,河北,YellowV,0.5885
5162884015328426,5163075327500898,唐宁20150903,2025-05-05 22:49,广东,Regular,0.5885
5161769111914477,5162158657899006,活法H,2025-05-03 10:06,山东,Regular,0.9249
5163008280494622,5163046546441167,小散首领,2025-05-05 20:54,河南,YellowV,0.0166
5162866207621253,5162986696081902,zizhuangna294811,2025-05-05 16:56,湖南,Regular,0.5885
5162965805039784,5163046511313084,刚性共轴式反转旋翼,2025-05-05 20:54,辽宁,Regular,0.5885
5162877528050101,5163046507123277,守护嘟嘟成长,2025-05-05 20:54,湖北,Regular,0.0817
5162923395648470,5163046306843153,金陵郭健,2025-05-05 20:53,江苏,YellowV,0.0161
5161562672201946,5162009798377685,萝莉牛X王,2025-05-03 00:15,福建,Regular,0.9961
5161961319564541,5162009691951509,娄山关1935,2025-05-03 00:14,河北,Regular,0.0769
5162503839681772,5162549624964749,大连老顽童2012,2025-05-04 12:00,辽宁,Regular,0.1242
5162281571713330,5162463579603825,AI孙国英,2025-05-04 06:18,河南,YellowV,0.6879
5162999201137646,5163030765899911,传奇周期,2025-05-05 19:52,广东,Regular,0.0213
5162336526014355,5162463021499319,张自福,2025-05-04 06:16,河南,YellowV,0.5885
5162481287955715,5162483494421933,天祥宋瑞,2025-05-04 07:37,北京,Regular,0.0597
5162317676545530,5162628951572997,岁月11无痕,2025-05-04 17:15,浙江,Regular,0.9374
5162317676545530,5162628951574498,蜗牛biubiu,2025-05-04 17:15,福建,Regular,0.0152
5162317676545530,5162628951835091,今晚在家了,2025-05-04 17:15,福建,Regular,0.0011
5162480040936350,5162513629974478,江宇行舟,2025-05-04 09:37,北京,GoldV,0.0722
5162317676545530,5162628952096935,热火的鱼_836,2025-05-04 17:15,福建,Regular,0.0625
5162317676545530,5162628952621330,liling3229,2025-05-04 17:15,重庆,Regular,0.1675
5162317676545530,5162628952622016,绝对疯狂a,2025-05-04 17:15,山东,Regular,0.4213
5162317676545530,5162628953145797,南波万小怪兽619,2025-05-04 17:15,福建,Regular,0.2312
5162317676545530,5162628948693048,春月恋歌jm,2025-05-04 17:15,江苏,Regular,0.5455
5162317676545530,5162628952621457,朱迪SH,2025-05-04 17:15,福建,Regular,0.9692
5162886818961446,5163015939296368,石头藕粉真菌,2025-05-05 18:53,广西,Regular,0.5885
5162940316781172,5163074841219326,我观我行,2025-05-05 22:47,内蒙古,YellowV,0.1934
5162886818961446,5162986583105379,忘谱休琴,2025-05-05 16:56,宁夏,YellowV,0.0036
5162886818961446,5162986319907849,笨鸟大,2025-05-05 16:55,江西,YellowV,0.5885
5162233349800082,5162970946997465,jqzhao2018,2025-05-05 15:54,北京,Regular,0.0793
5162199375154587,5162527638164599,楊永清,2025-05-04 10:32,北京,YellowV,0.9124
5162979164160298,5163045945871699,一品白牙,2025-05-05 20:52,江苏,RedV,0.1022
5162114298414291,5162143801933996,老王谈改革,2025-05-03 09:07,广东,GoldV,0.1591
5161769111914477,5163030652391598,xiaoyaoxp,2025-05-05 19:51,河北,Regular,0.5885
5162322017393201,5162483037503899,雨淡风轻听雨声,2025-05-04 07:35,山东,Regular,0.5885
5162184876493720,5162482906169959,历史光隙,2025-05-04 07:35,辽宁,Regular,0.0074
5162307105856718,5162482873663814,小散首领,2025-05-04 07:34,河南,YellowV,0.254
5162317676545530,5162628948429776,JIE-HUAN,2025-05-04 17:15,浙江,Regular,0.0099
5162317676545530,5162628948690343,有意思没意思有意思有没有意思,2025-05-04 17:15,湖北,Regular,0.0423
5162317676545530,5162628948166389,传奇人生就是我1,2025-05-04 17:15,福建,Regular,0.0005
5162317676545530,5162628944234985,萝莉牛X王,2025-05-04 17:15,福建,Regular,0.0021
5162317676545530,5162628947118928,鲜蘑咖啡,2025-05-04 17:15,广东,Regular,0.0138
5162317676545530,5162628948951964,悠悠幽幽呦呦哟,2025-05-04 17:15,广东,Regular,0.0119
5162315798028894,5162500016049242,财天地来财,2025-05-04 08:43,安徽,Regular,0.015
5162317676545530,5162628948952175,解祥泽,2025-05-04 17:15,浙江,Regular,0.9691
5162317676545530,5162628947903322,这儿十一,2025-05-04 17:15,福建,Regular,0.9682
5162199375154587,5162499944219177,食反_SugarKnife,2025-05-04 08:42,上海,Regular,0.3287
5162356352485212,5162499944483669,哈瓦洛hawalo,2025-05-04 08:42,内蒙古,GoldV,0.9211
5162886818961446,5163015344226439,我是香港警嫂,2025-05-05 18:50,中国香港,GoldV,0.5885
5163004237712464,5163058393521014,胃里发现恐龙残骸的化石猫,2025-05-05 21:41,美国,Regular,0.9968
5162959076851984,5162985786182810,森林中的淼淼兔,2025-05-05 16:53,湖南,Regular,0.0054
5162909453778984,5162970537264897,财天地来财,2025-05-05 15:52,安徽,Regular,0.0026
5162524263056662,5162527227122305,远风风风风风风,2025-05-04 10:31,广东,Regular,0.0026
5162134464888848,5162157882215117,右侧左侧都交易,2025-05-03 10:03,河北,RedV,0.0659
5162330664999733,5162482528944180,说会就会,2025-05-04 07:33,广东,YellowV,0.9687
5162199375154587,5162374009194572,武圣教主,2025-05-04 00:22,黑龙江,YellowV,0.9629
5162127010566879,5162130668521421,云端守卫者,2025-05-03 08:15,宁夏,YellowV,0.0277
5162695914947260,5163074407370385,L-jdjkdkd,2025-05-05 22:45,广东,Regular,0.5885
5162877528050101,5163015029656192,江苏道法自然,2025-05-05 18:49,江苏,YellowV,0.0006
5161910630876404,5163014913000179,jqzhao2018,2025-05-05 18:49,北京,Regular,0.0005
5162457237815540,5162628687339259,子非鱼-Stevenson-,2025-05-04 17:14,湖北,YellowV,0.284
5162864898474823,5162999901065044,人民梵音,2025-05-05 17:49,辽宁,Regular,0.5885
5162524263056662,5162527039422804,大米饭多吃点,2025-05-04 10:30,四川,Regular,0.0264
5161484405446721,5162499478915892,LZ119119,2025-05-04 08:40,广西,Regular,0.5885
5162916094675405,5162941419884316,布哈拉游台湾,2025-05-05 13:57,四川,Regular,0.0223
5162900668025040,5162941248443110,21世纪经济报道,2025-05-05 13:56,,Regular,0.0174
5161985466174865,5162157373135052,猪猪的miumiu,2025-05-03 10:01,上海,Regular,0.0949
5161800790706044,5162008820060349,涵月清,2025-05-03 00:11,福建,Regular,0.0078
5162315798028894,5162539134487588,Michael_炎桦,2025-05-04 11:18,浙江,Regular,0.3793
5162492645346969,5162539126882399,狂乱的背影,2025-05-04 11:18,福建,Regular,0.1298
5161800790706044,5162008720441416,酒店lifes,2025-05-03 00:10,重庆,Regular,0.02
5161800790706044,5162008681119847,小小心心大大梦,2025-05-03 00:10,浙江,Regular,0.959
5162199375154587,5162372839245117,慕橘椿,2025-05-04 00:17,湖北,RedV,0.4516
5161800790706044,5162008676932068,公益服务中心,2025-05-03 00:10,福建,Regular,0.6254
5161800790706044,5162008673520932,liling3229,2025-05-03 00:10,福建,Regular,0.4927
5161800790706044,5162008672473871,胖等等0912,2025-05-03 00:10,福建,Regular,0.0005
5161800790706044,5162008672471385,这儿十一,2025-05-03 00:10,福建,Regular,0.0835
5162336526014355,5162460772827888,刘五一,2025-05-04 06:07,河南,YellowV,0.0152
5162977859731992,5163073900643549,林耘,2025-05-05 22:43,北京,GoldV,0.0008
5162872960451003,5162955076535295,昏昏闲人,2025-05-05 14:51,北京,Regular,0.5885
5162886818961446,5162984850852336,箫遥剑友,2025-05-05 16:49,浙江,Regular,0.001
5162959076851984,5162984831191096,海带鲤鱼汤,2025-05-05 16:49,辽宁,Regular,0.8496
5162340539174223,5162627257598266,瑞士的湖景,2025-05-04 17:08,广东,Regular,0.0567
5162340539174223,5162627249997822,蜗牛biubiu,2025-05-04 17:08,福建,Regular,0.995
5162340539174223,5162627220901553,liling3229,2025-05-04 17:08,重庆,Regular,0.0053
5162340539174223,5162627203597005,sun青8,2025-05-04 17:08,广东,Regular,0.8357
5162340539174223,5162627187082125,铁蛋勇,2025-05-04 17:08,浙江,Regular,0.0064
5162340539174223,5162627181841458,绍兴PoLo派,2025-05-04 17:08,浙江,Regular,0.9402
5162524263056662,5162526787240268,先生的美貌呢,2025-05-04 10:29,四川,Regular,0.0324
5162855558812590,5162911183668692,田家广讲习所,2025-05-05 11:56,北京,YellowV,0.0334
5162878186819656,5162969747951042,凉凉画意,2025-05-05 15:49,江苏,Regular,0.0139
5162524263056662,5162526670586852,开心的我们_,2025-05-04 10:28,山西,YellowV,0.0051
5162199375154587,5162371170701566,水仙翩翩舞,2025-05-04 00:11,四川,Regular,0.8917
5162292220002949,5162480297312645,历史光隙,2025-05-04 07:24,辽宁,Regular,0.0023
5161603340704475,5162007481288147,阿尔卑斯山北麓,2025-05-03 00:05,上海,Regular,0.2258
5163004237712464,5163057358307893,Arufarudo_,2025-05-05 21:37,广东,Regular,0.5885
5162985002894865,5163012688186592,kaola17571,2025-05-05 18:40,北京,Regular,0.0198
5162940316781172,5162954786344053,珍当前V展未来,2025-05-05 14:50,上海,Regular,0.9951
5162886818961446,5162954513712412,财天地来财,2025-05-05 14:49,安徽,Regular,0.0005
5162873898666029,5162998965470122,楚萍微客,2025-05-05 17:45,江西,YellowV,0.007
5162998046133499,5162998768074977,游走世间_dAnIeL,2025-05-05 17:44,北京,Regular,0.0022
5162652611380225,5162925389251757,厨艺教程,2025-05-05 12:53,重庆,GoldV,0.0006
5162492276509934,5162498802320696,牵手你我共谐未来,2025-05-04 08:38,上海,Regular,0.5769
5162340539174223,5162627173712915,fun丶小虎,2025-05-04 17:08,福建,Regular,0.2362
5162340539174223,5162627161133709,1号-浪子-情圣,2025-05-04 17:08,广东,Regular,0.0012
5162340539174223,5162627156149221,解祥泽,2025-05-04 17:08,浙江,Regular,0.0076
5162340539174223,5162627136490673,scy八月,2025-05-04 17:08,福建,Regular,0.0004
5162340539174223,5162627136751876,Izalith在烧烤,2025-05-04 17:08,江西,Regular,0.9356
5162340539174223,5162627131772450,笑笑_她爸,2025-05-04 17:08,江西,Regular,0.8967
5162340539174223,5162627131509188,桂冠诗人喝醉了,2025-05-04 17:08,福建,Regular,0.9899
5162340539174223,5162627127845051,美是一种艺术人生,2025-05-04 17:08,江西,Regular,0.4104
5162878186819656,5162896455637383,--海天雄镇人--,2025-05-05 10:58,浙江,Regular,0.6623
5162340539174223,5162627131507272,朱迪SH,2025-05-04 17:08,福建,Regular,0.0004
5162158427739039,5163044121871984,地球村的基层工作者,2025-05-05 20:45,河北,Regular,0.5885
5163004237712464,5163043936273772,胃里发现恐龙残骸的化石猫,2025-05-05 20:44,美国,Regular,0.9529
5162888067549679,5162910960584387,瘦石H,2025-05-05 11:55,山东,Regular,0.0153
5162229806142682,5162370214399351,北大天行者,2025-05-04 00:07,河北,Regular,0.5885
5162522944998628,5162526322723393,科学未来人,2025-05-04 10:27,安徽,GoldV,0.2315
5162524263056662,5162526266886344,时光l2024,2025-05-04 10:27,云南,Regular,0.0705
5162524263056662,5162526246439898,就让这大羽落下,2025-05-04 10:27,甘肃,Regular,0.0436
5163072264345559,5163072508134428,舞舞则天,2025-05-05 22:37,福建,Regular,0.491
5162639492125701,5163012459071313,宁夏张聪,2025-05-05 18:39,宁夏,RedV,0.01
5162879028302580,5163072066950946,我宝楚岚,2025-05-05 22:36,广东,Regular,0.9383
5162985379337062,5163012278714456,网眼八分斋,2025-05-05 18:38,广东,RedV,0.097
5163046377883006,5163057019618008,逍遥自在乐翻天,2025-05-05 21:36,陕西,Regular,0.0058
5162904568725914,5162984256046689,秋名山街猫,2025-05-05 16:47,山东,RedV,0.0614
5163056536492520,5163056850017496,Super---Jiao,2025-05-05 21:35,福建,Regular,0.0019
5162952661139907,5162998214951149,知音汉阳,2025-05-05 17:42,,BlueV,0.0083
5162874355843495,5163043844784527,H海边漫步者H,2025-05-05 20:43,上海,Regular,0.011
5162340539174223,5162627131507853,-阿逺-,2025-05-04 17:08,广东,Regular,0.7616
5162340539174223,5162627127839300,有意思没意思有意思有没有意思,2025-05-04 17:08,湖北,Regular,0.0403
5162340539174223,5162627127314032,紫轩芸儿,2025-05-04 17:08,浙江,Regular,0.1131
5163037691741996,5163043659192356,厄弼墨透斯,2025-05-05 20:43,北京,Regular,0.0656
5162340539174223,5162627127052945,Alan的孤单,2025-05-04 17:08,福建,Regular,0.0005
5162340539174223,5162627123121850,今晚在家了,2025-05-04 17:08,福建,Regular,0.2856
5162880391711471,5163043277247587,H海边漫步者H,2025-05-05 20:41,上海,Regular,0.0053
5162340539174223,5162627122862343,娘了个龙西撇,2025-05-04 17:08,浙江,Regular,0.9841
5162457237815540,5162626889552617,片荒救济中心,2025-05-04 17:07,湖北,YellowV,0.0086
5162903172549663,5162939666140712,Foxcub,2025-05-05 13:50,北京,Regular,0.5885
5162532001025471,5162537944352315,执著的老宋,2025-05-04 11:13,江西,YellowV,0.5885
5162886818961446,5162939623674023,才春风,2025-05-05 13:49,湖南,RedV,0.4282
5162903172549663,5163027137562430,真身007自言自语,2025-05-05 19:37,山东,Regular,0.5885
5162962932207377,5163071858541640,平溪天空,2025-05-05 22:35,江苏,Regular,0.5
5122663472957659,5163071652238613,宇宙大学校长任秀红,2025-05-05 22:34,广东,YellowV,0.8858
5163056314720038,5163056640560583,陶朱公的投资笔记,2025-05-05 21:34,广东,RedV,0.6404
5163054623103149,5163056627713847,1号-浪子-情圣,2025-05-05 21:34,广东,Regular,0.025
5162884015328426,5163056612512759,军机不可泄露,2025-05-05 21:34,北京,GoldV,0.0035
5163054623103149,5163056607266175,紫轩芸儿,2025-05-05 21:34,浙江,Regular,0.2442
5163054623103149,5163056602556053,蜗牛biubiu,2025-05-05 21:34,福建,Regular,0.0833
5162973082945470,5162997988459226,安然淡定chris_HeavenLight,2025-05-05 17:41,上海,Regular,0.0045
5162889443279099,5162984063110207,秋名山街猫,2025-05-05 16:46,山东,RedV,0.2305
5156100928177139,5163043224029137,飞棉花絮,2025-05-05 20:41,江苏,GoldV,0.1774
5162351729838519,5162626289764574,蔡文级音乐,2025-05-04 17:04,福建,Regular,0.0717
5162351729838519,5162626271414457,yunhuhu的,2025-05-04 17:04,福建,Regular,0.0081
5162351729838519,5162626243368425,萝莉牛X王,2025-05-04 17:04,福建,Regular,0.3368
5162351729838519,5162626242053053,绍兴PoLo派,2025-05-04 17:04,浙江,Regular,0.0539
5162351729838519,5162626222658294,liling3229,2025-05-04 17:04,重庆,Regular,0.157
5162351729838519,5162626222393186,BIG-SAM-L,2025-05-04 17:04,福建,Regular,0.9176
5162199375154587,5162369529413745,龍年限定iFengX,2025-05-04 00:04,天津,Regular,0.1167
5119914292286669,5163026559534751,超级剧本,2025-05-05 19:35,上海,RedV,0.2189
5162519157018473,5162525624631395,i_科技,2025-05-04 10:24,广东,Regular,0.0057
5161940519225342,5162006193638148,杨柳青青四季分明,2025-05-03 00:00,上海,Regular,0.5885
5162838642131557,5163010852393247,金陵郭健,2025-05-05 18:32,江苏,YellowV,0.5773
5163054623103149,5163056603075572,海边沙滩度假风,2025-05-05 21:34,江西,Regular,0.5417
5163054623103149,5163056603337321,桂冠诗人喝醉了,2025-05-05 21:34,福建,Regular,0.0162
5163054623103149,5163056604384106,Alan的孤单,2025-05-05 21:34,福建,Regular,0.9775
5163054623103149,5163056604385275,天星8_807,2025-05-05 21:34,福建,Regular,0.0305
5163054623103149,5163056598357689,胖等等0912,2025-05-05 21:34,福建,Regular,0.0182
5162940928363575,5162953431843079,lxzkx8578,2025-05-05 14:44,河北,Regular,0.5885
5163054623103149,5163056599665134,怎么吃不饱666,2025-05-05 21:34,福建,Regular,0.7901
5163054623103149,5163056599664096,强控S,2025-05-05 21:34,福建,Regular,0.0182
5161769111914477,5162497486882290,Cynth525,2025-05-04 08:32,北京,Regular,0.004
5162914563756723,5162983592821750,长安卧龙V,2025-05-05 16:44,陕西,RedV,0.0073
5163025222605168,5163042455687024,笑着寻梦,2025-05-05 20:38,浙江,YellowV,0.0626
5162351729838519,5162626176519307,朱迪SH,2025-05-04 17:04,福建,Regular,0.7706
5162351729838519,5162626175472294,乐观开朗善良,2025-05-04 17:04,江苏,Regular,0.4585
5162351729838519,5162626175210393,颜色鲜艳艳丽,2025-05-04 17:04,广东,Regular,0.7862
5162351729838519,5162626174946790,ADC邱先生,2025-05-04 17:04,福建,Regular,0.0843
5162351729838519,5162626171015880,king-lft,2025-05-04 17:04,福建,Regular,0.3667
5162351729838519,5162626170751988,冒纳凯阿,2025-05-04 17:04,山东,Regular,0.1104
5162351729838519,5162626175205835,scy八月,2025-05-04 17:04,福建,Regular,0.0456
5162351729838519,5162626174681452,与久3399,2025-05-04 17:04,江苏,Regular,0.2139
5162351729838519,5162626171275899,Alan的孤单,2025-05-04 17:04,福建,Regular,0.1429
5162351729838519,5162626170749791,梵羽默,2025-05-04 17:04,福建,Regular,0.3965
5162187203547648,5162369361647456,夏天的da风,2025-05-04 00:03,江苏,YellowV,0.9944
5162165310325712,5162477760807385,AIex___,2025-05-04 07:14,广西,Regular,0.5885
5162940928363575,5162952772813192,钱局观V,2025-05-05 14:42,上海,RedV,0.9546
5162866526653803,5162997523154936,把空白的地方叫做雪,2025-05-05 17:39,美国,Regular,0.0042
5162866207621253,5163056365047833,leech_teng,2025-05-05 21:33,广东,Regular,0.9329
5162285459309772,5163056308950844,财不如健康,2025-05-05 21:33,河南,RedV,0.0036
5161183087167253,5162983145341466,麦克0,2025-05-05 16:42,辽宁,Regular,0.2829
5162351729838519,5162626170749055,再顾顾顾,2025-05-04 17:04,福建,Regular,0.0549
5162351729838519,5162626167869112,自由自在720101,2025-05-04 17:04,福建,Regular,0.2528
5162351729838519,5162626166560985,调皮小熊猫5,2025-05-04 17:04,福建,Regular,0.0439
5162351729838519,5162626167865630,Meet_201409,2025-05-04 17:04,重庆,Regular,0.1347
5162351729838519,5162626166818484,紫轩芸儿,2025-05-04 17:04,浙江,Regular,0.6686
5162351729838519,5162626167342166,绝对疯狂a,2025-05-04 17:04,山东,Regular,0.1742
5162199375154587,5162535674708782,高高的夜树,2025-05-04 11:04,山东,YellowV,0.0066
5162930245994365,5163025581738192,斩美狗屠精日,2025-05-05 19:31,北京,Regular,0.1242
5162903172549663,5163025436249973,斩美狗屠精日,2025-05-05 19:30,北京,Regular,0.5885
5162519157018473,5162525122627760,科技深聚焦,2025-05-04 10:22,广东,Regular,0.0323
5162257575837783,5162524862318883,OptimusGJGJ,2025-05-04 10:21,河北,Regular,0.5885
5162938655834451,5162938781139975,轉身永恆,2025-05-05 13:46,山东,Regular,0.031
5162924058611423,5162938706165768,muyeqing55,2025-05-05 13:46,贵州,YellowV,0.0239
5162845255763545,5162938629881938,财尖尖,2025-05-05 13:45,江苏,Regular,0.0127
5162946477691103,5162952223102187,澜汐61,2025-05-05 14:39,上海,YellowV,0.5142
5162989654377922,5162997078563596,钱局观V,2025-05-05 17:38,上海,RedV,0.9533
5162959076851984,5162996925994774,咔咔我的小揪揪wow,2025-05-05 17:37,河南,Regular,0.0004
5162844908684276,5162865976937262,清静的自然,2025-05-05 08:57,湖北,Regular,0.0355
4712085261390223,5162982493652397,盛林导演手记,2025-05-05 16:40,浙江,YellowV,0.5885
5162889132379073,5162982346592366,盛林导演手记,2025-05-05 16:39,浙江,YellowV,0.5885
5122663472957659,5162982247238109,盛林导演手记,2025-05-05 16:39,浙江,YellowV,0.5885
5109261063423472,5162982141596071,盛林导演手记,2025-05-05 16:38,浙江,YellowV,0.5885
5162891112876500,5162982032804484,盛林导演手记,2025-05-05 16:38,浙江,YellowV,0.5885
5162525714024815,5162625713575336,春暖花开凯哥,2025-05-04 17:02,海南,Regular,0.2605
5162307474950667,5162625132138952,黑白配俊俊,2025-05-04 17:00,福建,Regular,0.9955
5162307474950667,5162625101728989,ADC邱先生,2025-05-04 17:00,福建,Regular,0.1022
5162307474950667,5162625098060016,念于北诗-0879,2025-05-04 17:00,江西,Regular,0.0008
5162349480644867,5162509909363567,李实Sebastian,2025-05-04 09:22,四川,YellowV,0.5399
5162513936683754,5162535285688981,无畏无谓无为,2025-05-04 11:03,上海,Regular,0.9857
5162532001025471,5162534865995674,罗白酱,2025-05-04 11:01,广东,GoldV,0.1402
5162626817723068,5163069699003119,不负使命担当,2025-05-05 22:26,吉林,Regular,0.5885
5162356352485212,5162368636035269,TH侯毅,2025-05-04 00:00,北京,YellowV,0.0125
5162199375154587,5162368556859586,财铁锤,2025-05-04 00:00,江苏,Regular,0.0156
5162872960451003,5162938526336033,F伯爵,2025-05-05 13:45,北京,RedV,0.001
5162199375154587,5162476448253092,生态梦人,2025-05-04 07:09,山东,RedV,0.0226
5163039759271286,5163055709426146,卷毛帅哥,2025-05-05 21:31,北京,Regular,0.0841
5162892719033238,5162924000676892,山里有牛,2025-05-05 12:47,北京,Regular,0.0046
5162307474950667,5162625092820548,Izalith在烧烤,2025-05-04 17:00,江西,Regular,0.0004
5162307474950667,5162625093077542,小小心心大大梦,2025-05-04 17:00,浙江,Regular,0.0005
5162307474950667,5162625093339843,东北特产正宗,2025-05-04 17:00,湖南,Regular,0.0166
5162307474950667,5162625093340249,海边沙滩度假风,2025-05-04 17:00,江西,Regular,0.0041
5162307474950667,5162625093340474,桂冠诗人喝醉了,2025-05-04 17:00,福建,Regular,0.0315
5162307474950667,5162625093342373,嘻嘻哈哈汪二二,2025-05-04 17:00,广东,Regular,0.9677
5162307474950667,5162625093603103,黄金坑王者,2025-05-04 17:00,福建,Regular,0.009
5162307474950667,5162625093864461,幸福的小嘿嘿哦,2025-05-04 17:00,安徽,Regular,0.0005
5162976409026770,5163024936080566,曼陀罗美9920,2025-05-05 19:28,重庆,Regular,0.5
5162959118794893,5163069227405794,z红星乐锅头,2025-05-05 22:24,上海,Regular,0.0137
5161645991788775,5163068636011649,郭薪政,2025-05-05 22:22,河南,Regular,0.5885
5163004237712464,5163008951061374,新华国际,2025-05-05 18:25,,Regular,0.0945
5162902798206640,5162967818572617,小六忠诚,2025-05-05 15:41,广东,GoldV,0.1242
5162886818961446,5162967802055222,钧屹Wong,2025-05-05 15:41,天津,Regular,0.0006
5153138065278907,5162996235765837,老巴SMS,2025-05-05 17:34,江苏,YellowV,0.0194
5160808041415052,5162996046497253,安然淡定chris_HeavenLight,2025-05-05 17:34,上海,Regular,0.0213
5153138065278907,5162981270225281,老巴SMS,2025-05-05 16:35,北京,YellowV,0.0005
5162952661139907,5162981073098018,一堆石榴籽,2025-05-05 16:34,浙江,Regular,0.0209
5162952661139907,5162981034035515,忘谱休琴,2025-05-05 16:34,宁夏,YellowV,0.0246
5162307474950667,5162625098319182,128455你好,2025-05-04 17:00,福建,Regular,0.0004
5162307474950667,5162625098056399,蜗牛biubiu,2025-05-04 17:00,福建,Regular,0.0005
5162307474950667,5162625094392250,朱迪SH,2025-05-04 17:00,福建,Regular,0.9673
5162307474950667,5162625094391876,乐观开朗善良,2025-05-04 17:00,江苏,Regular,0.9138
5162307474950667,5162625094390878,梵羽默,2025-05-04 17:00,福建,Regular,0.8902
5162307474950667,5162625094389080,热火的鱼_836,2025-05-04 17:00,福建,Regular,0.9864
5162307474950667,5162625094126785,公益服务中心,2025-05-04 17:00,福建,Regular,0.0004
5162307474950667,5162625094126225,绝对疯狂a,2025-05-04 17:00,山东,Regular,0.9138
5162307474950667,5162625093864853,king-lft,2025-05-04 17:00,福建,Regular,0.0042
5162492276509934,5162496596902577,孙悟空蹭流量,2025-05-04 08:29,上海,Regular,0.8893
5163004237712464,5163008302778298,新华国际,2025-05-05 18:22,,Regular,0.0925
5162336526014355,5162523750302893,琶洲西小哥,2025-05-04 10:17,广东,YellowV,0.0435
5162187203547648,5162474710763097,美真颜究所,2025-05-04 07:02,山东,YellowV,0.0005
5162872960451003,5163040417253159,大豆钭江明,2025-05-05 20:30,美国,YellowV,0.0047
5162903172549663,5162951095616793,学佛人与股票,2025-05-05 14:35,安徽,Regular,0.0025
5162966341392388,5162995551570522,AAAAAA果果_,2025-05-05 17:32,贵州,Regular,0.0022
5162307474950667,5162625088623948,娘了个龙西撇,2025-05-04 17:00,浙江,Regular,0.0024
5162307474950667,5162625089671369,绍兴PoLo派,2025-05-04 17:00,浙江,Regular,0.0047
5162307474950667,5162625088623074,鼠尾草111,2025-05-04 17:00,江西,Regular,0.0036
5162307474950667,5162625089933982,不开口跟我说,2025-05-04 17:00,江苏,Regular,0.0062
5162307474950667,5162625089932767,大唐不夜城之后,2025-05-04 17:00,广东,Regular,0.9958
5162307474950667,5162625089671790,萝莉牛X王,2025-05-04 17:00,福建,Regular,0.2223
5162307474950667,5162625089670193,急吼吼jhg,2025-05-04 17:00,福建,Regular,0.0006
5162307474950667,5162625089409448,骆驼祥子海底世界,2025-05-04 17:00,福建,Regular,0.0004
5156915409326808,5162508672303623,无邪卓资县,2025-05-04 09:17,,BlueV,0.8706
5162307474950667,5162625088885053,春月恋歌jm,2025-05-04 17:00,江苏,Regular,0.021
5162356352485212,5162496416025099,财丰丰,2025-05-04 08:28,云南,RedV,0.2621
5162976409026770,5163023070659037,蓉城小村花,2025-05-05 19:21,四川,Regular,0.0287
5163050107143341,5163067122390126,布哈拉游台湾,2025-05-05 22:16,四川,Regular,0.026
5162603781816351,5163007870244947,Reynard胖达小号供建材,2025-05-05 18:21,江苏,Regular,0.79
5162958661354783,5162967138830390,江左媒狼,2025-05-05 15:39,浙江,YellowV,0.0042
5162911006459089,5162950516543001,啊阿啊阿伍,2025-05-05 14:33,陕西,Regular,0.6992
5162911983210699,5162980049160514,yyli,2025-05-05 16:30,湖北,Regular,0.0228
5162952661139907,5162979952692041,财要发,2025-05-05 16:30,沙特阿拉伯,YellowV,0.0006
5163000231366508,5163054569362647,混石研究,2025-05-05 21:26,江西,Regular,0.1193
5163048714900580,5163054325826445,AI之翼NAS100,2025-05-05 21:25,山西,Regular,0.1644
5163048285767419,5163053909811411,灵灵看世界,2025-05-05 21:24,江西,YellowV,0.0688
5162845255763545,5162894081919272,我就是二狗,2025-05-05 10:48,上海,GoldV,0.1411
5161151006249557,5162893993842099,奇荒,2025-05-05 10:48,河南,YellowV,0.5885
5162307474950667,5162625088884232,Alan的孤单,2025-05-04 17:00,福建,Regular,0.6858
5162307474950667,5162625092815347,jeyfer风,2025-05-04 17:00,广东,Regular,0.0303
5162307474950667,5162625092814627,强控S,2025-05-04 17:00,福建,Regular,0.0036
5162307474950667,5162625092551236,BIG-SAM-L,2025-05-04 17:00,福建,Regular,0.0055
5162307474950667,5162625094385767,gosky00000,2025-05-04 17:00,福建,Regular,0.0006
5162307474950667,5162625090195271,HUOL1ANG,2025-05-04 17:00,福建,Regular,0.0099
5162307474950667,5162625094385948,曾经心痛过之后,2025-05-04 17:00,广东,Regular,0.9234
5162307474950667,5162625094124789,调皮小熊猫5,2025-05-04 17:00,福建,Regular,0.2263
5162307474950667,5162625094124535,liling3229,2025-05-04 17:00,重庆,Regular,0.0047
5162307474950667,5162625093599834,寒冰绵掌残粉,2025-05-04 17:00,江西,Regular,0.4186
5162903172549663,5163066984235535,日常生活启示录,2025-05-05 22:15,福建,Regular,0.0005
5163002590134538,5163007274127171,伯弨核記,2025-05-05 18:18,广东,Regular,0.0737
5162331320093834,5162523134795620,大肥猫2025,2025-05-04 10:14,上海,Regular,0.5885
5162522316637666,5162523008434230,西红柿99688,2025-05-04 10:14,安徽,Regular,0.1738
5162886818961446,5162950026334331,小河微记,2025-05-05 14:31,四川,Regular,0.0255
5162336526014355,5162994934220456,金陵郭健,2025-05-05 17:29,江苏,YellowV,0.0046
5162957281952060,5163053620404825,小小浣焸,2025-05-05 21:22,青海,Regular,0.0008
5162307474950667,5162625093337851,鲜蘑咖啡,2025-05-04 17:00,广东,Regular,0.9723
5162307474950667,5162625093337532,飞驰人生轨迹上,2025-05-04 17:00,江西,Regular,0.0829
5162307474950667,5162625084951478,Zhenhangsu,2025-05-04 17:00,山东,Regular,0.985
5162307474950667,5162625084953306,fun丶小虎,2025-05-04 17:00,福建,Regular,0.9642
5162307474950667,5162625085216047,解祥泽,2025-05-04 17:00,浙江,Regular,0.0122
5162307474950667,5162625085739624,蓝天蓝天蓝天蓝天蓝天百,2025-05-04 17:00,湖南,Regular,0.1492
5162307474950667,5162625085739986,传奇人生就是我1,2025-05-04 17:00,福建,Regular,0.0005
5162307474950667,5162625085740045,温暖阳光嘟嘟鱼,2025-05-04 17:00,上海,Regular,0.7632
5162307474950667,5162625088357059,sun青8,2025-05-04 17:00,广东,Regular,0.1036
5162351659321479,5162495644009470,颜那亚骑郎,2025-05-04 08:25,贵州,Regular,0.4195
5163003692450839,5163007073058880,踏浪仙人2024,2025-05-05 18:17,江苏,Regular,0.0098
5162924893539492,5163006947234243,67号喜羊羊,2025-05-05 18:17,辽宁,YellowV,0.0895
5162888449231225,5163065553982079,娛樂圈新聞速遞,2025-05-05 22:10,中国香港,YellowV,0.0044
5162866526653803,5162881592330630,心中有乾坤99,2025-05-05 09:59,山东,Regular,0.5
5162878186819656,5162881541997899,腊月初柒七,2025-05-05 09:59,湖北,Regular,0.0031
5162886818961446,5162966623719290,一只非凡的小猪,2025-05-05 15:37,日本,Regular,0.0004
5162885048176896,5162949459576971,一个院长的思考,2025-05-05 14:28,浙江,GoldV,0.5885
5162679077441383,5162949418421388,醉是藏木香,2025-05-05 14:28,广东,Regular,0.2296
5163016107854149,5163038495738619,小小浣焸,2025-05-05 20:22,青海,Regular,0.1433
5162903172549663,5162994398663034,止盈出金,2025-05-05 17:27,江苏,Regular,0.5885
5162952240664697,5163053210670576,小小浣焸,2025-05-05 21:21,青海,Regular,0.0946
5162911983210699,5162922712764451,雲去天清,2025-05-05 12:42,中国香港,Regular,0.0169
5162485946780173,5162495133354093,斯基泰战车,2025-05-04 08:23,贵州,RedV,0.1044
5161901316903152,5162522320570966,付亮的竞争情报应用,2025-05-04 10:11,辽宁,YellowV,0.0006
5162232950559863,5162935955232008,全球学历最高的包工头正在玩泥巴,2025-05-05 13:35,北京,Regular,0.6969
5162881038156251,5162935903850078,老金的交易笔记,2025-05-05 13:35,福建,YellowV,0.0306
5162989654377922,5162994082519619,羊绒的那些事,2025-05-05 17:26,上海,YellowV,0.0022
5162963405901496,5162993838983738,染中一缕香,2025-05-05 17:25,天津,Regular,0.0312
5162965546045505,5162979171503361,yyli,2025-05-05 16:27,湖北,Regular,0.0696
5161124975612064,5163052551117368,岛主笔记,2025-05-05 21:18,江苏,YellowV,0.4785
5162845255763545,5162893214224261,刘洪明稳健投资,2025-05-05 10:45,四川,GoldV,0.0005
5155419996291150,5162893197443868,iduke,2025-05-05 10:45,广东,Regular,0.5885
5162886818961446,5163065511772467,傍晚的夜景令人无法遗忘,2025-05-05 22:10,福建,Regular,0.5885
5161095066027214,5163065163387122,WSHWQ2787922199望舒琬清,2025-05-05 22:08,四川,Regular,0.0007
5162736493265729,5162836445103111,笑着寻梦,2025-05-05 06:59,浙江,YellowV,0.0965
5161029936874746,5162835823821376,自然的张侃,2025-05-05 06:57,北京,Regular,0.0332
5162364737162184,5162835651855624,自然的张侃,2025-05-05 06:56,北京,Regular,0.1584
5162119868450836,5162494512335709,北京鲁戈,2025-05-04 08:21,山西,RedV,0.5885
5162492276509934,5162494469865871,秋语呢侬又呢喃,2025-05-04 08:20,上海,Regular,0.1011
5162924058611423,5162935514040715,田家广讲习所,2025-05-05 13:33,北京,YellowV,0.0984
5162354335023743,5162935513515288,抛教育砖家家祖坟专业户,2025-05-05 13:33,江苏,Regular,0.3914
5162930916035331,5162993383116259,LazyerEanoe,2025-05-05 17:23,浙江,Regular,0.0004
5162886818961446,5162948831742527,财可可一兆,2025-05-05 14:26,上海,Regular,0.0006
5163051877409461,5163052338249751,冬天穿搭分享,2025-05-05 21:17,甘肃,Regular,0.1614
5163051877409461,5163052333531648,BIG-SAM-L,2025-05-05 21:17,福建,Regular,0.3305
5163051877409461,5163052326198452,曾经心痛过之后,2025-05-05 21:17,广东,Regular,0.1339
5163051877409461,5163052320689954,jeyfer风,2025-05-05 21:17,广东,Regular,0.2675
5163051877409461,5163052320429666,潇洒313,2025-05-05 21:17,浙江,Regular,0.136
5155660958274414,5162506466361790,小虎吉,2025-05-04 09:08,北京,Regular,0.5885
5163051877409461,5163052321212359,南波万小怪兽619,2025-05-05 21:17,福建,Regular,0.2387
5163051877409461,5163052321743075,黄金坑王者,2025-05-05 21:17,福建,Regular,0.0168
5163051877409461,5163052324357468,sun青8,2025-05-05 21:17,广东,Regular,0.0277
5163051877409461,5163052324881564,公益服务中心,2025-05-05 21:17,福建,Regular,0.0806
5162900987053185,5162922372237161,endeavourli,2025-05-05 12:41,河北,Regular,0.0206
5162684967813737,5162834050417734,瀛寰孤客,2025-05-05 06:50,福建,Regular,0.0013
5162830358643335,5162833402659696,vivi爱老虎油,2025-05-05 06:47,河北,Regular,0.0017
5162356352485212,5162494020553317,万紫千红的红_15,2025-05-04 08:19,湖北,Regular,0.0127
5162740387416677,5162819947593742,AI之翼NAS100,2025-05-05 05:54,山西,Regular,0.0013
5162878186819656,5163036592571805,六月的清晨YY,2025-05-05 20:15,辽宁,Regular,0.0094
5162953869099107,5163036302377670,卷毛帅哥,2025-05-05 20:14,北京,Regular,0.0004
5162845255763545,5162892769888379,财阳阳呀,2025-05-05 10:43,上海,Regular,0.0494
5163051877409461,5163052325929276,宏腾love,2025-05-05 21:17,浙江,Regular,0.324
5163051877409461,5163052322000324,伯弨核記,2025-05-05 21:17,广东,Regular,0.0897
5163051877409461,5163052316494543,fun丶小虎,2025-05-05 21:17,福建,Regular,0.1581
5163051877409461,5163052317280843,wzy嘀嗒嘀嗒,2025-05-05 21:17,福建,Regular,0.0333
5163051877409461,5163052317548584,yl2378213266,2025-05-05 21:17,广东,Regular,0.351
5163051877409461,5163052320424994,liling3229,2025-05-05 21:17,重庆,Regular,0.9565
5163051877409461,5163052321213130,解祥泽,2025-05-05 21:17,福建,Regular,0.2749
5163051877409461,5163052321997935,四芯轴端子压接工具,2025-05-05 21:17,重庆,Regular,0.1244
5162199375154587,5162505555674574,gospeng,2025-05-04 09:05,山东,Regular,0.5885
5125371206568196,5162505556198243,财源广进看剧娱乐,2025-05-04 09:05,四川,RedV,0.0005
5162878186819656,5162908306377088,绯黛黛,2025-05-05 11:45,江苏,Regular,0.009
5162951858983767,5163063847423079,湾区兰公子,2025-05-05 22:03,广东,Regular,0.0312
5162911723422347,5162965612102483,财入门,2025-05-05 15:33,山东,GoldV,0.2778
5162909453778984,5162965537394771,路一章,2025-05-05 15:32,广东,YellowV,0.2909
5162913624490372,5162965523760602,虫虫爱点赞,2025-05-05 15:32,山东,Regular,0.034
5162199375154587,5162521069879447,刍二不呆,2025-05-04 10:06,山东,Regular,0.5885
5162869193703893,5162935001285448,笑着寻梦,2025-05-05 13:31,浙江,YellowV,0.0269
5162496843580038,5162880837883515,海棠争润,2025-05-05 09:56,山东,Regular,0.5885
5162952661139907,5163005081554542,财运又到了,2025-05-05 18:09,广西,Regular,0.0057
5163001002855977,5163004674709979,灵灵看世界,2025-05-05 18:08,江西,YellowV,0.4181
5162976409026770,5163018543961902,庞亚辉的海阔天空,2025-05-05 19:03,浙江,Regular,0.091
5162952661139907,5162992547136400,财饱不饿,2025-05-05 17:20,陕西,Regular,0.0028
5163008574885805,5163036159513801,小小浣焸,2025-05-05 20:13,青海,Regular,0.0005
5163004237712464,5163051963647468,伊洛牧,2025-05-05 21:16,上海,RedV,0.047
5162483653804650,5162505459469652,钢雷欧,2025-05-04 09:04,北京,RedV,0.185
5162842676266571,5162850054834450,老派战斗员,2025-05-05 07:53,上海,RedV,0.0004
5161834836132407,5162814805901863,还是韦哥,2025-05-05 05:33,四川,Regular,0.0005
5162908703261230,5162934330986928,勤且谨,2025-05-05 13:28,江苏,Regular,0.1526
5162840973640079,5162992232831864,Sunny_火火火,2025-05-05 17:18,辽宁,Regular,0.5885
5153138065278907,5163051403183232,老巴SMS,2025-05-05 21:14,北京,YellowV,0.0064
5162844908684276,5162849014122554,吴彦祖_plus,2025-05-05 07:49,广东,Regular,0.0005
5162481630578169,5162891967727198,迈步从头越从头越,2025-05-05 10:40,北京,Regular,0.0119
5162199375154587,5162520194057048,笑着寻梦,2025-05-04 10:03,浙江,YellowV,0.2298
5162331320093834,5162520139533816,摸出四文大钱,2025-05-04 10:02,天津,Regular,0.3169
5162199375154587,5163004048180398,阿冬69_481,2025-05-05 18:05,江苏,Regular,0.9675
5163001451643996,5163003788657107,微博时事,2025-05-05 18:04,北京,BlueV,0.5
5162952661139907,5162991445609900,浅笑安然_aihua,2025-05-05 17:15,安徽,RedV,0.0365
5162886818961446,5162977613057495,jerry--许,2025-05-05 16:20,安徽,Regular,0.9586
5162881381827302,5162977384991854,麦田蓑笠翁,2025-05-05 16:19,江西,GoldV,0.1093
5162940928363575,5162947795486016,外贸发布BBS,2025-05-05 14:22,上海,Regular,0.0005
5162962932207377,5163050656335548,马拉马拉草原,2025-05-05 21:11,广西,Regular,0.4883
5162875845088492,5163050308210730,星火之历,2025-05-05 21:09,湖南,RedV,0.5885
5162886818961446,5162964353290906,财运又到了,2025-05-05 15:28,广西,Regular,0.0044
5162932392956612,5163035074498395,黄胜友,2025-05-05 20:09,北京,YellowV,0.1242
5163033702170893,5163035037012925,盘之感,2025-05-05 20:09,安徽,RedV,0.4691
5162119868450836,5162492137833281,北京鲁戈,2025-05-04 08:11,山西,RedV,0.1242
5162936432853476,5163003045745304,嗨来吧来吧努力奋斗吧,2025-05-05 18:01,四川,Regular,0.4156
5162874355843495,5162880332993670,杨万江2,2025-05-05 09:54,重庆,Regular,0.5562
5162845255763545,5162880271122906,财互赞,2025-05-05 09:54,江苏,Regular,0.0219
5162866526653803,5162947500836989,老邓头2009,2025-05-05 14:21,江西,Regular,0.0043
5162873471109179,5162921365865676,安然淡定chris_HeavenLight,2025-05-05 12:37,上海,Regular,0.6859
5162866526653803,5162921182888799,大可爱Deng0601,2025-05-05 12:36,江西,Regular,0.2237
5155700683313342,5162891494559415,沉溺于1899的夏日,2025-05-05 10:38,江西,YellowV,0.4663
5162845255763545,5162964281983951,sevennah_Lee,2025-05-05 15:27,上海,Regular,0.1283
5162626817723068,5162802622497532,结个善缘嘛,2025-05-05 04:45,广东,Regular,0.1242
5162635151543801,5162801131683944,赵子龙Sunday,2025-05-05 04:39,湖北,Regular,0.0356
5162932392956612,5163034486773391,黄胜友,2025-05-05 20:06,北京,YellowV,0.1242
5162955469752100,5163002584895056,三十三山峰,2025-05-05 18:00,辽宁,Regular,0.0195
5162952661139907,5162977003048102,林耘,2025-05-05 16:18,北京,GoldV,0.0828
5162878353542536,5162880027329681,股海藏峰,2025-05-05 09:53,辽宁,RedV,0.034
5162675420270060,5162788679058320,我是家族成员,2025-05-05 03:50,黑龙江,Regular,0.0007
5162145432994521,5162783290949872,小团团的爷爷,2025-05-05 03:28,河南,Regular,0.4936
5163025834444525,5163034213614664,洛基神神,2025-05-05 20:05,上海,Regular,0.5989
5162852241115256,5162879992987924,21世纪经济报道,2025-05-05 09:52,,Regular,0.0749
5162886818961446,5162976357384806,阿理汗,2025-05-05 16:15,河北,YellowV,0.6009
5156537509350538,5162947400175195,矩Matrix,2025-05-05 14:20,广东,Regular,0.9824
5162925385056954,5162947295576359,逍遥岁月166,2025-05-05 14:20,山东,Regular,0.0005
5162932547879376,5163048948206137,一品白牙,2025-05-05 21:04,江苏,RedV,0.0084
5162520419767099,5162742878045275,ImNOTokAyy_,2025-05-05 00:48,辽宁,Regular,0.5885
5163026237361214,5163048511999809,秀财姐姐,2025-05-05 21:02,浙江,RedV,0.0856
5163439393083473,5163440159328239,绝对疯狂a,2025-05-06 22:58,山东,Regular,0.1223
5162880669322891,5162890755837029,h1t2y,2025-05-05 10:35,福建,Regular,0.0006
5162961645339194,5162963551913058,wanshi童鞋2,2025-05-05 15:24,广东,GoldV,0.0006
5162626817723068,5162920522812421,不必的秘密,2025-05-05 12:33,四川,Regular,0.9328
5162764680038245,5162767393227116,舞舞则天,2025-05-05 02:25,福建,Regular,0.014
5162794488430673,5162861509738526,歌乐行者,2025-05-05 08:39,重庆,YellowV,0.1849
5162958531595506,5162975925895686,笑看白云,2025-05-05 16:14,上海,YellowV,0.0066
5162845255763545,5162879759158302,茶水间小角色,2025-05-05 09:51,广东,YellowV,0.9731
5162145676788111,5162778772636276,未来巨人徐东胜,2025-05-05 03:10,北京,Regular,0.9242
5162884015328426,5163048282361307,江宇行舟,2025-05-05 21:01,北京,GoldV,0.2965
5162866526653803,5163047909328155,抱朴仙人,2025-05-05 21:00,安徽,RedV,0.1242
5162845255763545,5162890580198210,秋不语__,2025-05-05 10:34,江苏,YellowV,0.0139
5162851317055856,5163033626936784,用户6096710449,2025-05-05 20:03,安徽,Regular,0.3037
5162886818961446,5162963109153516,笑梦风尘-慕少艾,2025-05-05 15:23,安徽,Regular,0.2407
5162181105552002,5162920364999852,方之夫,2025-05-05 12:33,上海,GoldV,0.008
5162903172549663,5162906809010909,简约有闲说闲话,2025-05-05 11:39,重庆,Regular,0.0055
5162199375154587,5162490935382840,韭菜重生2025,2025-05-04 08:06,安徽,YellowV,0.0135
5162875262340507,5162988734778939,用户7204328363,2025-05-05 17:05,四川,Regular,0.0332
5162865291955269,5162988587715959,帮主郑重,2025-05-05 17:04,北京,Regular,0.0107
5162957281952060,5162975502798113,大湾区战神,2025-05-05 16:12,广东,Regular,0.003
5162946477691103,5162975359141402,一米六的兵长2024,2025-05-05 16:11,湖北,Regular,0.0006
5162706751724715,5162879469226861,大为网讯,2025-05-05 09:50,北京,BlueV,0.0338
5162878186819656,5162879293589441,宇崽仔,2025-05-05 09:50,四川,Regular,0.0303
5163402907091034,5163410196267544,古月国木东,2025-05-06 20:59,广东,YellowV,0.5885
5163279401617857,5163439057015238,财米其,2025-05-06 22:54,北京,YellowV,0.0005
5163321842209502,5163423780311643,一个院长的思考,2025-05-06 21:53,浙江,GoldV,0.0427
5163064370668438,5163423622758625,漂亮的miracles,2025-05-06 21:53,江苏,Regular,0.5
5162913624490372,5162920154760471,帅哥来了x,2025-05-05 12:32,四川,Regular,0.0237
5163225437700450,5163379959005389,秋名山街猫,2025-05-06 18:59,山东,RedV,0.3471
5162962932207377,5163379929648569,木涵雨,2025-05-06 18:59,天津,Regular,0.5885
5162886818961446,5162987523932383,辣叶摧秋,2025-05-05 17:00,浙江,YellowV,0.9745
5162119868450836,5162945807388248,LinAnBingGe,2025-05-05 14:14,浙江,YellowV,0.5885
5162701081021407,5162736136751483,忠诚于motorola的遗产,2025-05-05 00:21,澳大利亚,Regular,0.5885
5163041794298452,5163409398040893,随缘就好鱼儿,2025-05-06 20:56,重庆,Regular,0.5885
5162640394688368,5163409356358910,晏七道的场子,2025-05-06 20:56,辽宁,Regular,0.5885
5080107668734294,5163408951089125,伊洛牧,2025-05-06 20:54,江苏,RedV,0.4138
5163319174370090,5163408779123363,可可糖May,2025-05-06 20:54,上海,Regular,0.8985
5162948972773875,5163394610501400,沙枣花001,2025-05-06 19:57,甘肃,Regular,0.5885
5153138065278907,5162890069546399,老巴SMS,2025-05-05 10:32,北京,YellowV,0.0005
5120574972235208,5162890060106332,上校微评,2025-05-05 10:32,山东,Regular,0.0036
5163328523472540,5163438642299364,有声读物0007,2025-05-06 22:52,广东,Regular,0.6145
5162947756425672,5162962503862530,疯狂大象,2025-05-05 15:20,河南,RedV,0.1949
5163417116346115,5163423092705351,muyeqing55,2025-05-06 21:50,贵州,YellowV,0.0054
5162740387416677,5162906372277335,西风向南_,2025-05-05 11:37,广东,Regular,0.0057
5161124048406573,5162748460139282,博士小镇镇长,2025-05-05 01:10,吉林,Regular,0.5885
5162857608250065,5162860653840201,猴哥行云,2025-05-05 08:36,河北,Regular,0.0015
5162225413133308,5163408639920840,飞天面条神教,2025-05-06 20:53,上海,GoldV,0.0004
5163402907091034,5163408463498179,詩書傳傢,2025-05-06 20:52,辽宁,Regular,0.0063
5162869835434989,5162879214159731,陶朱公的投资笔记,2025-05-05 09:49,广东,RedV,0.0236
5162845255763545,5162879154652518,qhd心海拾贝,2025-05-05 09:49,河北,YellowV,0.0039
5162869160936334,5162879134467300,闲鱼翻身有点甜,2025-05-05 09:49,安徽,Regular,0.0387
5162913472189099,5163393633223109,南国早报,2025-05-06 19:53,,Regular,0.1096
5162962932207377,5163393417743751,H鹏记H,2025-05-06 19:53,中国香港,Regular,0.5885
5162961938155117,5162962332944869,幻城之夜2,2025-05-05 15:20,福建,Regular,0.0064
5162961938155117,5162962333207386,陈沙9,2025-05-05 15:20,浙江,Regular,0.1063
5162961938155117,5162962311972912,胖等等0912,2025-05-05 15:20,福建,Regular,0.325
5162961938155117,5162962302275250,传奇人生就是我1,2025-05-05 15:19,江苏,Regular,0.0079
5162961938155117,5162962303324846,娘了个龙西撇,2025-05-05 15:19,浙江,Regular,0.0013
5162962932207377,5163379132989791,用户6753747093,2025-05-06 18:56,黑龙江,Regular,0.5885
5153138065278907,5162974563533254,老巴SMS,2025-05-05 16:08,江苏,YellowV,0.4469
5162496843580038,5162733848497770,小样6202,2025-05-05 00:12,广东,Regular,0.2014
5162364737162184,5162733716904936,伏子说事,2025-05-05 00:11,湖南,Regular,0.0041
5163402907091034,5163407767243233,财联社APP,2025-05-06 20:50,,Regular,0.2055
5163275794256633,5163392855707832,刍二不呆,2025-05-06 19:50,山东,Regular,0.1242
5162961938155117,5162962303584867,璀星闪耀,2025-05-05 15:19,江苏,Regular,0.0005
5162961938155117,5162962303847368,伯弨核記,2025-05-05 15:19,广东,Regular,0.0434
5162961938155117,5162962306728747,搖擺尐青姩,2025-05-05 15:19,湖南,Regular,0.0092
5162961938155117,5162962307253741,四芯轴端子压接工具,2025-05-05 15:19,重庆,Regular,0.0628
5162961938155117,5162962307514912,HUOL1ANG,2025-05-05 15:19,福建,Regular,0.0012
5162961938155117,5162962307254310,这儿十一,2025-05-05 15:19,福建,Regular,0.0333
5163225445827586,5163421779890483,财大别野,2025-05-06 21:45,重庆,RedV,0.0097
5163411336595174,5163421776221971,小小浣焸,2025-05-06 21:45,青海,Regular,0.1405
5163360598626411,5163364230104647,曾经心痛过之后,2025-05-06 17:57,广东,Regular,0.739
5163360598626411,5163364226174227,loveying423,2025-05-06 17:57,贵州,Regular,0.5925
5163360598626411,5163364225387189,热火的鱼_836,2025-05-06 17:57,福建,Regular,0.6424
5163360598626411,5163364226433447,动漫设计-520,2025-05-06 17:57,甘肃,Regular,0.6798
5163360598626411,5163364221457648,真味道美食,2025-05-06 17:57,湖北,Regular,0.3137
5163328523472540,5163378676338152,同心向往,2025-05-06 18:54,四川,Regular,0.5885
5162727614194664,5162732836100141,卖牛肉干的掌柜,2025-05-05 00:08,四川,Regular,0.5515
5162541039226631,5162732505268796,斩我相思意-燥候岑森版,2025-05-05 00:06,湖北,RedV,0.0225
5163369736702918,5163407478624868,中國室内设计研究院,2025-05-06 20:48,广东,Regular,0.6793
5162878186819656,5162905701187596,宥融以梦为马诗酒趁年华,2025-05-05 11:35,广东,Regular,0.0004
5162886818961446,5162961749147941,郁闷假逍遥,2025-05-05 15:17,广东,Regular,0.5885
5162946477691103,5162961685709374,北斗金融研究院,2025-05-05 15:17,重庆,Regular,0.5885
5162886818961446,5162961652155238,熙尘万物看侃吧,2025-05-05 15:17,广东,GoldV,0.06
5163362238072701,5163421697579108,康梓无极,2025-05-06 21:45,山东,Regular,0.2124
5162159591919697,5163421633872066,道可道---非常道,2025-05-06 21:45,上海,Regular,0.0059
5162866634392089,5162930678006334,风吟听竹,2025-05-05 13:14,浙江,RedV,0.0207
5162851317055856,5162878765633540,股海藏峰,2025-05-05 09:48,辽宁,RedV,0.0299
5162876474491121,5162878643472254,朱理明-中医肿瘤君,2025-05-05 09:47,广东,YellowV,0.001
5163339400611361,5163378126619191,骑着蜗牛超飞机咯,2025-05-06 18:52,江苏,Regular,0.5885
5162849383223337,5162944200968984,caocaocaopi999,2025-05-05 14:08,广东,Regular,0.0004
5163364707735386,5163391942920143,YouDo-优度,2025-05-06 19:47,广东,Regular,0.0505
5162874355843495,5162889247460903,成善银看点,2025-05-05 10:29,重庆,Regular,0.7693
5163259737932970,5163436635854046,财咖啡,2025-05-06 22:44,云南,Regular,0.5885
5162876055325671,5162878572694160,薄建辉,2025-05-05 09:47,河南,GoldV,0.0004
5162869160936334,5162878559324848,起早贪黑为了生活,2025-05-05 09:47,河北,Regular,0.8969
5163328523472540,5163406705297531,用户6373381988落叶知秋,2025-05-06 20:45,河北,Regular,0.5885
5163389785474406,5163406333052069,学佛人与股票,2025-05-06 20:44,安徽,Regular,0.0028
5162909453778984,5162973111258776,财可可一兆,2025-05-05 16:02,上海,Regular,0.0044
5162886818961446,5162972989621339,财饱不饿,2025-05-05 16:02,陕西,Regular,0.013
5162587559564503,5162859513514972,慢煮岁月停姐,2025-05-05 08:31,江苏,YellowV,0.008
5162982912819395,5163319636528005,jqzhao2018,2025-05-06 14:59,北京,Regular,0.0188
5163247767126573,5163319595109088,趋势和结构,2025-05-06 14:59,安徽,Regular,0.0153
5163292523761667,5163303954025568,河南国资,2025-05-06 13:57,,BlueV,0.0918
5163411013632503,5163435604317729,明UC星之草根微博,2025-05-06 22:40,安徽,Regular,0.0068
5162889871363724,5162918502727743,BrightHw,2025-05-05 12:25,澳大利亚,Regular,0.0244
5161973264945287,5163363203550632,sfw的赛博日记,2025-05-06 17:53,河北,Regular,0.0188
5163362946388771,5163376885367036,赣丰浔庐F,2025-05-06 18:47,江西,Regular,0.0022
5163003956429376,5163376621393081,浙一江,2025-05-06 18:46,浙江,Regular,0.0219
5162962932207377,5163376335913256,苏渝,2025-05-06 18:45,重庆,RedV,0.0005
5163344043443996,5163348607632491,钱局观V,2025-05-06 16:55,上海,RedV,0.2156
5163302770969102,5163303892161058,陆锡鑫,2025-05-06 13:57,山东,RedV,0.001
5162878186819656,5162905051596197,蓦然回首白云依旧,2025-05-05 11:32,湖北,Regular,0.152
5163372693951137,5163391388222081,财佳佳辉,2025-05-06 19:45,浙江,YellowV,0.9997
5159450294621243,5162838914236540,用户6985481844,2025-05-05 07:09,江苏,Regular,0.0077
5162832443474652,5162837858058985,为尔清狂w,2025-05-05 07:05,广东,Regular,0.1355
5162462018011309,5162837640217617,自然的张侃,2025-05-05 07:04,北京,Regular,0.0342
5163278942604005,5163288926360596,嗷嗷天空,2025-05-06 12:57,广西,Regular,0.1085
5162962932207377,5163419331466232,月照柳岸h,2025-05-06 21:36,吉林,Regular,0.5885
5163221237629725,5163274312616915,财智聿,2025-05-06 11:59,北京,YellowV,0.0188
5163369992815293,5163375891579887,ZGWS789,2025-05-06 18:43,湖南,Regular,0.8101
5158322424775069,5163348198950456,沙姆雄狮_EL,2025-05-06 16:53,陕西,GoldV,0.0159
5163246433861757,5163318726886559,陆锡鑫,2025-05-06 14:56,山东,RedV,0.0727
5163240822407583,5163243979671868,陆锡鑫,2025-05-06 09:59,山东,RedV,0.0775
5161891576416314,5162836859290987,自然的张侃,2025-05-05 07:01,北京,Regular,0.0553
5162946477691103,5162959882946481,大顶天立,2025-05-05 15:10,浙江,YellowV,0.0042
5162903172549663,5162959706523025,财蔚来,2025-05-05 15:09,广东,Regular,0.0275
5163418156534011,5163418726697277,陈沙9,2025-05-06 21:33,浙江,Regular,0.2502
5162872960451003,5162959437565187,zhen713回归,2025-05-05 15:08,上海,Regular,0.3307
5163418156534011,5163418697861728,公益服务中心,2025-05-06 21:33,福建,Regular,0.0119
5163418156534011,5163418693405464,自由自在720101,2025-05-06 21:33,福建,Regular,0.2766
5163418156534011,5163418689737027,fun丶小虎,2025-05-06 21:33,福建,Regular,0.0342
5163418156534011,5163418689212880,萝莉牛X王,2025-05-06 21:33,福建,Regular,0.0096
5163418156534011,5163418689211128,曾经心痛过之后,2025-05-06 21:33,广东,Regular,0.396
5163418156534011,5163418688947028,liling3229,2025-05-06 21:33,重庆,Regular,0.9948
5163051650646578,5163274090057642,舞舞则天,2025-05-06 11:58,福建,Regular,0.0153
5163234676704651,5163274060958802,平原发展,2025-05-06 11:58,天津,Regular,0.5885
5163051650646578,5163273826338948,正经打卦,2025-05-06 11:57,江西,YellowV,0.1332
5163221237629725,5163273735113363,财百万加,2025-05-06 11:57,江西,Regular,0.006
5163329874300978,5163404436181625,Herbiewu,2025-05-06 20:36,福建,GoldV,0.0022
5163338885238733,5163361974880597,小小浣焸,2025-05-06 17:48,青海,Regular,0.0642
5163320354279884,5163404386631979,大为网讯,2025-05-06 20:36,北京,BlueV,0.638
5163081114322284,5163361797933510,一品白牙,2025-05-06 17:47,江苏,RedV,0.0005
5163347427725654,5163375751858229,财相伴,2025-05-06 18:42,北京,Regular,0.983
5163088954791981,5163347549882166,一个院长的思考,2025-05-06 16:50,浙江,GoldV,0.9841
5163227555567007,5163258509525846,舞舞则天,2025-05-06 10:56,福建,Regular,0.0067
5163242884432789,5163243565487356,陆锡鑫,2025-05-06 09:57,山东,RedV,0.916
5163434238282194,5163434926409281,随风而飘的种子,2025-05-06 22:38,安徽,Regular,0.7708
5163434238282194,5163434723509429,Chok一Mr智健,2025-05-06 22:37,福建,Regular,0.9959
5162869160936334,5162877825321725,清江水清清清,2025-05-05 09:44,江苏,YellowV,0.9129
5163293494214841,5163347110267688,小李飞飞飞飞四刀,2025-05-06 16:49,上海,Regular,0.9616
5163089209854722,5163258253412918,娛樂圈新聞速遞,2025-05-06 10:55,中国香港,YellowV,0.0005
5163227240992053,5163318193422847,刍二不呆,2025-05-06 14:54,山东,Regular,0.2089
5162962932207377,5163301325242880,偶尔投机,2025-05-06 13:47,浙江,Regular,0.5885
5163051650646578,5163213395854488,财-乐乐,2025-05-06 07:57,广东,YellowV,0.0496
5163434238282194,5163434708047745,喜洋洋灰大浪,2025-05-06 22:37,江苏,Regular,0.9866
5163434238282194,5163434666101168,加油吧加油哈,2025-05-06 22:36,福建,Regular,0.9341
5163434238282194,5163434666103963,黑白配俊俊,2025-05-06 22:36,福建,Regular,0.0005
5163434238282194,5163434619702040,这儿十一,2025-05-06 22:36,福建,Regular,0.97
5163434238282194,5163434619700979,计文单牧_902,2025-05-06 22:36,广东,Regular,0.7872
5162874355843495,5162887875659164,偶然V博,2025-05-05 10:24,广东,Regular,0.0066
5162869160936334,5162877641559863,2025上岸max,2025-05-05 09:43,山东,Regular,0.0005
5162122088024244,5163373873599420,耀华521,2025-05-06 18:35,江西,Regular,0.186
5163328523472540,5163346811159954,财苏菲,2025-05-06 16:47,广东,YellowV,0.9866
5163339400611361,5163346530665107,苍烟野鹤,2025-05-06 16:46,河北,Regular,0.0484
5162900146890584,5162903533261145,1zuohong67,2025-05-05 11:26,北京,Regular,0.0005
5163051650646578,5163213256395078,知百秋,2025-05-06 07:57,江苏,YellowV,0.1828
5152358627803590,5163300891921024,城门立木战法,2025-05-06 13:45,上海,YellowV,0.1242
5162844908684276,5162877435249559,瓦力2025,2025-05-05 09:42,四川,Regular,0.5885
5162844908684276,5162877406152084,瓦力2025,2025-05-05 09:42,四川,Regular,0.5885
5162869193703893,5162887569737721,y燕华善,2025-05-05 10:23,浙江,Regular,0.1584
5162898712172695,5162917022142195,高原的山羊,2025-05-05 12:20,贵州,Regular,0.0005
5163051650646578,5163359905777004,北京蓝色之海,2025-05-06 17:39,北京,Regular,0.5885
5163344043443996,5163346202985495,羊绒的那些事,2025-05-06 16:45,上海,YellowV,0.9894
5163275794256633,5163359827397930,刍二不呆,2025-05-06 17:39,山东,Regular,0.0239
5162874764263489,5163257570266706,山西新绛反邪教,2025-05-06 10:53,,BlueV,0.5885
5163275794256633,5163317473314892,刍二不呆,2025-05-06 14:51,山东,Regular,0.0028
5162857608250065,5162902622044932,阿理汗,2025-05-05 11:22,河北,YellowV,0.1242
5163051650646578,5163212975637708,财艾可,2025-05-06 07:56,上海,Regular,0.2264
5163051650646578,5163212970658065,财开心快乐年,2025-05-06 07:56,广东,YellowV,0.2769
5163051650646578,5163212840634260,财晴天-天晴,2025-05-06 07:55,广东,Regular,0.048
5163088954791981,5163433792115581,一个院长的思考,2025-05-06 22:33,浙江,GoldV,0.5885
5163420551748389,5163433479116469,星火之历,2025-05-06 22:32,湖南,RedV,0.0402
5162885048176896,5162957869679529,No_Zuo_No_Die_老泰温,2025-05-05 15:02,陕西,Regular,0.0972
5162869160936334,5162877125133940,小小菲菲儿-,2025-05-05 09:41,四川,Regular,0.0564
5162869160936334,5162877116743887,發現絕,2025-05-05 09:41,浙江,Regular,0.2396
5162869160936334,5162877112552036,小猫是个订书机,2025-05-05 09:41,山东,Regular,0.0005
5162872125001271,5162876994062047,努力的西海,2025-05-05 09:40,浙江,GoldV,0.0004
5163229877637707,5163402223157649,祝时Jdis,2025-05-06 20:28,河北,YellowV,0.0037
5163358673964443,5163373052040084,微博时事,2025-05-06 18:32,北京,BlueV,0.5
5162951800784356,5163359411634671,新有浪,2025-05-06 17:37,上海,Regular,0.0011
5163094520104003,5163359407703354,喜欢真善美123,2025-05-06 17:37,江苏,Regular,0.0084
5163221237629725,5163257065112015,运康财心,2025-05-06 10:51,江苏,RedV,0.0467
5162835659195330,5162856459010485,材电池,2025-05-05 08:19,重庆,YellowV,0.0538
5163051650646578,5163212609687247,美在半糖,2025-05-06 07:54,福建,RedV,0.0601
5163051650646578,5163212521606129,材才寅银河,2025-05-06 07:54,天津,YellowV,0.0306
5122663472957659,5163212422250849,漫漫人生--,2025-05-06 07:53,浙江,Regular,0.8384
5163090188176178,5163433152217100,青春小象云养猫,2025-05-06 22:30,河北,Regular,0.0663
5162895193935040,5162957357714913,大为网讯,2025-05-05 15:00,北京,BlueV,0.0552
5162869160936334,5162876881080965,大米饭多吃点,2025-05-05 09:40,四川,Regular,0.1011
5163202423031963,5163228674393899,河南国资,2025-05-06 08:58,,BlueV,0.0772
5163210215000766,5163228640838134,河南国资,2025-05-06 08:58,,BlueV,0.1876
5163328523472540,5163344450292873,震长,2025-05-06 16:38,北京,GoldV,0.9771
5162017220727818,5162856074447621,然游天涯,2025-05-05 08:17,山东,Regular,0.6198
5163267325166179,5163330906622354,有风飒然,2025-05-06 15:44,北京,Regular,0.3375
5161925908105683,5162901330464136,勋仔的夏天,2025-05-05 11:17,广西,Regular,0.2922
5163051650646578,5163212359598832,Chan的镜界,2025-05-06 07:53,江苏,Regular,0.0323
5163051650646578,5163212345443154,财晚晚,2025-05-06 07:53,海南,Regular,0.0096
5162873898666029,5162887215580113,拓荒者语录,2025-05-05 10:21,河南,Regular,0.0005
5163229877637707,5163400456570291,写你也写我,2025-05-06 20:21,广东,Regular,0.5885
5162794488430673,5162876515914618,舞舞则天,2025-05-05 09:39,福建,Regular,0.0484
5163319174370090,5163358061068464,卷毛帅哥,2025-05-06 17:32,北京,Regular,0.0006
5163175876755631,5163330708966805,游兰的麻麻,2025-05-06 15:43,福建,Regular,0.9953
5163175876755631,5163330688781514,H67801665399,2025-05-06 15:43,广西,Regular,0.8862
5163237578638987,5163241853423384,Amazon老叶,2025-05-06 09:50,广东,Regular,0.0005
5163210547920949,5163212047647645,梨花落雨愁,2025-05-06 07:52,四川,Regular,0.5885
5163279401617857,5163432220558978,财八代,2025-05-06 22:27,湖北,Regular,0.1673
5163081123760712,5163283255135096,一品白牙,2025-05-06 12:35,江苏,RedV,0.0499
5163298269959496,5163399542735489,飘聆ZhangCH,2025-05-06 20:17,贵州,Regular,0.412
5163278942604005,5163298026685440,秀财姐姐,2025-05-06 13:34,浙江,RedV,0.4278
5162982912819395,5163431942953664,高卢正白旗,2025-05-06 22:26,广西,Regular,0.5885
5163051650646578,5163211788124456,财派派,2025-05-06 07:51,江苏,YellowV,0.012
5163229877637707,5163399308118599,梦幻公主8686,2025-05-06 20:16,湖南,Regular,0.5885
5163229877637707,5163399270107273,写你也写我,2025-05-06 20:16,广东,Regular,0.5885
5162848925778505,5162853406343206,麦田蓑笠翁,2025-05-05 08:07,江西,GoldV,0.003
5163267325166179,5163329594329703,别打-是我,2025-05-06 15:39,广东,Regular,0.0005
5163328523472540,5163371620731916,冰彬兵,2025-05-06 18:26,陕西,GoldV,0.2564
5162845255763545,5162886058479236,财宝包租婆,2025-05-05 10:17,广东,Regular,0.0381
5163270973425985,5163281937863944,陆锡鑫,2025-05-06 12:30,山东,RedV,0.0054
5163319174370090,5163344345959502,歌乐行者,2025-05-06 16:38,重庆,YellowV,0.0382
5163321842209502,5163431611863181,kaola17571,2025-05-06 22:24,北京,Regular,0.5897
5163355892089870,5163399093162359,微博时事,2025-05-06 20:15,北京,BlueV,0.5
5163274114957429,5163399009275621,大新abc,2025-05-06 20:15,浙江,Regular,0.0057
5163076274097088,5163329397458653,平凡观世界,2025-05-06 15:38,北京,RedV,0.1242
5162962932207377,5163371248489273,凤凰Rosy,2025-05-06 18:24,上海,Regular,0.5885
5163226170919687,5163281762485413,石宏观察,2025-05-06 12:29,陕西,RedV,0.0378
5163051650646578,5163281741251090,我就是二狗,2025-05-06 12:29,上海,GoldV,0.0098
5163322183517370,5163343636860141,国是三论,2025-05-06 16:35,天津,Regular,0.7642
5163051650646578,5163281288530008,财-昭昭,2025-05-06 12:27,广西,Regular,0.005
5163206389530740,5163281226139658,汪亚民,2025-05-06 12:27,河北,YellowV,0.5885
5163133636445021,5163240590674696,羌-笛,2025-05-06 09:45,新疆,Regular,0.9951
5162890999368454,5163211007985653,泡泡大个冒,2025-05-06 07:48,上海,GoldV,0.0047
5162874764263489,5163356299724139,钦州反邪,2025-05-06 17:25,,BlueV,0.0642
5163283674302531,5163315412861558,闻道知远,2025-05-06 14:43,浙江,Regular,0.0473
5161769111914477,5163397358032994,萍心安住,2025-05-06 20:08,山东,Regular,0.01
5163259737932970,5163370001470239,泥土科技,2025-05-06 18:20,江苏,YellowV,0.0076
5160871378551173,5163355283130161,夜里的灰色猞猁都是黑色的,2025-05-06 17:21,上海,Regular,0.5885
5163051650646578,5163227055653003,四川应急,2025-05-06 08:52,,BlueV,0.5
5163369736702918,5163369977613467,西北商会,2025-05-06 18:19,广东,Regular,0.6585
5162962932207377,5163396728885087,江南山水阳光,2025-05-06 20:06,江苏,Regular,0.0009
5162962932207377,5163296396938033,期货仓单派,2025-05-06 13:27,福建,Regular,0.0806
5163051650646578,5163210588817288,财金宝宝,2025-05-06 07:46,广东,Regular,0.006
5163226557581081,5163240086569829,心中有乾坤99,2025-05-06 09:43,山东,Regular,0.5
5163233855410647,5163279961817205,财满满_满满,2025-05-06 12:22,浙江,Regular,0.016
5163203144450172,5163226858259889,大知闲闲学姐,2025-05-06 08:51,安徽,Regular,0.1806
5152358627803590,5163341841963371,极端交易_中大极端,2025-05-06 16:28,湖北,Regular,0.5885
5163229877637707,5163369061943701,Ry时来运转,2025-05-06 18:16,四川,Regular,0.0131
5163390951493004,5163396349822124,微博时事,2025-05-06 20:04,北京,BlueV,0.5
5162677911429251,5163396330429235,uu1ooo1uu,2025-05-06 20:04,陕西,Regular,0.0007
5163277248631646,5163295825723722,金_麒麟,2025-05-06 13:25,上海,YellowV,0.0047
5162285459309772,5163254105769148,善W德,2025-05-06 10:39,北京,Regular,0.2101
5162902798206640,5163253987544057,新新小山,2025-05-06 10:39,四川,Regular,0.5885
5163203144450172,5163239802144718,南山野云,2025-05-06 09:42,安徽,Regular,0.0049
5163232466305329,5163239614187120,我观我行,2025-05-06 09:41,内蒙古,YellowV,0.008
5163051650646578,5163226333973660,小李飞飞飞飞四刀,2025-05-06 08:49,上海,Regular,0.9577
5163312212608115,5163314309499167,财灿漫,2025-05-06 14:38,河南,Regular,0.8782
5163238175281005,5163253757118603,安然淡定chris_HeavenLight,2025-05-06 10:38,上海,Regular,0.5452
5163221578678816,5163226225444697,西北商会,2025-05-06 08:48,广东,Regular,0.2739
5163332329281868,5163395415542204,成善银看点,2025-05-06 20:01,重庆,Regular,0.0446
5163220969194103,5163313939875140,grace的话,2025-05-06 14:37,北京,Regular,0.5885
5146236596782792,5163326925443925,天下明月夜,2025-05-06 15:28,江西,Regular,0.1242
5163213939277899,5163253428652834,金陵郭健,2025-05-06 10:36,江苏,YellowV,0.7004
5163275794256633,5163353358468941,长安卧龙V,2025-05-06 17:13,陕西,RedV,0.0239
5163274114957429,5163294349853160,moving99,2025-05-06 13:19,陕西,Regular,0.2568
5162962932207377,5163312824193021,Libeier97,2025-05-06 14:32,上海,Regular,0.5885
5163309854887125,5163312439890890,学佛人与股票,2025-05-06 14:31,安徽,Regular,0.2126
5163312212608115,5163341136265368,sl4575,2025-05-06 16:25,湖北,Regular,0.0029
5163339400611361,5163341006243997,财富密钥,2025-05-06 16:24,北京,RedV,0.9951
5163409221878492,5163430311626208,顽石金融,2025-05-06 22:19,北京,YellowV,0.0005
5163338885238733,5163340969542337,用户7876794358,2025-05-06 16:24,北京,Regular,0.0163
5163045358404020,5163238996836706,广大群众哦哦哦,2025-05-06 09:39,北京,Regular,0.6627
5152929566426764,5163326620830242,仙姬在逃咩,2025-05-06 15:27,河北,Regular,0.5885
5163326308877657,5163326431561647,手机中国联盟官博,2025-05-06 15:26,湖南,BlueV,0.1178
5163252216499449,5163253300203321,Herbiewu,2025-05-06 10:36,福建,GoldV,0.0489
5163206389530740,5163252956529946,深圳县令,2025-05-06 10:34,广东,GoldV,0.544
5163051650646578,5163293711270800,守护嘟嘟成长,2025-05-06 13:16,湖北,Regular,0.0169
5163045358404020,5163210186687670,时间的朋友吖,2025-05-06 07:44,江苏,YellowV,0.0165
5163051650646578,5163209954951454,财群子,2025-05-06 07:44,广西,RedV,0.0729
5163269912790949,5163368056096278,星火之历,2025-05-06 18:12,湖南,RedV,0.0299
5160908273225408,5163340890116264,小胖肥侠,2025-05-06 16:24,北京,Regular,0.0006
5163429816964704,5163429955902509,OLED永不为奴,2025-05-06 22:18,广东,Regular,0.0008
5163234676704651,5163238699827709,心中有乾坤99,2025-05-06 09:38,山东,Regular,0.5
5163279401617857,5163429901370743,财顺顺v,2025-05-06 22:18,江西,YellowV,0.0044
5163351839871169,5163352641503424,微博时事,2025-05-06 17:11,北京,BlueV,0.5
5163275743920620,5163352473733396,廖孝炳新媒体服队,2025-05-06 17:10,海南,Regular,0.6499
5163227240992053,5163252813929292,长安卧龙V,2025-05-06 10:34,陕西,RedV,0.005
5163210547920949,5163252678399060,舞舞则天,2025-05-06 10:33,福建,Regular,0.1242
5163284430329124,5163293249639319,学佛人与股票,2025-05-06 13:15,安徽,Regular,0.0057
5163051650646578,5163225726846219,财米其,2025-05-06 08:46,北京,YellowV,0.0154
5163349406908791,5163429624555085,武汉陈国恩,2025-05-06 22:16,浙江,RedV,0.5243
5163234676704651,5163238468093375,心中有乾坤99,2025-05-06 09:37,山东,Regular,0.5
5163216195815610,5163325918806435,疯狂大象,2025-05-06 15:24,河南,RedV,0.0006
5163334925812144,5163351916679426,微博时事,2025-05-06 17:08,北京,BlueV,0.5
5162977859731992,5163292440135886,杨周005,2025-05-06 13:11,广东,Regular,0.8349
5163234676704651,5163238440043419,心中有乾坤99,2025-05-06 09:37,山东,Regular,0.5
5163089209854722,5163429049930935,陳偉andy香港,2025-05-06 22:14,中国香港,YellowV,0.5885
5163234676704651,5163238405181391,心中有乾坤99,2025-05-06 09:37,山东,Regular,0.5
5160804865803189,5163339735631045,捣蛋鬼呲牙,2025-05-06 16:19,吉林,Regular,0.25
5163271553813012,5163310175224381,微博时事,2025-05-06 14:22,北京,BlueV,0.5
5163051650646578,5163251899302696,少年bdsmww,2025-05-06 10:30,广东,Regular,0.0004
5163051650646578,5163209150695260,財娃娃向前冲,2025-05-06 07:40,广东,Regular,0.0038
5163244201706657,5163351438787295,美桃斯-小魅,2025-05-06 17:06,新疆,Regular,0.3281
5163222756754041,5163225201247257,作天作地的兔纸22322,2025-05-06 08:44,上海,Regular,0.0015
5163246487342714,5163251379208342,知音汉阳,2025-05-06 10:28,,BlueV,0.7117
5163045358404020,5163237502879209,小李飞飞飞飞四刀,2025-05-06 09:33,上海,Regular,0.0653
5163259872936430,5163324448178715,布哈拉游台湾,2025-05-06 15:19,四川,Regular,0.0039
5163320753001832,5163324258650135,朋友圈潇洒哥,2025-05-06 15:18,上海,YellowV,0.0529
5163335324013959,5163338615490915,颜那亚骑郎,2025-05-06 16:15,贵州,Regular,0.339
5163051650646578,5163208596783567,明荣语财,2025-05-06 07:38,四川,YellowV,0.0899
5162897584165073,5163208396245716,执著的老宋,2025-05-06 07:37,江西,YellowV,0.4299
5163310351384990,5163324108443138,朱理明-中医肿瘤君,2025-05-06 15:17,广东,YellowV,0.0502
5162851317055856,5163224723621413,鉴湖小哥,2025-05-06 08:42,浙江,Regular,0.0005
5163301290642631,5163308000743855,微博时事,2025-05-06 14:13,北京,BlueV,0.5
5163241458893311,5163307847388103,龙骧苏武,2025-05-06 14:13,江苏,Regular,0.0014
5162902798206640,5163251101335659,小六忠诚,2025-05-06 10:27,广东,GoldV,0.1242
5163051650646578,5163207728039685,财银银,2025-05-06 07:35,河北,Regular,0.012
5152358627803590,5163338037461599,我是人间_惆怅客,2025-05-06 16:13,湖南,Regular,0.5885
5163286622373491,5163307812521585,舞舞则天,2025-05-06 14:12,福建,Regular,0.9904
5163051650646578,5163224077435698,财倍倍-倍倍,2025-05-06 08:40,湖南,YellowV,0.0895
5163324192591184,5163337780560249,舞舞则天,2025-05-06 16:11,福建,Regular,0.5077
5163202549121730,5163207388038416,白鹭工程师,2025-05-06 07:33,广东,Regular,0.005
5155700683313342,5163306822140032,普通网友冲浪,2025-05-06 14:08,江苏,YellowV,0.9692
5163303265370344,5163306637856771,锦锦_C_在这里,2025-05-06 14:08,上海,Regular,0.5591
5162948972773875,5163306622127021,财复利2013,2025-05-06 14:08,河南,Regular,0.1725
5163331692005347,5163337310538499,卷毛帅哥,2025-05-06 16:10,北京,Regular,0.0004
5163051650646578,5163250427366529,财天地来财,2025-05-06 10:24,安徽,Regular,0.0134
5162640394688368,5163336773930212,LoneSchicksal,2025-05-06 16:08,上海,RedV,0.8551
5163045358404020,5163207049611224,菜宝宝爱住别墅,2025-05-06 07:32,广东,Regular,0.0315
5162897332765615,5163305523744223,依豆莲花,2025-05-06 14:03,广东,Regular,0.0669
5163051650646578,5163206767019111,财西梅,2025-05-06 07:31,上海,Regular,0.0285
5163051650646578,5163206699913039,酋长的部落格,2025-05-06 07:31,上海,RedV,0.7557
5163133636445021,5163235608103323,瀛寰孤客,2025-05-06 09:26,福建,Regular,0.8482
5163045358404020,5163206403162609,财家班季安0229,2025-05-06 07:29,北京,Regular,0.2652
5163038105929710,5163336410597637,杨易君黄金与金融投资,2025-05-06 16:06,四川,YellowV,0.0507
5163084968627867,5163222685189559,财可可一兆,2025-05-06 08:34,上海,Regular,0.0033
5163199079383680,5163248345417592,Monica-George-Joseph,2025-05-06 10:16,上海,Regular,0.0114
5163051650646578,5163205189960638,财喜庆,2025-05-06 07:25,河南,Regular,0.332
5163216023850511,5163222223031461,财相伴,2025-05-06 08:32,北京,Regular,0.0054
5163051650646578,5163222174010012,财FR2318,2025-05-06 08:32,山东,Regular,0.3397
5163051650646578,5163204980507292,奶爸爱炒股,2025-05-06 07:24,浙江,RedV,0.1713
5163051650646578,5163204736977043,是喜欢夏天的夏天呀,2025-05-06 07:23,湖北,RedV,0.0049
5163329874300978,5163335272368499,Herbiewu,2025-05-06 16:02,福建,GoldV,0.0017
5163051650646578,5163204070344748,财牡丹,2025-05-06 07:20,山东,Regular,0.0005
5163081442793898,5163203958670528,虎虎whowho,2025-05-06 07:20,浙江,Regular,0.5885
5162948972773875,5163203945825332,财复利2013,2025-05-06 07:20,河南,Regular,0.6078
5162851317055856,5163221503444541,财大壮壮壮,2025-05-06 08:29,浙江,Regular,0.0174
5163051650646578,5163233083654825,上海微云,2025-05-06 09:15,上海,Regular,0.0144
5162511076163658,5163220717274321,南昌熊明,2025-05-06 08:26,江西,YellowV,0.0666
5162645221018300,5163201987349264,新政治经济学思索,2025-05-06 07:12,湖北,Regular,0.4484
5163041794298452,5163220306756123,黄凡,2025-05-06 08:25,上海,RedV,0.5885
5163051650646578,5163201226343304,财杰伦,2025-05-06 07:09,广东,Regular,0.0118
5163051650646578,5163200581469414,财运又到了,2025-05-06 07:06,广西,Regular,0.9207
5163051650646578,5163199461589368,财小奥,2025-05-06 07:02,湖南,YellowV,0.0082
5163051650646578,5163219752583505,Mr陈-0515,2025-05-06 08:22,广东,Regular,0.01
5162874764263489,5163231081402650,山西翼城反邪教,2025-05-06 09:08,,BlueV,0.0219
5163051650646578,5163231056495210,Leowymmc,2025-05-06 09:07,北京,RedV,0.0087
5163051650646578,5163245574032027,茶水间小角色,2025-05-06 10:05,广东,YellowV,0.6932
5163081442793898,5163219384796471,江宇行舟,2025-05-06 08:21,北京,GoldV,0.0005
5163051650646578,5163219263687551,财满满_满满,2025-05-06 08:21,浙江,Regular,0.9792
5163051650646578,5163219153061824,小律的本本,2025-05-06 08:20,上海,YellowV,0.6894
5153138065278907,5163219043749685,老巴SMS,2025-05-06 08:20,北京,YellowV,0.2524
5163051650646578,5163218800742727,秋不语__,2025-05-06 08:19,江苏,YellowV,0.0662
5163051650646578,5163218046812791,上海成雨,2025-05-06 08:16,上海,YellowV,0.7938
5163255354622842,5163272064991570,欢喜春秋5555,2025-05-06 11:50,北京,Regular,0.0902
5163265731854572,5163271896962171,Kevin在反思,2025-05-06 11:50,北京,Regular,0.0007
5163213973621857,5163216423618548,行而思深度思维空间,2025-05-06 08:09,北京,Regular,0.0062
5163051650646578,5163216100393904,提升认知-北人沪漂,2025-05-06 08:08,上海,RedV,0.0749
5163051650646578,5163214184120372,财哥爱牛市,2025-05-06 08:00,天津,YellowV,0.028
5163244201706657,5163269930881508,行而思深度思维空间,2025-05-06 11:42,北京,Regular,0.3287
5163216195815610,5163268910352711,樱桃姐爱唱歌,2025-05-06 11:38,广东,Regular,0.0167
5162899392168674,5163267313111452,招福的花园,2025-05-06 11:31,湖北,Regular,0.616
5163267123580229,5163267237610165,陶朱公的投资笔记,2025-05-06 11:31,广东,RedV,0.0022
5163051650646578,5163266738226228,财二牛,2025-05-06 11:29,浙江,RedV,0.864
5162676801769262,5163265068634757,千年河东,2025-05-06 11:23,山西,Regular,0.4886
5163051650646578,5163264917898204,孤独童年1986,2025-05-06 11:22,辽宁,Regular,0.1336
5163221237629725,5163264489293162,春天的芭蕾_mmm,2025-05-06 11:20,北京,Regular,0.4016
5163262031958907,5163264069604126,黄埔一投,2025-05-06 11:19,北京,YellowV,0.1093
5162878920295231,5163262949723234,原寻--,2025-05-06 11:14,法国,Regular,0.5885
5163051650646578,5163262601596026,财高亿丈,2025-05-06 11:13,福建,Regular,0.3863
5161194391865980,5163262350985469,我就爱磕CP怎么啦,2025-05-06 11:12,江苏,Regular,0.0203
5161194391865980,5163262241932596,甜的小孩,2025-05-06 11:11,陕西,Regular,0.0062
5161194391865980,5163261272261738,要幸福aaa,2025-05-06 11:07,陕西,Regular,0.0281
5161838268123122,5163261196504710,老夫少妻必然一帆风顺,2025-05-06 11:07,江苏,Regular,0.1124
5163242105603005,5163260451751822,原寻--,2025-05-06 11:04,法国,Regular,0.5669
5162845255763545,5163259791415114,用户6100750455,2025-05-06 11:02,福建,Regular,0.7639
5163214601981127,5163259675805053,舞舞则天,2025-05-06 11:01,福建,Regular,0.9527
5162322017393201,5163259557056320,丁_金坤,2025-05-06 11:01,四川,Regular,0.6272
5162874764263489,5163259418117008,山西新绛反邪教,2025-05-06 11:00,,BlueV,0.5885
5124101217454914,5124316973501640,双重偶然性_lle,2025-01-18 23:57,浙江,Regular,0.9462
5123922313609772,5123955170214763,今日俄罗斯RT,2025-01-17 23:59,,BlueV,0.5933
5123914418095939,5123955130897314,睿悦胡2,2025-01-17 23:59,山东,YellowV,0.9046
5123454617522857,5123592532002268,默默大黄猫,2025-01-16 23:58,四川,Regular,0.2164
5124195278914251,5124316402813402,深度见解,2025-01-18 23:54,,Regular,0.5885
5121516238275257,5123954441982609,红日_我,2025-01-17 23:56,,Regular,0.5885
5123581801400670,5123591274760857,忠义双全袁宫保,2025-01-16 23:53,,YellowV,0.0105
5122646972304674,5123228982838730,砥砺前行25,2025-01-15 23:53,,Regular,0.5885
5122863501675703,5122866144346994,周师长的褚军座,2025-01-14 23:52,,Regular,0.0137
5122790925797791,5122866076978632,zizhuangna294811,2025-01-14 23:51,,Regular,0.0005
5123931061360077,5123953481748318,yz0330,2025-01-17 23:52,,Regular,0.5885
5124677446141654,5124679927599273,琅琊酒客,2025-01-19 23:59,,Regular,0.1146
5123588684253063,5123589493755012,大为网讯,2025-01-16 23:46,,BlueV,0.8543
5122453965899144,5122498555546859,北京鲁戈,2025-01-13 23:31,,RedV,0.1242
5124101217454914,5124314519571467,小绿吃甜猪,2025-01-18 23:47,,RedV,0.1429
5114540878464495,5122135788096371,张海峡的商经,2025-01-12 23:29,,RedV,0.5885
5108292515009502,5122861742162914,尼克安闲,2025-01-14 23:34,,RedV,0.9945
5123585007682453,5123587399221995,公号猫眼看天下,2025-01-16 23:38,,Regular,0.0693
5124494592835765,5124679413012733,黑客视频,2025-01-19 23:57,,Regular,0.0813
5122126312375152,5122494560469188,问一粟,2025-01-13 23:15,,Regular,0.1256
5124195278914251,5124311867982653,弘高关爱,2025-01-18 23:36,,Regular,0.5885
5122738375100620,5122860030888554,nicelanding,2025-01-14 23:27,,Regular,0.5885
5123931061360077,5123950117388468,圈外人Olivia,2025-01-17 23:39,,Regular,0.6234
5121516238275257,5123949895094032,王冰汝,2025-01-17 23:38,,RedV,0.2646
5124134959058436,5124311698638941,墨-不更,2025-01-18 23:36,,Regular,0.0441
5123563814651075,5123586249986457,撒手锏_,2025-01-16 23:33,,GoldV,0.0075
5124502778285247,5124679069078807,绻影浮沙,2025-01-19 23:56,,RedV,0.028
5124199180143771,5124310002304884,尼克安闲,2025-01-18 23:29,,RedV,0.6425
5124301324551231,5124309467008448,布哈拉游台湾,2025-01-18 23:27,,Regular,0.0818
5121996174396500,5122129676995224,偶尔来看侃,2025-01-12 23:05,,Regular,0.0009
5123944613154204,5123947867669757,crilly,2025-01-17 23:30,,Regular,0.5885
5124270250265078,5124308240961843,麦田蓑笠翁,2025-01-18 23:22,,GoldV,0.5885
5122683836826132,5122854189008087,清松挺且直,2025-01-14 23:04,,Regular,0.5885
5120977921377222,5122853112384128,北京鲁戈,2025-01-14 23:00,,RedV,0.624
5123532496048084,5123581801401448,睡不着的野狗,2025-01-16 23:15,,Regular,0.0052
5124270250265078,5124305329588819,柚柚山里妹,2025-01-18 23:10,,RedV,0.29
5124270250265078,5124304320858561,作家邓海春,2025-01-18 23:06,,RedV,0.3454
5122453965899144,5123228037285567,北京鲁戈,2025-01-15 23:50,北京,RedV,0.5885
5122873322114184,5123227482065914,北京鲁戈,2025-01-15 23:47,北京,RedV,0.5885
5120843212128346,5123227107723197,北京鲁戈,2025-01-15 23:46,北京,RedV,0.5885
5122453965899144,5123226349076952,北京鲁戈,2025-01-15 23:43,,RedV,0.5885
5122453965899144,5123225653348600,北京鲁戈,2025-01-15 23:40,,RedV,0.1242
5123960245064713,5124677022257802,手机用户2941625333_800,2025-01-19 23:47,,Regular,0.0005
5124472436688803,5124675298657010,期阿明,2025-01-19 23:41,,RedV,0.0008
5124672339053490,5124675202190297,暖夕酱,2025-01-19 23:40,,GoldV,0.2147
5124103676102621,5124674394524568,小李飞飞飞飞四刀,2025-01-19 23:37,,Regular,0.0132
5124478732603339,5124673882298701,潇湘风骨__海纳气概,2025-01-19 23:35,,Regular,0.5885
5124478732603339,5124673430619041,darouneim,2025-01-19 23:33,,Regular,0.1888
5124672960859084,5124673230865686,Benney24,2025-01-19 23:32,,Regular,0.0046
5123050179660015,5123124410190425,灰kui,2025-01-15 16:58,广东,Regular,0.5885
5122965442396816,5123109223662804,教授老头,2025-01-15 15:58,江苏,RedV,0.5885
5123059378028705,5123063837098415,小小浣焸,2025-01-15 12:57,青海,Regular,0.006
5123050179660015,5123063656746272,鹤雪团长,2025-01-15 12:57,北京,YellowV,0.5885
5117672763164314,5123003362575975,沙姆雄狮_EL,2025-01-15 08:57,福建,GoldV,0.0106
5122966574335395,5122987882447566,Z有梦有坚持Y,2025-01-15 07:55,贵州,RedV,0.0914
5123454617522857,5123577601066185,饱乐促和谐反极端,2025-01-16 22:59,,RedV,0.0205
5123080755872280,5123108564108671,憧憬船微博,2025-01-15 15:55,,Regular,0.2707
5123075656647218,5123078407851481,朱世巍,2025-01-15 13:55,,RedV,0.1242
5123016097270447,5123018049192068,欢喜春秋5555,2025-01-15 09:55,,Regular,0.0695
5122873322114184,5123002984825678,密秘蜜少爷,2025-01-15 08:55,,Regular,0.6152
5122871058236377,5122987118822560,马丁观世相,2025-01-15 07:52,,Regular,0.0705
5122906462617746,5122931164447641,大湾区战神,2025-01-15 04:10,,Regular,0.0177
5123568226011208,5123576846090710,平凡观世界,2025-01-16 22:56,,RedV,0.1302
5123089434153751,5123093170755106,朱世巍,2025-01-15 14:54,,RedV,0.1242
5123059378028705,5123077295833105,笑看白云,2025-01-15 13:51,,YellowV,0.1881
5123525407408230,5123561280771031,ycls2,2025-01-16 21:54,,Regular,0.0488
5123398837734736,5123561242493310,泱泱华夏一滴水,2025-01-16 21:54,,Regular,0.1257
5120843212128346,5123030950876776,上古鸿蒙,2025-01-15 10:47,,Regular,0.7335
5123449591171734,5123547301678007,巍克思,2025-01-16 20:58,,RedV,0.4053
5123349066024818,5123576279338326,夏天_的冰guo,2025-01-16 22:53,,Regular,0.5885
5123050179660015,5123061592360035,是Milou不是Snowy,2025-01-15 12:48,,Regular,0.0737
5123525407408230,5123532327487568,土哥扬帆,2025-01-16 19:59,,Regular,0.5885
5122286705446059,5123016583023537,烛鬼教父,2025-01-15 09:49,,Regular,0.5885
5122790925797791,5123016254030865,北京大爷叨叨叨,2025-01-15 09:48,,Regular,0.0288
5117672763164314,5123016196887879,一个铁憨憨201207,2025-01-15 09:48,,Regular,0.5885
5123401651849489,5123502256685638,Amy的院子,2025-01-16 17:59,,Regular,0.5885
5123401651849489,5123502227329307,Amy的院子,2025-01-16 17:59,,Regular,0.5885
5123118653768996,5123121147281559,微博时事,2025-01-15 16:45,,BlueV,0.5
5123103284530825,5123105532414563,微博时事,2025-01-15 15:43,,BlueV,0.5
5123042392932620,5123060690847918,红星铁翼SWAT,2025-01-15 12:45,,YellowV,0.3018
5123050179660015,5123060392530207,李栋-ing,2025-01-15 12:44,,Regular,0.0076
5123349066024818,5123516114405582,雾气雨-爱听-女孩-的囤积虫版,2025-01-16 18:54,,Regular,0.5885
5122807929504532,5122885477730120,LHGarden,2025-01-15 01:08,,Regular,0.0258
5123083666460256,5123091108201186,一支穿云箭千军万马来相会,2025-01-15 14:46,,Regular,0.0798
5123089434153751,5123090564776967,朱世巍,2025-01-15 14:43,,RedV,0.1242
5123098676561744,5123104919783839,20喵喵兔11,2025-01-15 15:40,,Regular,0.7372
5123050179660015,5123059866405814,轩辕小泽,2025-01-15 12:41,,Regular,0.5885
5123518469768982,5123530482256497,红唇爱上烟草味,2025-01-16 19:52,,Regular,0.7812
5122286705446059,5122965194146776,我兔我民,2025-01-15 06:25,,Regular,0.5885
5122744694084999,5123046302289623,WSHWQ2787922199望舒琬清,2025-01-15 11:48,,Regular,0.0159
5123484950992215,5123545031773810,六叶蓓蕾6868,2025-01-16 20:49,,Regular,0.0048
5122119010881811,5122876732081517,一只喜欢猫的外语狗lyh,2025-01-15 00:34,,Regular,0.0617
5123498412085712,5123559628213397,梧桐树下的小小小小小小草,2025-01-16 21:47,,Regular,0.0222
5120444664907511,5123559542230558,务实直接有目标的李总,2025-01-16 21:47,,Regular,0.5885
5122777529191000,5123074093745337,千年河东,2025-01-15 13:38,,Regular,0.0019
5122822361320636,5122961661231107,余丰慧,2025-01-15 06:11,,GoldV,0.1242
5122444333681821,5123544905679779,剑_扬,2025-01-16 20:49,,Regular,0.5885
5122831008403883,5122874119029169,尼克安闲,2025-01-15 00:23,,RedV,0.5452
5123568226011208,5123573932889888,平原机械工业设计局Alexeyevich,2025-01-16 22:44,,Regular,0.0547
5114661819647373,5123573800768247,4157tudou,2025-01-16 22:44,,Regular,0.5885
5122992686239393,5122998956723657,红色胜,2025-01-15 08:39,,Regular,0.8151
5118329000297836,5122998474378789,杨易君黄金与金融投资,2025-01-15 08:38,,YellowV,0.5466
5121149245850039,5122983115097724,用户5852654245,2025-01-15 07:36,,Regular,0.5321
5123457442906508,5123500259935004,Mrtree926,2025-01-16 17:51,,Regular,0.6817
5122863501675703,5122871838379798,狗杂54315,2025-01-15 00:14,,Regular,0.5885
5122744694084999,5123045025382464,雪梅映趣,2025-01-15 11:42,,Regular,0.0194
5122744694084999,5123044574233525,日月照山江,2025-01-15 11:41,,Regular,0.0087
5123463134578930,5123543036334319,波衣,2025-01-16 20:41,,Regular,0.8044
5123498412085712,5123543010644579,尼克安闲,2025-01-16 20:41,,RedV,0.1242
5123457442906508,5123542645475884,长胡子的粉色淀粉肠,2025-01-16 20:40,,Regular,0.4941
5123471554117871,5123471827013171,微博时事,2025-01-16 15:58,,BlueV,0.5
5122979354641748,5123012101671286,财入门,2025-01-15 09:32,,GoldV,0.4219
5122725752343879,5122997025506041,东边道山林队-华夏小卒,2025-01-15 08:32,,Regular,0.5885
5123498412085712,5123542306523712,尼克安闲,2025-01-16 20:38,,RedV,0.1242
5122974516775067,5123025583999885,达瓦里氏芙蕾雅,2025-01-15 10:25,,Regular,0.0199
5098247615939880,5123512748999944,始尽如来,2025-01-16 18:41,,Regular,0.9301
5122744694084999,5123042830977185,WSHWQ2787922199望舒琬清,2025-01-15 11:34,,Regular,0.0093
5123430636323457,5123485048766970,用户7884824825,2025-01-16 16:51,,Regular,0.5885
5123025098506840,5123116846287093,轩辕剑新木屋,2025-01-15 16:28,,RedV,0.5885
5123368098992158,5123542159200371,顿河畔的喀秋莎,2025-01-16 20:38,,Regular,0.5885
5123536492173126,5123541620230672,博看博听,2025-01-16 20:36,,Regular,0.5885
5122839703454812,5122979883911848,尼克安闲,2025-01-15 07:24,,RedV,0.214
5122839703454812,5122979704865334,尼克安闲,2025-01-15 07:23,,RedV,0.479
5123040128275698,5123069876372266,蜀汉司号员向加沙人民致敬,2025-01-15 13:21,,Regular,0.0004
5123025098506840,5123069700738523,孙健敏,2025-01-15 13:21,,Regular,0.0204
5122867360434487,5123024334357604,一生强国,2025-01-15 10:20,,Regular,0.6246
5123421843231230,5123456389349870,星有深鸣好运来,2025-01-16 14:57,,RedV,0.0974
5123402283616417,5123455962317750,看欢笑,2025-01-16 14:55,,Regular,0.0782
5122744694084999,5123042275496806,WSHWQ2787922199望舒琬清,2025-01-15 11:32,,Regular,0.0764
5123349066024818,5123526993119979,风水智语,2025-01-16 19:38,,RedV,0.5885
5123504062595228,5123570443488917,一生强国,2025-01-16 22:30,,Regular,0.0151
5060492428837185,5123570348589214,饱乐促和谐反极端,2025-01-16 22:30,,RedV,0.0043
5122985142258449,5123023764719126,日经中文网,2025-01-15 10:18,,BlueV,0.2784
5123454063872381,5123455752080358,微博时事,2025-01-16 14:55,,BlueV,0.5
5122744694084999,5123055680753821,雪梅映趣,2025-01-15 12:25,,Regular,0.5885
5123498412085712,5123526522570342,尼克安闲,2025-01-16 19:36,,RedV,0.2067
5122444333681821,5123569581557193,用户7823135977,2025-01-16 22:27,,Regular,0.0027
5122744694084999,5122995461556096,WSHWQ2787922199望舒琬清,2025-01-15 08:26,,Regular,0.7924
5122744694084999,5123041602831547,日月照山江,2025-01-15 11:29,,Regular,0.0012
5122744694084999,5123041266239162,日月照山江,2025-01-15 11:28,,Regular,0.1684
5123457442906508,5123526061198406,唯理是图,2025-01-16 19:34,,Regular,0.5917
5123050872246320,5123054004863480,朱世巍,2025-01-15 12:18,,RedV,0.1242
5122119010881811,5122974279794739,京夫子旧书网,2025-01-15 07:01,,Regular,0.5885
5123445770158161,5123454922129505,落落落大方v,2025-01-16 14:51,,Regular,0.9069
5123445770158161,5123454806524884,限定版小蘑菇,2025-01-16 14:51,,Regular,0.0135
5123445770158161,5123454781358719,智能神盾,2025-01-16 14:51,,Regular,0.0705
5123445770158161,5123454624073974,宋宋SSCC,2025-01-16 14:50,,Regular,0.3293
5123445770158161,5123454548316430,黄玫瑰紫玫瑰,2025-01-16 14:50,,Regular,0.5517
5118329000297836,5123040147145539,爱子之父_mlp,2025-01-15 11:23,,Regular,0.5885
5123445770158161,5123454473079062,啥也不是咯_,2025-01-16 14:49,,Regular,0.5721
5123445770158161,5123454409903548,酒伴孤鸿,2025-01-16 14:49,,Regular,0.0189
5123445770158161,5123454355901847,幸福生活啊我要,2025-01-16 14:49,,Regular,0.0156
5123421843231230,5123454272016174,_恒_我_,2025-01-16 14:49,,Regular,0.5885
5123445770158161,5123454200448194,一个平平无奇的夏侯惇,2025-01-16 14:48,,Regular,0.5684
5123445770158161,5123454196781378,星星jxr,2025-01-16 14:48,,Regular,0.6286
5123349066024818,5123554196327506,醉卧沙场卿莫笑,2025-01-16 21:26,,YellowV,0.0011
5123342528939746,5123426704688239,规外思维,2025-01-16 12:59,,Regular,0.0041
5123075656647218,5123082180102539,朱世巍,2025-01-15 14:10,,RedV,0.1242
5121909140490842,5123567336823279,简传媒_视天下,2025-01-16 22:18,,Regular,0.8828
5123498412085712,5123553569803582,魏晋风度2025,2025-01-16 21:23,,Regular,0.5885
5123445770158161,5123454090609957,每一天都要开心好多,2025-01-16 14:48,,Regular,0.1578
5123445770158161,5123454040278371,syyy_wang,2025-01-16 14:48,,Regular,0.0512
5123445770158161,5123454019830549,-流西,2025-01-16 14:48,,Regular,0.9834
5123421843231230,5123454007249334,小莓qq,2025-01-16 14:48,,Regular,0.0882
5123445770158161,5123454002793569,十一点零伍分,2025-01-16 14:48,,Regular,0.6182
5123440108112070,5123495065289283,无行狂生,2025-01-16 17:31,,Regular,0.5885
5123452038284491,5123480552476131,歌乐行者,2025-01-16 16:33,,YellowV,0.8463
5026449446670768,5123480464917010,LL202001,2025-01-16 16:33,,Regular,0.6184
5123421843231230,5123524217802954,轩宇大白,2025-01-16 19:27,,Regular,0.5885
5123541618132324,5123553206468646,雾隐新风,2025-01-16 21:22,,Regular,0.0009
5123445770158161,5123454003315034,落日漫步进行时,2025-01-16 14:48,,Regular,0.7718
5123445770158161,5123453995454596,发呆的蓝色小蘑菇,2025-01-16 14:48,,Regular,0.8075
5123445770158161,5123453980246198,大眼萝卜头,2025-01-16 14:48,,Regular,0.9789
5123445770158161,5123453959277350,最後苡园,2025-01-16 14:47,,Regular,0.7435
5123445770158161,5123453940927216,烤鸭才是我的快乐,2025-01-16 14:47,,Regular,0.9502
5123445770158161,5123453938306990,眸眼灯影,2025-01-16 14:47,,Regular,0.0129
5123445770158161,5123453925720530,牛小牛牛,2025-01-16 14:47,,YellowV,0.0113
5123445770158161,5123453913137456,小橘猫嗷呜,2025-01-16 14:47,,Regular,0.0753
5123390714678550,5123537247405034,恒而达之,2025-01-16 20:18,,Regular,0.5885
5122286705446059,5123051089300154,C-阿凡达,2025-01-15 12:07,,YellowV,0.5885
5123078311117797,5123081135987270,吹风唱歌,2025-01-15 14:06,,Regular,0.5375
5123465755236302,5123467152459164,ST9969,2025-01-16 15:40,,Regular,0.0796
5123503089519605,5123551968893482,如月舞2018,2025-01-16 21:17,,Regular,0.5009
5123414749090171,5123508676593627,南無法帝的微笑,2025-01-16 18:25,,YellowV,0.0066
5123445770158161,5123453900556227,耶耶不吃树,2025-01-16 14:47,,Regular,0.2146
5123445770158161,5123453885876691,你的桥baby,2025-01-16 14:47,,YellowV,0.9875
5122991310770059,5123036708339943,jjzz007,2025-01-15 11:09,,Regular,0.9698
5123401225864567,5123439554202245,手机用户2320755765,2025-01-16 13:50,,Regular,0.0145
5122849996015832,5123006185867458,是俊俊啊丷,2025-01-15 09:08,,Regular,0.6474
5123445770158161,5123453558721414,李李,2025-01-16 14:46,,RedV,0.0252
5123114877322785,5123424326257269,南昌熊明,2025-01-16 12:50,,YellowV,0.275
5123457442906508,5123522911011757,跃迁层,2025-01-16 19:21,,Regular,0.0198
5122885934385892,5123006091234944,布哈拉游台湾,2025-01-15 09:08,,Regular,0.0431
5122394488310422,5123034802818964,雪梅映趣,2025-01-15 11:02,,Regular,0.9658
5123368098992158,5123424274353807,策马曳裳-陈友龙,2025-01-16 12:49,,YellowV,0.5885
5123011573187820,5123049653540382,秋名山街猫,2025-01-15 12:01,,RedV,0.2858
5122362889209621,5123411695637345,古月风月202403,2025-01-16 11:59,,Regular,0.1242
5123521375901480,5123522155774542,大为网讯,2025-01-16 19:18,,BlueV,0.7085
5123488460047474,5123522018150046,微博刨黄瓜儿,2025-01-16 19:18,,Regular,0.0063
5123349066024818,5123423365763658,啷个楞个阔爱唷,2025-01-16 12:46,,Regular,0.0361
5123361586545161,5123423271915432,KrisFish去看南京照相馆,2025-01-16 12:45,,GoldV,0.5885
5123406255621361,5123411284593695,月亮借我照个路,2025-01-16 11:58,,Regular,0.0535
5123405850348298,5123411233737158,IAMdENISKevin,2025-01-16 11:58,,Regular,0.2654
5123349066024818,5123437997069565,野蜂飞舞yffw,2025-01-16 13:44,,Regular,0.2342
5123169924940448,5123464769572489,晴朗之诗意人生,2025-01-16 15:30,,Regular,0.0196
5123349066024818,5123410852841435,改个昵称以免被人说,2025-01-16 11:56,,Regular,0.1354
5123421843231230,5123437109184059,六元多一元儿,2025-01-16 13:40,,Regular,0.007
5123349066024818,5123410731207553,霍去丙,2025-01-16 11:56,,Regular,0.6829
5123403981260433,5123436517261517,倪倪迷妹,2025-01-16 13:38,,Regular,0.0004
5123010019722344,5123475496764238,老曾阿牛,2025-01-16 16:13,,Regular,0.045
5123488460047474,5123504506669019,微博时事,2025-01-16 18:08,,BlueV,0.5
5123349066024818,5123410496061902,爱的浩劫,2025-01-16 11:55,,Regular,0.9782
5123475365432828,5123503649196782,猫叉酱_依绫美学研究,2025-01-16 18:05,,Regular,0.1851
5123379784846838,5123463148995328,日经中文网,2025-01-16 15:24,,BlueV,0.7466
5120444664907511,5123503331742532,黑丫头58,2025-01-16 18:04,,Regular,0.9734
5123511275749735,5123517982705645,布哈拉游台湾,2025-01-16 19:02,,Regular,0.8044
5123446424472939,5123462996430444,爱因兹贝伦RCS,2025-01-16 15:23,,Regular,0.0214
5112804379984056,5123409790894105,乌云遮不住太阳1111,2025-01-16 11:52,,Regular,0.5885
5123349066024818,5123409719855178,张洲,2025-01-16 11:52,,GoldV,0.0007
5123418363530783,5123473690854486,三友化工小股民600409,2025-01-16 16:06,,YellowV,0.1933
5123442322703282,5123462387467955,图瞰天下,2025-01-16 15:21,,YellowV,0.8477
5123442322703282,5123462247221796,微法国FR,2025-01-16 15:20,,BlueV,0.8477
5123442322703282,5123461930027842,话心师,2025-01-16 15:19,,BlueV,0.8477
5183341592318532,5183384335679767,苍烟野鹤,2025-06-30 23:49,,Regular,0.0363
5183243533160448,5183381421427608,用户7779762284,2025-06-30 23:38,,Regular,0.0239
5183210255550168,5183376950297136,dippy猫__,2025-06-30 23:20,,Regular,0.1661
5128256929662869,5128303247885190,王又又,2025-01-29 23:57,美国,RedV,0.6149
5127724772886273,5127941425991110,老曾阿牛,2025-01-28 23:59,,Regular,0.5885
5127151927695544,5127216321008875,蜀汉司号员向加沙人民致敬,2025-01-26 23:58,,Regular,0.5646
5128650932619073,5128663965892621,日常生活启示录,2025-01-30 23:50,,Regular,0.0023
5127201269219597,5127215945615281,蜀汉司号员向加沙人民致敬,2025-01-26 23:56,,Regular,0.0156
5127883140118213,5127938792753089,六月的清晨YY,2025-01-28 23:49,,Regular,0.9009
5127731275367872,5127937984830413,木牛夕人,2025-01-28 23:45,,Regular,0.5885
5126103182089177,5126128285257131,时光不觉1999,2025-01-23 23:54,,Regular,0.0321
5128581250287619,5128662787817782,用户7843011306,2025-01-30 23:45,,Regular,0.5885
5127575921757556,5127576366616166,麻瓜电影,2025-01-27 23:48,,RedV,0.6281
5127021888014772,5127575733277229,尼克安闲,2025-01-27 23:46,,RedV,0.5885
5127284455375483,5128299745116516,乐乐中新股,2025-01-29 23:43,,Regular,0.5885
5127337815310818,5127934876585264,中国大理客栈联盟,2025-01-28 23:33,,Regular,0.0031
5126846360064307,5127575487910954,北京鲁戈,2025-01-27 23:45,,RedV,0.1242
5126690035207723,5127575003727562,暖暖宝宝秀秀,2025-01-27 23:43,,Regular,0.0101
5126690035207723,5127574967816790,全场都有李公子买单,2025-01-27 23:43,,Regular,0.034
5126866999971282,5127214588758694,睿悦胡2,2025-01-26 23:51,,YellowV,0.5777
5128656789177871,5128661231731469,仰止条侯,2025-01-30 23:39,,GoldV,0.03
5126690035207723,5127574965977674,Wilsonnnnnnnnnnnnn,2025-01-27 23:43,,Regular,0.683
5126690035207723,5127574959425728,雪冰城加盟,2025-01-27 23:43,,Regular,0.1158
5126690035207723,5127574961782996,小届的珠宝小铺,2025-01-27 23:43,,Regular,0.0984
5126690035207723,5127574957855457,木头小伙的秘密,2025-01-27 23:43,,Regular,0.4162
5127032891769130,5127214274186260,牂牁萨满,2025-01-26 23:50,,GoldV,0.0096
5126690035207723,5127574957590009,论悟,2025-01-27 23:43,,Regular,0.3241
5126690035207723,5127574956804286,落汤口苗,2025-01-27 23:43,,Regular,0.8973
5126690035207723,5127574955229907,木彼得堡,2025-01-27 23:43,,Regular,0.994
5126690035207723,5127574953657361,逍遥人生尘埃落,2025-01-27 23:43,,Regular,0.0159
5127174982209341,5127931799802106,三十三山峰,2025-01-28 23:21,,Regular,0.1242
5126690035207723,5127574952872197,魑魅万网娘,2025-01-27 23:43,,Regular,0.0011
5126690035207723,5127574952612430,快乐小小花猫,2025-01-27 23:43,,Regular,0.8164
5126690035207723,5127574953656979,小任性的月薪,2025-01-27 23:43,,Regular,0.9306
5126690035207723,5127574948157401,我超爱喝椰子噢,2025-01-27 23:43,,Regular,0.9738
5126690035207723,5127574950777758,candy路从今夜白_,2025-01-27 23:43,,Regular,0.9286
5126690035207723,5127574950773429,暂时不要脸,2025-01-27 23:43,,Regular,0.9178
5126690035207723,5127574948940892,傲娇毛与按不住花,2025-01-27 23:43,,Regular,0.9957
5126690035207723,5127574953394791,蓝色歌者2011,2025-01-27 23:43,,Regular,0.013
5126690035207723,5127574944747500,爱自己给自己00,2025-01-27 23:43,,Regular,0.0864
5126690035207723,5127574944745700,南冰洋杨,2025-01-27 23:43,,Regular,0.2312
5127770796984322,5127931325843065,煮茶读书听雨,2025-01-28 23:19,,Regular,0.9813
5126690035207723,5127574943963247,war3的神,2025-01-27 23:43,,Regular,0.9816
5126690035207723,5127574942653043,稳妥龙,2025-01-27 23:43,,Regular,0.4121
5126690035207723,5127574942649862,要多远酒对圆,2025-01-27 23:43,,Regular,0.9324
5126690035207723,5127574940817039,喵喵说植发,2025-01-27 23:43,,Regular,0.0164
5127085859014032,5127574718519483,卢笙_Bamboo,2025-01-27 23:42,,Regular,0.5885
5127085859014032,5127573971928873,橙子_HIKARI,2025-01-27 23:39,,Regular,0.5885
5127556053078901,5127573241074228,布哈拉游台湾,2025-01-27 23:36,,Regular,0.0284
5127176757714061,5127212361844592,zxfsnow,2025-01-26 23:42,,Regular,0.4897
5125884522791896,5126127746549143,舞舞则天,2025-01-23 23:52,,Regular,0.9513
5128283680937148,5128294347312041,语芙青筠,2025-01-29 23:21,,Regular,0.0005
5126616688363457,5127571971510400,媒体人牛满,2025-01-27 23:31,,YellowV,0.2967
5127201740034278,5127211492049439,布哈拉游台湾,2025-01-26 23:39,,Regular,0.0098
5126973110093135,5127211311171726,妥爸-关心孩子的事,2025-01-26 23:38,,RedV,0.9622
5128581250287619,5128657385295786,博物乾坤,2025-01-30 23:24,,RedV,0.7819
5128581250287619,5128657032450923,日常生活启示录,2025-01-30 23:23,,Regular,0.0475
5128581250287619,5128656634776817,镰锤耕者,2025-01-30 23:21,,Regular,0.5885
5128277423292547,5128292800400467,林泰前,2025-01-29 23:15,,Regular,0.1242
5128122458442336,5128292427104257,北京鲁戈,2025-01-29 23:14,,RedV,0.5885
5098127327757945,5127570536268744,零零发啄木鸟,2025-01-27 23:25,,Regular,0.5885
5117207336193107,5127570290904558,苦杏仁,2025-01-27 23:24,,Regular,0.5885
5182928873065138,5183375100086479,杏林修行中,2025-06-30 23:13,,YellowV,0.1242
5183311933607180,5183374806745355,一个让世界嫉妒的男人,2025-06-30 23:11,,RedV,0.9358
5127429892868076,5128291734258755,金丝雀文学大师,2025-01-29 23:11,,Regular,0.1038
5057789200695768,5183373896321412,朱世巍,2025-06-30 23:08,,RedV,0.0022
5125569652461993,5126126666255482,赵亮,2025-01-23 23:48,,YellowV,0.5885
5126103182089177,5126126642921944,一个院长的思考,2025-01-23 23:48,,GoldV,0.5885
5127108804480923,5127209536720667,西南季风2025,2025-01-26 23:31,,Regular,0.0087
5127349077544517,5127567532885481,飘柔Joker,2025-01-27 23:13,,Regular,0.5618
5127349077544517,5127567532884428,摩卡玩疯了,2025-01-27 23:13,,Regular,0.1351
5127349077544517,5127567531052833,被爱的xinren,2025-01-27 23:13,,Regular,0.0427
5127349077544517,5127567529740801,艾涅妹儿,2025-01-27 23:13,,Regular,0.5453
5097682399920594,5126126339102671,好多狸_,2025-01-23 23:47,,Regular,0.5885
5127349077544517,5127567529480596,今天阳光休假,2025-01-27 23:13,,Regular,0.0141
5127349077544517,5127567529477894,gogo糖果-,2025-01-27 23:13,,Regular,0.9877
5127349077544517,5127567529477676,晓晓棉花糖,2025-01-27 23:13,,Regular,0.5689
5127349077544517,5127567529218181,小鱼儿呼啦啦,2025-01-27 23:13,,Regular,0.0282
5127349077544517,5127567528433243,紫陌流鸢,2025-01-27 23:13,,Regular,0.2972
5127349077544517,5127567526859909,奶茶-小公举,2025-01-27 23:13,,Regular,0.8151
5127349077544517,5127567518732724,巍巍1428,2025-01-27 23:13,,Regular,0.3282
5127349077544517,5127567512701782,搖擺尐青姩,2025-01-27 23:13,,Regular,0.0341
5127349077544517,5127567512178656,最近有点忙为梦想努力着,2025-01-27 23:13,,Regular,0.0295
5127349077544517,5127567511652623,胡庆儿儿儿,2025-01-27 23:13,,Regular,0.2944
5183293869525588,5183372152275132,一袖清风过山岗,2025-06-30 23:01,,Regular,0.0332
5127349077544517,5127567507456296,忧伤的陈某人,2025-01-27 23:13,,Regular,0.9958
5127349077544517,5127567504312675,春月恋歌jm,2025-01-27 23:13,,Regular,0.3199
5127349077544517,5127567503262900,强控S,2025-01-27 23:13,,Regular,0.0063
5127356903326331,5127567064170763,飘柔Joker,2025-01-27 23:11,,Regular,0.9937
5125713023995307,5126125556602869,山高县2020,2025-01-23 23:43,,GoldV,0.0005
5127356903326331,5127567053168359,千山万重Z不离不弃Y为了理想l,2025-01-27 23:11,,Regular,0.8494
5127356903326331,5127566988150385,qi-七的柒,2025-01-27 23:11,,Regular,0.6236
5127356903326331,5127566987629104,Ryu小乖猫,2025-01-27 23:11,,Regular,0.5351
5127356903326331,5127566988152161,Gemini钧,2025-01-27 23:11,,Regular,0.0569
5127356903326331,5127566988413312,芙芙hana,2025-01-27 23:11,,Regular,0.7608
5127356903326331,5127566973472958,呆小布kill,2025-01-27 23:11,,Regular,0.9695
5127344666970627,5127566870447902,晓晓棉花糖,2025-01-27 23:11,,Regular,0.0011
5127203866281946,5127207402082082,Herbiewu,2025-01-26 23:22,,GoldV,0.8949
5127344666970627,5127566866255351,星雨迭香,2025-01-27 23:11,,Regular,0.0363
5127344666970627,5127566865992536,富豪小虾米,2025-01-27 23:11,,Regular,0.9924
5127344666970627,5127566864424018,摩卡玩疯了,2025-01-27 23:11,,Regular,0.9957
5127344666970627,5127566864422553,今天阳光休假,2025-01-27 23:11,,Regular,0.0332
5127344666970627,5127566866777536,紫陌流鸢,2025-01-27 23:11,,Regular,0.8884
5127344666970627,5127566849474614,鼠尾草111,2025-01-27 23:11,,Regular,0.111
5127344666970627,5127566847381786,最近有点忙为梦想努力着,2025-01-27 23:11,,Regular,0.9678
5127344666970627,5127566846071216,J-小锦的宝藏圈,2025-01-27 23:11,,Regular,0.8986
5127344666970627,5127566839259337,梵羽默,2025-01-27 23:11,,Regular,0.9756
5127344666970627,5127566840566438,搖擺尐青姩,2025-01-27 23:11,,Regular,0.996
5127344666970627,5127566841088690,春月恋歌jm,2025-01-27 23:11,,Regular,0.9585
5127344666970627,5127566841348983,混吃混吃,2025-01-27 23:11,,Regular,0.9903
5127344666970627,5127566837418628,小_小阿歆菌,2025-01-27 23:11,,Regular,0.7281
5127344666970627,5127566837158519,微辣酱爆兔,2025-01-27 23:11,,Regular,0.6315
5127344666970627,5127566835064783,櫻小盆友__elizabethkim,2025-01-27 23:11,,Regular,0.7799
5127344666970627,5127566837678651,king-lft,2025-01-27 23:11,,Regular,0.5168
5127344666970627,5127566832177725,强控S,2025-01-27 23:11,,Regular,0.9767
5126839518892326,5127206711857814,马鞍山下一匹夫,2025-01-26 23:20,,Regular,0.8686
5125948422753198,5126124705155320,花和尚lnstagramcyh,2025-01-23 23:40,,Regular,0.0058
5127547857929752,5127565025743899,撒手锏_,2025-01-27 23:03,,GoldV,0.0423
5127179553739783,5127204922983321,骑着林一聪的老冯子高调路过,2025-01-26 23:12,,Regular,0.5885
5126103182089177,5126123694325830,中国公知精神病总院发言人,2025-01-23 23:36,,Regular,0.0009
5127365754357469,5127564760978314,琴哥小惑,2025-01-27 23:02,,Regular,0.0009
5128269907103650,5128656408545892,年糕年年高,2025-01-30 23:20,,Regular,0.0334
5128581250287619,5128654629111671,醉卧沙场卿莫笑,2025-01-30 23:13,,YellowV,0.0069
5125924955623857,5126121429141691,听蝉轩主人,2025-01-23 23:27,,Regular,0.5885
5128634778782714,5128651756277450,指名道姓评论区,2025-01-30 23:02,,Regular,0.0048
5127201057934212,5127202347420345,麦田蓑笠翁,2025-01-26 23:02,,GoldV,0.9151
5126114951303042,5126119759807299,一叶一菩提13500,2025-01-23 23:20,,YellowV,0.8257
5126014678074474,5126119333036880,不爱又何必纠缠cc,2025-01-23 23:19,,Regular,0.8072
5127179553739783,5127202029180562,李干观世界,2025-01-26 23:01,,Regular,0.5885
5126014678074474,5126119315999554,茶茶茶茶茶树JURI-,2025-01-23 23:19,,Regular,0.9532
5126016266404318,5126118771001519,小任性的月薪,2025-01-23 23:16,,Regular,0.1531
5126016266404318,5126118769689800,陆兮兮兮兮,2025-01-23 23:16,,Regular,0.3115
5126016266404318,5126118768120223,candy路从今夜白_,2025-01-23 23:16,,Regular,0.0204
5126016266404318,5126118766546869,猫街姑娘喜欢猫_,2025-01-23 23:16,,Regular,0.0422
5126016266404318,5126118766281785,可爱不吃鱼火锅,2025-01-23 23:16,,Regular,0.4731
5126016266404318,5126118765499147,落汤口苗,2025-01-23 23:16,,Regular,0.1581
5126016266404318,5126118759995704,Joe有好运,2025-01-23 23:16,,Regular,0.3777
5126016266404318,5126118761303862,发了疯的小卷,2025-01-23 23:16,,Regular,0.0221
5126016266404318,5126118761563310,茶茶茶茶茶树JURI-,2025-01-23 23:16,,Regular,0.1655
5126016266404318,5126118761830211,要多远酒对圆,2025-01-23 23:16,,Regular,0.0406
5126016266404318,5126118763923955,xiao小好,2025-01-23 23:16,,Regular,0.6952
5126016266404318,5126118761568622,芮丝,2025-01-23 23:16,,Regular,0.8759
5126016266404318,5126118761826242,暖暖宝宝秀秀,2025-01-23 23:16,,Regular,0.026
5125704713243187,5126118744787354,第三人造天堂,2025-01-23 23:16,,Regular,0.5885
5125704713243187,5126118530879070,流氓兔and牛奶,2025-01-23 23:15,,Regular,0.5885
5183741707164235,5183748941285282,onnowere,2025-07-01 23:58,广东,Regular,0.5885
5183721705313384,5183748886761729,熊霸机3号,2025-07-01 23:58,上海,Regular,0.5885
5183516242875552,5183748351462944,yyli,2025-07-01 23:56,湖北,Regular,0.0955
5183695859485796,5183745227493360,偏头观,2025-07-01 23:43,,Regular,0.0103
5183680073176250,5183745037962239,财虎宝宝,2025-07-01 23:43,,RedV,0.4135
5183690007380582,5183744777917486,金陵郭健,2025-07-01 23:42,,YellowV,0.1309
5183554071560680,5183744740168602,G黄智雄,2025-07-01 23:41,,Regular,0.1242
5183695859485796,5183744155586707,我喊你哥,2025-07-01 23:39,,YellowV,0.0189
5183722756506464,5183743442552354,一噚2012,2025-07-01 23:36,,Regular,0.1854
5183706819728631,5183743376494817,高原上的大哥,2025-07-01 23:36,,Regular,0.1022
5183721705313384,5183743278977666,九文瘪狐,2025-07-01 23:36,,Regular,0.9452
5174653300507946,5183743267701996,决战印度洋,2025-07-01 23:36,,Regular,0.753
5183737668046504,5183743079222668,公号猫眼看天下,2025-07-01 23:35,,Regular,0.4991
5183733914142098,5183742702520779,章简简,2025-07-01 23:33,,Regular,0.2667
5183733914142098,5183742646682190,急吼吼jhg,2025-07-01 23:33,,Regular,0.111
5183733914142098,5183742639610063,桂冠诗人喝醉了,2025-07-01 23:33,,Regular,0.0006
5183733914142098,5183742638556032,L松松S,2025-07-01 23:33,,Regular,0.002
5183733914142098,5183742633316894,侯金龍Sleeping,2025-07-01 23:33,,Regular,0.0248
5183736916214386,5183742630694092,2025一切所愿皆成,2025-07-01 23:33,,Regular,0.0494
5183709310358470,5183742522164525,如意金箍棒重三万六千钧,2025-07-01 23:33,,Regular,0.0012
5183736699682980,5183742293574623,高原上的大姐,2025-07-01 23:32,,Regular,0.2791
5183721705313384,5183741571891825,Sprite2017,2025-07-01 23:29,,Regular,0.5885
5183726377502194,5183740623981895,淘豆奇迹猫,2025-07-01 23:25,,Regular,0.0241
5183695859485796,5183740516504890,财运亨通2028,2025-07-01 23:25,,YellowV,0.0723
5183730382540482,5183739544210643,温森特向日葵,2025-07-01 23:21,,Regular,0.0123
5183696619178495,5183739256639120,楚望远镜,2025-07-01 23:20,,Regular,0.0054
5183723697602596,5183738858440629,布哈拉游台湾,2025-07-01 23:18,,Regular,0.0239
5183736427579543,5183738705348883,今视频长天新闻,2025-07-01 23:17,,Regular,0.1278
5183720883229445,5183738646366823,布哈拉游台湾,2025-07-01 23:17,,Regular,0.0052
5183695859485796,5183738327340282,见本宫为何不跪,2025-07-01 23:16,,Regular,0.014
5183721705313384,5183737440765896,爱知君,2025-07-01 23:12,,RedV,0.6957
5183611659616348,5183737067211659,Vickyleaks,2025-07-01 23:11,,Regular,0.9929
5183695859485796,5183736062153105,用户1313888,2025-07-01 23:07,,Regular,0.5885
5183721705313384,5183735504572042,楚团长聊聊天,2025-07-01 23:05,,GoldV,0.0159
5183721247870494,5183735185282733,萧县枣园,2025-07-01 23:04,,Regular,0.0096
5183695859485796,5183734336979710,垂耳花,2025-07-01 23:00,,Regular,0.1048
5183695859485796,5183734292417963,堂吉柯德如是说,2025-07-01 23:00,,Regular,0.7801
5183695859485796,5183734245759307,远方之远_Fei,2025-07-01 23:00,,Regular,0.1242
5183855841773374,5184111532312835,长空雁叫V,2025-07-02 23:59,四川,Regular,0.5885
5182497608696914,5184109731383078,在那山上在那海边在那风中,2025-07-02 23:52,山东,Regular,0.0343
5172666342572353,5183386853053793,奇思妙语的草地,2025-06-30 23:59,,Regular,0.5885
5175936219612483,5183371728913661,天天也要开心呦,2025-06-30 22:59,,Regular,0.5885
5183234551843656,5183371103440632,玉辞心剑之初,2025-06-30 22:57,,Regular,0.997
5175936219612483,5183385053435356,朝着你的方向前进1128,2025-06-30 23:52,,Regular,0.5885
5175936219612483,5183370251474431,XIXITENYEARS,2025-06-30 22:53,,Regular,0.9714
5183234551843656,5183370054344332,枫岫主人拂樱斋主,2025-06-30 22:53,,Regular,0.5
5183235690335053,5183384411968213,用户7942009892,2025-06-30 23:50,,Regular,0.9901
5175936219612483,5183369974387738,someonelike28,2025-06-30 22:52,,Regular,0.9963
5175936219612483,5183369964946640,双玺临闷,2025-06-30 22:52,,Regular,0.995
5175936219612483,5183369826538602,默默默默挣扎,2025-06-30 22:52,,YellowV,0.9911
5183279607054541,5183383361814609,铁齿铜牙老大哥,2025-06-30 23:45,,Regular,0.4743
5183234551843656,5183383000846023,小西瓜长出小太阳,2025-06-30 23:44,,Regular,0.7934
5183234551843656,5183369063174156,芜园一只香独秀,2025-06-30 22:49,,Regular,0.9885
5183234551843656,5183381962490701,我在河堤看星星,2025-06-30 23:40,,Regular,0.7934
5183279607054541,5183381868385828,peng美的发现,2025-06-30 23:40,,YellowV,0.5885
5183234551843656,5183367500797205,鹤宝小太阳,2025-06-30 22:42,,Regular,0.9859
5183234551843656,5183366978604136,佛剑分说不分说,2025-06-30 22:40,,Regular,0.9885
5172666342572353,5183380833964413,奇思妙语的草地,2025-06-30 23:35,,Regular,0.5885
5172666342572353,5183380794901008,奇思妙语的草地,2025-06-30 23:35,,Regular,0.9382
5183234551843656,5183365567482023,北芳秀年几何,2025-06-30 22:35,,Regular,0.7934
5172666342572353,5183380776029871,奇思妙语的草地,2025-06-30 23:35,,Regular,0.9382
5183234551843656,5183355659750326,棣棠花开富贵荣华,2025-06-30 21:55,,Regular,0.9896
5183235690335053,5183341097915902,啵塘里的鱼,2025-06-30 20:58,,Regular,0.9582
5183289377423825,5183296095912178,RIS_寒羽,2025-06-30 17:59,,GoldV,0.1875
5183234551843656,5183325545434424,薄荷柠檬_i,2025-06-30 19:56,,Regular,0.995
5172666342572353,5183364324661091,欧气小呆,2025-06-30 22:30,,RedV,0.6316
5183234551843656,5183339721393136,追一个小太阳_Dylan,2025-06-30 20:52,,Regular,0.7934
5183289985075305,5183308684330193,Aprtau-,2025-06-30 18:49,,Regular,0.9072
5183187829394913,5183265711328161,随意的糖糖,2025-06-30 15:58,,YellowV,0.992
5183179604364081,5183265667023807,伟大的印第安人-自留地圈养,2025-06-30 15:58,,Regular,0.0121
5183235690335053,5183265654183415,随意的糖糖,2025-06-30 15:58,,YellowV,0.9946
5183234551843656,5183264974181366,王鹤棣的妙妙,2025-06-30 15:55,,Regular,0.9684
5183234551843656,5183292921610400,梦见鲨鱼棣_Dylan,2025-06-30 17:46,,Regular,0.9984
5183234551843656,5183264534561157,熬叶_Dylan,2025-06-30 15:53,,YellowV,0.9984
5183187829394913,5183264467193924,爱国爱家小麻瓜,2025-06-30 15:53,,Regular,0.987
5181773764887288,5183291965047491,青海省海北州交警支队,2025-06-30 17:42,,BlueV,0.0597
5183234551843656,5183264102288828,木一子曰,2025-06-30 15:52,,Regular,0.5444
5183234551843656,5183337270348040,接棣气的宝宝,2025-06-30 20:42,,Regular,0.9941
5183291251754029,5183320586719787,HERMES的小窝,2025-06-30 19:36,,YellowV,0.0178
5183289377423825,5183306125544205,碎色流年不忘卿bot,2025-06-30 18:39,,Regular,0.5885
5183235690335053,5183291588085365,风吹麦浪赏心悦目,2025-06-30 17:41,,Regular,0.9772
4852770237055641,5183349762033933,有钱哥哥顺顺利利健健康康,2025-06-30 21:32,,Regular,0.9277
5183234551843656,5183358067280657,棣棣哥哥哥,2025-06-30 22:05,,Regular,0.9896
5172666342572353,5183357815100647,zjxwander2015,2025-06-30 22:04,,Regular,0.5885
5183234551843656,5183262177362888,FingFing--,2025-06-30 15:44,,Regular,0.9801
5182929321332264,5183334810127518,L阳光刘刘,2025-06-30 20:33,,Regular,0.9049
5183234551843656,5183334718117505,坐在棣毯上,2025-06-30 20:32,,Regular,0.9774
5183234551843656,5183261590160876,种一片洋芋花,2025-06-30 15:42,,Regular,0.9874
5183234551843656,5183261585178841,少管我我想说就说,2025-06-30 15:42,,Regular,0.9813
5183234551843656,5183261581775166,种块洋芋地,2025-06-30 15:42,,Regular,0.9944
5183234551843656,5183261565257287,我想种块棣,2025-06-30 15:42,,Regular,0.9813
5183234551843656,5183261437334433,种块洋芋地,2025-06-30 15:41,,Regular,0.9948
5183234551843656,5183333799561323,DD小老公,2025-06-30 20:29,,Regular,0.9684
5183235690335053,5183301717068312,1起听无感吧,2025-06-30 18:21,,Regular,0.9874
5183332094574878,5183332780608870,Lucas-Tony,2025-06-30 20:24,,Regular,0.0425
5183234551843656,5183331135131263,许七安的菌子兵,2025-06-30 20:18,,Regular,0.9941
5183235690335053,5183258570525925,蓝湛的小豹猫,2025-06-30 15:30,,Regular,0.9936
5180718230538778,5183284552140734,爱吃沙茶炒面,2025-06-30 17:13,,Regular,0.5885
5172666342572353,5183329808680653,哆啦A梦的任意门111,2025-06-30 20:13,,Regular,0.9103
5183234551843656,5183258007964647,Dylan_凌晨才睡觉,2025-06-30 15:27,,YellowV,0.9984
5183235690335053,5183283509856947,坚强的露茜168,2025-06-30 17:09,,Regular,0.9675
5183234551843656,5183256870784841,H_慧子不在,2025-06-30 15:23,,Regular,0.9813
5183279607054541,5183327369693004,山海路桥,2025-06-30 20:03,,YellowV,0.9421
5183234551843656,5183256444275693,威虎山霸王花,2025-06-30 15:21,,Regular,0.9858
5183235690335053,5183281777870414,巨毒绿色竹叶青,2025-06-30 17:02,,YellowV,0.9812
5183231684773672,5183256198646524,我叫张美丽,2025-06-30 15:20,,Regular,0.9958
5183234551843656,5183255181529079,大奉青橘铺,2025-06-30 15:16,,YellowV,0.9721
5172666342572353,5183255139325556,blessing0514,2025-06-30 15:16,,Regular,0.8926
5183235690335053,5183253229340920,用户7969398650,2025-06-30 15:08,,Regular,0.9282
5183187829394913,5183252920271204,我的昵称好啵啦,2025-06-30 15:07,,Regular,0.5885
5183187829394913,5183252467028637,青梅酒香奶糖甜,2025-06-30 15:05,,Regular,0.9762
5115426852569241,5119606518453805,盯上小姑娘的蘑菇精,2025-01-05 23:59,,Regular,0.5885
5119457402557006,5119599899840839,千山万重Z不离不弃Y为了理想l,2025-01-05 23:33,,Regular,0.9921
5119457402557006,5119599901409844,暴雨1348974760,2025-01-05 23:33,,Regular,0.8297
5119457402557006,5119599896955055,温暖阳光嘟嘟鱼,2025-01-05 23:33,,Regular,0.9785
5119457402557006,5119599894336230,欢乐配偶笑哈哈,2025-01-05 23:33,,Regular,0.971
5119457402557006,5119599876248192,熊乖乖啦啦,2025-01-05 23:33,,Regular,0.9774
5119457402557006,5119599874149304,碟舞满天lu,2025-01-05 23:33,,Regular,0.9958
5119457402557006,5119599873360751,炫迈志,2025-01-05 23:33,,Regular,0.2535
5119457402557006,5119599867595815,快乐的天使88888,2025-01-05 23:33,,Regular,0.991
5119457402557006,5119599865760696,梦绕千里,2025-01-05 23:33,,Regular,0.9687
5119457402557006,5119599861566112,小心肝dorothy,2025-01-05 23:33,,Regular,0.3193
5117779462328567,5119597012845797,竹亭9785,2025-01-05 23:21,,Regular,0.9815
5116496155511748,5119588650718623,Dylan_AliceIV,2025-01-05 22:48,,Regular,0.9619
5183234551843656,5183250830986294,Alice_DylanX,2025-06-30 14:59,,Regular,0.7934
5182926356218796,5183249493525792,启东政法,2025-06-30 14:54,,BlueV,0.0618
5183235690335053,5183249418552671,廿85啵啵,2025-06-30 14:53,山西,Regular,0.9403
5183235690335053,5183248533818632,用户7969398794,2025-06-30 14:50,广东,Regular,0.9949
5183234551843656,5183248461201971,CindyZom,2025-06-30 14:49,广东,Regular,0.5
5183234551843656,5183248453341403,棣是坦途,2025-06-30 14:49,江苏,YellowV,0.9941
5183234551843656,5183248331440510,Alice_DylanIX,2025-06-30 14:49,,Regular,0.9941
5183187829394913,5183272645563213,爱深秋18,2025-06-30 16:26,江苏,Regular,0.9927
5183187829394913,5183272201749499,梨花雪-雪山青松,2025-06-30 16:24,广西,Regular,0.9839
5183187829394913,5183269320525915,你是我们的天使W,2025-06-30 16:12,,Regular,0.5885
5162685688711414,5162728235992760,李小帐篷世人知,2025-05-04 23:49,天津,Regular,0.5885
5162207344591970,5162728034140684,红星闪耀四方,2025-05-04 23:49,北京,Regular,0.2538
5162685688711414,5162722317832875,酒红,2025-05-04 23:26,山东,Regular,0.5885
5162495480693584,5162720941053526,hello东营,2025-05-04 23:20,山东,Regular,0.1317
5162287283835218,5162362253612423,大兵悍将之中华,2025-05-03 23:35,上海,Regular,0.9839
5161568686051145,5162005142701874,伊洛牧,2025-05-02 23:56,上海,RedV,0.5885
5157831051056270,5161630901737791,财滢滢,2025-05-01 23:09,北京,Regular,0.5058
5160806561350471,5161279561664936,候补热核,2025-04-30 23:53,河北,Regular,0.0065
5160915515214946,5160915693212341,通州瞭望者,2025-04-29 23:47,北京,Regular,0.5647
5160914996955908,5160915147952235,通州瞭望者,2025-04-29 23:45,北京,Regular,0.7236
5159372248055884,5160539489311953,者旨于睗,2025-04-28 22:52,河南,Regular,0.5885
5160139008251970,5160530080697813,大沙田里田沙大,2025-04-28 22:15,广西,Regular,0.5885
5159372248055884,5159466622519869,柏贤呐,2025-04-25 23:49,广东,Regular,0.5885
5158955824188323,5159465939634348,青青虫的微博,2025-04-25 23:46,北京,GoldV,0.056
5159232743673830,5159465243643436,EngineeringSample,2025-04-25 23:43,美国,Regular,0.5885
5158151859208588,5159464831289761,美吉--,2025-04-25 23:42,广东,Regular,0.9208
5159420216743497,5159463620974483,德惠老司机,2025-04-25 23:37,吉林,YellowV,0.0868
5157100057529144,5158376691992017,山西新绛反邪教,2025-04-22 23:38,,BlueV,0.5885
5161568686051145,5162697218593960,复读机机机机机,2025-05-04 21:46,安徽,Regular,0.0145
5162207344591970,5162696920793988,成善银看点,2025-05-04 21:45,重庆,Regular,0.0935
5162207344591970,5162696370820706,yyli,2025-05-04 21:43,湖北,Regular,0.2353
5161927655559781,5161981032794224,热火的鱼_836,2025-05-02 22:20,福建,Regular,0.0012
5161927655559781,5161981019688344,龙城飞将后,2025-05-02 22:20,广东,Regular,0.5227
5161568686051145,5161623574022597,亿万炮塔亿万光芒,2025-05-01 22:40,辽宁,Regular,0.5885
5161568686051145,5161622712624010,ROMAN北风,2025-05-01 22:36,河北,Regular,0.5885
5161568686051145,5161617995340872,猪头不卖-FIA皖舵,2025-05-01 22:18,安徽,YellowV,0.0004
5161568686051145,5161609891419159,瀚海Sky,2025-05-01 21:45,重庆,Regular,0.5885
5161197574031393,5161249278007469,精一中和,2025-04-30 21:53,陕西,Regular,0.5885
5159435720199708,5161245306789935,小叮噹686,2025-04-30 21:37,江苏,Regular,0.5885
5159435720199708,5161237848001918,yuanlin64,2025-04-30 21:07,天津,Regular,0.0024
5161098014361978,5161230939984637,白月骑士114514,2025-04-30 20:40,江苏,Regular,0.0022
5160191041733542,5160191264033753,通州瞭望者,2025-04-27 23:48,北京,Regular,0.6764
5160080307912820,5160189569798537,yrhn,2025-04-27 23:42,上海,Regular,0.741
5160180409700408,5160189427714135,幻城之夜2,2025-04-27 23:41,福建,Regular,0.048
5160180409700408,5160189406222038,scy八月,2025-04-27 23:41,福建,Regular,0.035
5160180409700408,5160189402811703,Zhenhangsu,2025-04-27 23:41,安徽,Regular,0.0067
5160180409700408,5160189398881175,Adu62333,2025-04-27 23:41,广东,Regular,0.1184
5159642700974352,5159828390413401,耿直的洞洞鞋,2025-04-26 23:46,北京,RedV,0.0269
5159369232356138,5159823504840118,网络爱国义勇军伍师,2025-04-26 23:27,广东,Regular,0.0611
5159372248055884,5159461421844824,Eternal9799,2025-04-25 23:28,浙江,Regular,0.5885
5159372248055884,5159459341473381,哈雷彗星的尾巴,2025-04-25 23:20,河北,Regular,0.1508
5159372248055884,5159455572104729,呦嚯,2025-04-25 23:05,江苏,Regular,0.0071
5159091005562974,5159098161568495,新西兰冷百科孙小社,2025-04-24 23:25,日本,GoldV,0.0041
5159091005562974,5159097172758959,远离巫医药,2025-04-24 23:21,广东,RedV,0.0562
5158619528039892,5158741608237079,胖尊者,2025-04-23 23:48,辽宁,Regular,0.0825
5157735005159485,5158740073910396,姬亚伟老师,2025-04-23 23:42,陕西,Regular,0.0421
5158699972166389,5158737791157454,士心止戈dlc,2025-04-23 23:33,福建,Regular,0.691
5158155827544179,5158362225056520,深圳县令,2025-04-22 22:40,广东,GoldV,0.5885
5158155827544179,5158362171052398,做一个灵魂独立而丰富的女人,2025-04-22 22:40,浙江,Regular,0.5885
5156505196956472,5158360527409730,0E1E,2025-04-22 22:34,广东,Regular,0.6446
5157969037627202,5158005252032633,真正的酸甜可乐,2025-04-21 23:02,江苏,YellowV,0.6236
5157582927825683,5157656915874458,楠言楠语的美食日志,2025-04-20 23:58,山东,Regular,0.0755
5157098922705452,5157288920487343,yrhn,2025-04-19 23:35,上海,Regular,0.9703
5156822794112256,5156931371798343,凉凉画意,2025-04-18 23:55,江苏,Regular,0.0384
5157270724543002,5157280677894392,人间沧桑事,2025-04-19 23:03,天津,Regular,0.0049
5161568686051145,5162687694374368,美帝花凌g2了没,2025-05-04 21:08,四川,Regular,0.5885
5162685688711414,5162686174987990,odm-,2025-05-04 21:02,广东,Regular,0.0207
5161384153974631,5162304133138574,无应答,2025-05-03 19:44,浙江,Regular,0.0243
5162219659855518,5162299720993904,鲲鹏AI量化大树,2025-05-03 19:27,天津,YellowV,0.0143
5161809703602415,5162297380570638,厦门鲁锦华,2025-05-03 19:17,福建,YellowV,0.5885
5161969938597302,5162287372173674,每一天都是新生1999999,2025-05-03 18:38,中国香港,Regular,0.0177
5155976525906313,5156568589143822,黄河口稻草人,2025-04-17 23:53,山东,Regular,0.7188
5155993403263783,5156567880307373,怀念老前辈,2025-04-17 23:50,广西,Regular,0.5885
5161718457827770,5161975908139891,琴心剑胆_10558,2025-05-02 22:00,陕西,Regular,0.5885
5161718457827770,5161974259785462,-琴心剑胆68,2025-05-02 21:53,陕西,Regular,0.5885
5161718457827770,5161973764856440,-琴心剑胆,2025-05-02 21:51,陕西,YellowV,0.5885
5161568686051145,5161609204598711,史老柒,2025-05-01 21:43,北京,GoldV,0.3741
5161062550996852,5161604741071465,韭财花之春,2025-05-01 21:25,上海,RedV,0.7341
5161197574031393,5161224451135062,史小东,2025-04-30 20:14,河北,Regular,0.1431
5160180409700408,5160189397307404,萝莉牛X王,2025-04-27 23:41,福建,Regular,0.0745
5160180409700408,5160189401762061,Super---Jiao,2025-04-27 23:41,福建,Regular,0.0161
5156241890607562,5156551677711222,Z有梦有坚持Y,2025-04-17 22:46,贵州,RedV,0.0321
5160180409700408,5160189403334484,救赎与放飞,2025-04-27 23:41,广东,Regular,0.007
5160188576272274,5160188672213738,通州瞭望者,2025-04-27 23:38,北京,Regular,0.7742
5156415669014348,5156549867341549,海棠花城海棠之城,2025-04-17 22:39,江苏,Regular,0.0113
5159598467579977,5159819632445562,山西稷山反邪教,2025-04-26 23:12,,BlueV,0.5885
5160188164968105,5160188311504115,通州瞭望者,2025-04-27 23:37,北京,Regular,0.4566
5159372248055884,5159452463073423,我在地球修飞船,2025-04-25 22:53,广东,Regular,0.5885
5158655281596496,5158731815061761,山路绵延要闲散,2025-04-23 23:09,北京,Regular,0.5885
5159406375800594,5159451053528525,高铁J,2025-04-25 22:47,北京,Regular,0.0067
5158729162957784,5158731664327521,Liu7__,2025-04-23 23:08,陕西,Regular,0.6182
5183342947598610,5183384487461587,九品墨客,2025-06-30 23:50,,Regular,0.0062
5183242751971239,5183383735899320,DS云淡风轻,2025-06-30 23:47,,Regular,0.1526
5183298465956641,5183366853821542,yz0330,2025-06-30 22:40,,Regular,0.5885
5182459882768009,5183366497306223,用户上隐,2025-06-30 22:38,,Regular,0.5885
5183360210310312,5183361330977851,MacMac198603,2025-06-30 22:18,,Regular,0.1243
5182662119263140,5183021423529469,太白经天,2025-06-29 23:47,,Regular,0.0013
5182662119263140,5183021146967968,歌者歌于途,2025-06-29 23:46,,Regular,0.5885
5182658294055436,5183008274911528,答案未知数,2025-06-29 22:55,,Regular,0.5885
5181944323375478,5183017724154866,财神到大V,2025-06-29 23:33,,Regular,0.0053
5182662119263140,5183015894652157,琉球战士1,2025-06-29 23:25,,Regular,0.5885
5182662119263140,5183004416409771,summerroha,2025-06-29 22:40,,Regular,0.0024
5182662119263140,5183002938447072,水獭一般编-阿怡,2025-06-29 22:34,,GoldV,0.0032
5182183108776293,5182979028289524,夏威小鲸鱼,2025-06-29 20:59,,Regular,0.0092
5182838741927084,5182978686718170,手机用户3012703981,2025-06-29 20:57,,Regular,0.5885
5182945300054690,5182977810370073,布哈拉游台湾,2025-06-29 20:54,,Regular,0.4091
5182838741927084,5183001388650720,yrhn,2025-06-29 22:28,,Regular,0.4945
5182662119263140,5183014012980775,顺手牵杨扬,2025-06-29 23:18,,Regular,0.5885
5182658294055436,5182999735567802,行者无疆zjc,2025-06-29 22:21,,Regular,0.5885
5182662119263140,5182984686142126,迪迦奥特曼2022,2025-06-29 21:21,,Regular,0.5885
5182852081651947,5182945879131846,淡淡暖阳,2025-06-29 18:47,,Regular,0.5885
5182662119263140,5182944308104358,龙王爷与龙王庙,2025-06-29 18:41,,Regular,0.0017
5182940503608137,5182943899157278,泰岳三青峰,2025-06-29 18:39,,Regular,0.5885
5182170961808482,5182957136384014,Leo-随笔记录,2025-06-29 19:32,,Regular,0.2919
5182662119263140,5182998341224723,卑鄙无耻老猫,2025-06-29 22:16,,RedV,0.0318
5179536729444288,5182995474158375,木老的传说,2025-06-29 22:04,,Regular,0.02
5182662119263140,5182974213231226,期待早日收复藏南,2025-06-29 20:40,,Regular,0.011
5182808293116344,5182931485592506,锡山桐,2025-06-29 17:50,,Regular,0.0034
5182838741927084,5182931328828558,财财四哥,2025-06-29 17:49,,YellowV,0.0272
5182895150596501,5182929707995704,奔六,2025-06-29 17:43,,RedV,0.0968
5182873826495154,5182929396830160,玥球玩人,2025-06-29 17:42,,Regular,0.2686
5182825721500491,5182942880203025,梦angell,2025-06-29 18:35,,YellowV,0.606
5182930704926317,5182941877502536,如是一切,2025-06-29 18:31,,Regular,0.5885
5182838741927084,5182940591427440,真的怀念狼,2025-06-29 18:26,,Regular,0.1728
5182825721500491,5182940435712740,九墨斋九墨,2025-06-29 18:25,,Regular,0.0024
5182838741927084,5182917950577747,开心蓝箭-曲靖,2025-06-29 16:56,,Regular,0.5885
5182838741927084,5182915011150751,缸中脑花麻辣烫,2025-06-29 16:44,,Regular,0.5885
5182842683264739,5182969024352168,微博辟谣,2025-06-29 20:19,,BlueV,0.3007
5182658294055436,5182927496282382,用户6535289394,2025-06-29 17:34,,Regular,0.5885
5182838741927084,5182903606840684,艾泽拉斯旧梦,2025-06-29 15:59,,RedV,0.5885
5182857057929015,5182903505652811,留余1318,2025-06-29 15:59,,Regular,0.0073
5182863470758075,5182901297615775,嫏嬛小仙,2025-06-29 15:50,,Regular,0.5885
5182838741927084,5182935271736026,刘洪明稳健投资,2025-06-29 18:05,,GoldV,0.0031
5181756145142626,5182914167571291,电蚊拍放烟花,2025-06-29 16:41,,Regular,0.5885
5182838741927084,5182967703142911,yyli,2025-06-29 20:14,,Regular,0.2363
5182662119263140,5182898178361834,石头先生A1,2025-06-29 15:38,,Regular,0.002
5182895150596501,5182934564736943,李小安0626,2025-06-29 18:02,,GoldV,0.0642
5182877861676535,5182886815993302,芒履破钵随缘化,2025-06-29 14:52,,Regular,0.5885
5182838741927084,5182885233689021,wuli123若兰,2025-06-29 14:46,,Regular,0.4945
5182863470758075,5182885070114294,风吟听竹,2025-06-29 14:45,,RedV,0.9282
5182662119263140,5182910484187161,只是看看bgs2022,2025-06-29 16:26,,Regular,0.5885
5182848239931175,5182858260120264,笑看白云,2025-06-29 12:59,,YellowV,0.3904
5182658294055436,5182857624684905,你你你就是爱上了,2025-06-29 12:56,,Regular,0.1061
5182662119263140,5182856155894531,月夜赏飞云,2025-06-29 12:51,,Regular,0.5
5182662845141418,5182921734623323,后知雨辰,2025-06-29 17:11,,Regular,0.0054
5181756145142626,5182843015136128,薛国城北徐公,2025-06-29 11:58,,Regular,0.0005
5182833246601564,5182842905823666,苍烟野鹤,2025-06-29 11:58,,Regular,0.0051
5182893501451780,5182895903735970,什么时候有江西舰,2025-06-29 15:28,,Regular,0.0006
5182838741927084,5182883828335269,草酚蓝2012,2025-06-29 14:41,,Regular,0.7961
5182848239931175,5182908495301522,Joy007K,2025-06-29 16:19,,Regular,0.0184
5182907540046047,5182907645428895,社科专家王暉2069,2025-06-29 16:15,,YellowV,0.7289
5182142474883511,5182811338441771,蕊宫网,2025-06-29 09:52,,Regular,0.0005
5182662119263140,5182855664636992,汪海林,2025-06-29 12:49,,GoldV,0.0757
5182842683264739,5182854805587991,琦文先生,2025-06-29 12:45,,Regular,0.7364
5182786042595334,5182792658323844,利涉大江,2025-06-29 08:38,,Regular,0.1965
5182658294055436,5182792336148845,吃瓜粉愿龙凤携手华夏永固,2025-06-29 08:37,,Regular,0.3617
5182838741927084,5182894596949497,大雅浣花堂·手机摄影俱乐部,2025-06-29 15:23,,BlueV,0.1346
5182838741927084,5182871428138369,爱猫668,2025-06-29 13:51,,Regular,0.5885
5181730513226722,5182818197441332,一棵沉默的梧桐树,2025-06-29 10:20,,Regular,0.2123
5182872023471890,5182883409166818,布哈拉游台湾,2025-06-29 14:39,,Regular,0.2608
5182873826495154,5182903986164358,飞电振涛,2025-06-29 16:01,,Regular,0.0374
5165525643824123,5182840787701259,尾xkinm,2025-06-29 11:49,,Regular,0.9698
5181756145142626,5182786899545422,涂若虚,2025-06-29 08:15,,Regular,0.7461
5182638442678400,5182848317000893,沈逸,2025-06-29 12:19,,GoldV,0.1242
5182658294055436,5182764443501993,一支穿云箭千军万马来相会,2025-06-29 06:46,,Regular,0.0048
5182662119263140,5182763189141596,一支穿云箭千军万马来相会,2025-06-29 06:41,,Regular,0.0224
5182685418881239,5182757462606160,李延gang,2025-06-29 06:18,,Regular,0.3085
5182558431874373,5182756104962857,末世号筒,2025-06-29 06:13,,Regular,0.5219
5181730513226722,5182749776019550,用户5494427807,2025-06-29 05:48,,Regular,0.5885
5182643528538581,5182744636424692,呛呛独行,2025-06-29 05:27,,Regular,0.2817
5182658294055436,5182740217201202,阳珍楚,2025-06-29 05:10,,Regular,0.319
5182846780050948,5182894000836611,清风周易,2025-06-29 15:21,,YellowV,0.0682
5182852081651947,5182893783780725,什么时候有江西舰,2025-06-29 15:20,,Regular,0.0376
5182838741927084,5182893758615146,·林之汭儿o_o,2025-06-29 15:20,,Regular,0.5788
5182638442678400,5182870018593301,阿理汗,2025-06-29 13:46,,YellowV,0.0033
5182852081651947,5182869685142119,元素财经评论,2025-06-29 13:44,,Regular,0.8601
5182838741927084,5182869392852343,财道长,2025-06-29 13:43,,YellowV,0.6196
5182838741927084,5182882592326883,深海恐惧造梦者,2025-06-29 14:36,,Regular,0.0556
5182838741927084,5182882512374615,发疯小日常-,2025-06-29 14:35,,Regular,0.6651
5182838741927084,5182881995687386,aisaner,2025-06-29 14:33,,Regular,0.5885
5182619701482100,5182774530015331,老王谈改革,2025-06-29 07:26,,GoldV,0.0321
5182852081651947,5182893518751213,什么时候有江西舰,2025-06-29 15:19,,Regular,0.0045
5182662119263140,5182868969226679,陈韶旭,2025-06-29 13:41,,Regular,0.0394
5182142474883511,5182720478019646,末世号筒,2025-06-29 03:51,,Regular,0.0166
5182142474883511,5182718858232580,末世号筒,2025-06-29 03:45,,Regular,0.0049
5182838741927084,5182880714063952,豹有财,2025-06-29 14:28,,YellowV,0.0333
5182838741927084,5182880166710546,Queryuu,2025-06-29 14:26,,Regular,0.0232
5182658294055436,5182680882741290,四川的风雨,2025-06-29 01:14,,Regular,0.1308
4310031274538778,5182670004028225,银卓金融YZ银卓法律,2025-06-29 00:31,,BlueV,0.3939
5181756145142626,5182662521654050,寒舍不留名利客,2025-06-29 00:01,,Regular,0.6098
5182838370468930,5182891048831531,欲诉沧海月明1,2025-06-29 15:09,,Regular,0.005
5182838741927084,5182889821999002,momo521的夏天,2025-06-29 15:04,,Regular,0.5885
5182838741927084,5182867652740028,大橘裔锭,2025-06-29 13:36,,RedV,0.0201
5182838741927084,5182879336500478,太陽紀阋神星,2025-06-29 14:23,,RedV,0.409
5182838741927084,5182889455258982,倾听指尖,2025-06-29 15:03,,RedV,0.5885
5182838741927084,5182889163755633,嘉善老顾,2025-06-29 15:02,,YellowV,0.0843
5182835104941160,5182889155104091,止盈出金,2025-06-29 15:02,,Regular,0.5885
5182852081651947,5182865915774533,漱花女农,2025-06-29 13:29,,YellowV,0.05
5182858161031830,5182865571842657,_愿如你们所愿_,2025-06-29 13:28,,Regular,0.0024
5182277517578018,5182878792024871,朴梅烷大爷,2025-06-29 14:21,,YellowV,0.0194
5182845065629051,5182877849617486,佛心蛊虫2,2025-06-29 14:17,,Regular,0.5885
5182128950349746,5182831796160969,张国庆看天下,2025-06-29 11:14,,YellowV,0.8603
5182838741927084,5182864825779811,酋长的部落格,2025-06-29 13:25,,RedV,0.0026
5182838741927084,5182877434382956,期望和幻想,2025-06-29 14:15,,Regular,0.5885
5182838741927084,5182877014164631,财齐啦,2025-06-29 14:13,,RedV,0.2799
5181756145142626,5182830311375368,青苔半夕阳,2025-06-29 11:08,,Regular,0.5885
5182845065629051,5182860495685655,萌音大酋长,2025-06-29 13:08,,GoldV,0.0711
5176807650235978,5181573969217658,木立几的顺其自然,2025-06-25 23:56,广东,Regular,0.9614
5182105631588732,5182298468388288,司马平邦,2025-06-27 23:55,,GoldV,0.1808
5181756145142626,5181936386706449,沪上小C,2025-06-26 23:56,,Regular,0.004
5181868536498101,5181935598180064,项芟,2025-06-26 23:53,,Regular,0.8688
5181756145142626,5181906661939857,RubyHikato,2025-06-26 21:58,,Regular,0.0015
5181852932902357,5181904677505235,XRTZFANGLIANG,2025-06-26 21:50,,Regular,0.0097
5176807650235978,5181549885522624,用户5924293092,2025-06-25 22:20,,Regular,0.5885
5181715879821809,5181872171650452,孤岛拂晓,2025-06-26 19:41,,Regular,0.0072
5181852932902357,5181857167576666,梦angell,2025-06-26 18:41,,YellowV,0.5155
5181848747509191,5181855349081865,薛国城北徐公,2025-06-26 18:34,,Regular,0.0807
5180408197284248,5180843069803024,笑映山花烂漫时,2025-06-23 23:31,,Regular,0.9374
5180408197284248,5180839719077810,梦见我会飞了,2025-06-23 23:18,,Regular,0.5885
5180772000465219,5180827379439305,用户7884824825,2025-06-23 22:29,,Regular,0.5885
5180610500624859,5180825062869348,星星之火-CD,2025-06-23 22:20,,Regular,0.5885
5181756145142626,5181901677530760,涟璇锦未央,2025-06-26 21:38,,Regular,0.5885
5181094674040905,5181190852057096,半导体投资联盟,2025-06-24 22:33,,BlueV,0.5419
5176807650235978,5180798643737370,用户5605578758,2025-06-23 20:35,,Regular,0.5414
5181837873777072,5181868988960489,沈飞,2025-06-26 19:28,,YellowV,0.1459
5181852932902357,5181853533210573,丨拜鳌,2025-06-26 18:26,,Regular,0.9951
5181745085284932,5181853342371328,用户7829410294,2025-06-26 18:26,,Regular,0.6456
5181714655085730,5181850327976492,暗黑系游泳的鱼,2025-06-26 18:14,,Regular,0.5885
5180681670099901,5180812111910961,河南国资,2025-06-23 21:28,,BlueV,0.8694
5181756145142626,5181895589757193,Monica-Rita,2025-06-26 21:14,,Regular,0.091
5181868536498101,5181882523981048,红石情报总局,2025-06-26 20:22,,BlueV,0.1805
5181863842547581,5181868011424053,--笑不露齿--,2025-06-26 19:24,,RedV,0.0864
5181863137118423,5181864940932416,修行天地间314,2025-06-26 19:12,,Regular,0.0072
5174213083927607,5180729211226684,山西闻喜反邪教,2025-06-23 15:59,,BlueV,0.5885
5180408197284248,5180729051055005,学习任务很重啊,2025-06-23 15:58,,Regular,0.0033
5180522257186885,5180775063618198,用户7784188127,2025-06-23 19:01,,Regular,0.5885
5182173390307417,5182286426803944,SUNS生活,2025-06-27 23:07,,Regular,0.1632
5181756145142626,5181893761044086,火巳,2025-06-26 21:06,,RedV,0.5885
5180610500624859,5180739450309349,松柏明月Frankin,2025-06-23 16:40,,Regular,0.5885
5181749857618116,5181878136475478,老老老黄牛,2025-06-26 20:04,,Regular,0.0502
5181756145142626,5181862965675924,突荼吐兔,2025-06-26 19:04,,Regular,0.5885
5180700824702091,5180728791798157,伤心的小猫咪o,2025-06-23 15:57,,Regular,0.1962
5180700824702091,5180728568712579,岁月凝香桂飘香,2025-06-23 15:56,,YellowV,0.7407
5180604901492998,5180725974533849,金点子谭,2025-06-23 15:46,,Regular,0.3129
5178129988715712,5180677555228334,小寳童學,2025-06-23 12:34,,Regular,0.5885
5180284257701630,5180731691368534,米小希Rue,2025-06-23 16:09,,Regular,0.5885
5180604901492998,5180706913520927,老刀99,2025-06-23 14:30,,GoldV,0.0005
5180408197284248,5180725562180116,风云学会陈经,2025-06-23 15:44,,GoldV,0.4504
5176762838814117,5180723128700858,山西闻喜反邪教,2025-06-23 15:35,,BlueV,0.5885
5180620247666685,5180673424101099,手可摘星尘呀,2025-06-23 12:17,,Regular,0.9936
5180604901492998,5180663747317642,Million小队长,2025-06-23 11:39,,Regular,0.6515
5180408197284248,5180661511753335,改个昵称sosososu,2025-06-23 11:30,,Regular,0.5795
5180376785357956,5180586345104093,三万个可能,2025-06-23 06:31,,Regular,0.1252
5180408197284248,5180649805712290,粤南北,2025-06-23 10:43,,Regular,0.5042
5180408197284248,5180648680850246,不能在垃圾场里对着垃圾发脾气,2025-06-23 10:39,,Regular,0.1242
5180408197284248,5180648282917141,星辰大海靠舵手,2025-06-23 10:37,,Regular,0.5
5180376785357956,5181482872344721,默没的心,2025-06-25 17:54,,Regular,0.5885
5181464170726492,5181474572602516,Ry稳重吃瓜,2025-06-25 17:21,,Regular,0.0442
5180249404604579,5180633326029368,这么蠢合适么,2025-06-23 09:38,,Regular,0.5885
5180700824702091,5180705132251504,社恐的小美0115,2025-06-23 14:23,,Regular,0.5551
5180700824702091,5180705057539298,我的名字叫前度,2025-06-23 14:23,,Regular,0.9939
5180700824702091,5180705026869002,黄油麻薯一口吃,2025-06-23 14:23,,Regular,0.1454
5180251990658063,5180703067345856,维他命CEF,2025-06-23 14:15,,Regular,0.1242
5180685518114163,5180687869284221,大型丧诗游乐场厂长,2025-06-23 13:15,,Regular,0.0004
5180408197284248,5180684587239242,qiaosenhua,2025-06-23 13:02,,Regular,0.5885
5179232408044370,5180661326677443,阿九6a6,2025-06-23 11:29,,RedV,0.2848
5180604901492998,5180617029322702,开心蓝箭-曲靖,2025-06-23 08:33,,Regular,0.5885
5180408197284248,5180614928238238,东方大涨佬,2025-06-23 08:25,,YellowV,0.1167
5177757052174578,5180673057097181,海外建设兵团921-3,2025-06-23 12:16,,Regular,0.0231
5180408197284248,5180672303957792,用户5715045653,2025-06-23 12:13,,Regular,0.5885
5180408197284248,5180645875385600,飞象网项立刚,2025-06-23 10:28,,GoldV,0.3866
5181450095166402,5181464539829611,浙江滚雪球,2025-06-25 16:41,,Regular,0.5359
5180249404604579,5180632424777477,阿卡林省满酔喷愤大煞币,2025-06-23 09:34,,Regular,0.0119
5180651243574483,5180658118822953,QQQ造化鸟,2025-06-23 11:16,,Regular,0.0191
5180604901492998,5180657854580579,学海飞舟,2025-06-23 11:15,,YellowV,0.174
5180408197284248,5180670834117030,寻找自我的兔子,2025-06-23 12:07,,Regular,0.5864
5180604901492998,5180644525343060,williamsong,2025-06-23 10:22,,YellowV,0.1819
5180408197284248,5180643730262636,奶熊Troy,2025-06-23 10:19,,Regular,0.3465
5180604901492998,5180643681766063,快进的猫,2025-06-23 10:19,,YellowV,0.1317
5180522892624170,5180523052007429,用户1415440103,2025-06-23 02:20,,Regular,0.9936
5180604901492998,5180628813484227,伊洛牧,2025-06-23 09:20,,RedV,0.5885
5178103640363216,5180627267883319,家有小老大-Wangbg,2025-06-23 09:14,,Regular,0.5885
5180408197284248,5180656558277274,被迫右手向前,2025-06-23 11:10,,Regular,0.0658
5180604901492998,5180655525953622,dongfang5816,2025-06-23 11:06,,Regular,0.0106
5180522257186885,5180655149255335,HKSzeWai,2025-06-23 11:05,,YellowV,0.5
5181756145142626,5181830995118355,偶脚得偶还可以抢救一下,2025-06-26 16:57,,GoldV,0.5885
5180604901492998,5180640988497375,鹤雪团长,2025-06-23 10:08,,YellowV,0.1813
5181795427418800,5181801125382510,懵懵懵圈了-,2025-06-26 14:58,,Regular,0.5885
5181663038668876,5181800700972039,知中ZHICHINA,2025-06-26 14:57,,YellowV,0.5885
5181786822805794,5181799773768888,老张评论,2025-06-26 14:53,,Regular,0.1893
5181749857618116,5181781024443691,南徐一人,2025-06-26 13:38,,Regular,0.0691
5180604901492998,5180625717822494,江汉人方圆,2025-06-23 09:08,,YellowV,0.5885
5181133161236172,5181155074641063,gwshp,2025-06-24 20:11,,Regular,0.5885
5181828508157377,5181839510869248,沙河老王头,2025-06-26 17:31,,YellowV,0.0756
5181811056445078,5181825967197940,-琴心剑胆,2025-06-26 16:37,,YellowV,0.5885
5180604901492998,5180640224087100,广场上的领舞者,2025-06-23 10:05,,Regular,0.0055
5181782573187740,5181798859935064,陆锡鑫,2025-06-26 14:49,,RedV,0.1156
5181714655085730,5181773052906220,没有鱼子的鱼子酱,2025-06-26 13:07,,Regular,0.5885
5181196976786247,5181450597958195,风雪之叶,2025-06-25 15:45,,Regular,0.5885
5181756145142626,5181768728052685,绣岭小江,2025-06-26 12:49,,Regular,0.0431
5181730513226722,5181766341498103,青梧桐,2025-06-26 12:40,,Regular,0.0525
5181714655085730,5181753523437869,老张评论,2025-06-26 11:49,,Regular,0.1242
5181752466736870,5181753127866885,dongfang5816,2025-06-26 11:48,,Regular,0.8932
5181701031987063,5181821408773525,笑看白云,2025-06-26 16:19,,YellowV,0.5891
5181495925014798,5181820398469982,庚午叶之秋,2025-06-26 16:15,,YellowV,0.1194
5181535600512387,5181724762834174,放下手里那钥匙好吗,2025-06-26 09:55,,Regular,0.0116
5181687841162648,5181724465564158,卖安吉白茶的,2025-06-26 09:54,,Regular,0.5306
5181689359762991,5181692895038706,崔啸-大管家,2025-06-26 07:48,,RedV,0.2823
5181514304194371,5181692530133878,大懒货,2025-06-26 07:47,,RedV,0.9802
5181755571045204,5181760406292815,小财迷冲冲冲_,2025-06-26 12:16,,Regular,0.2588
5174307223504228,5181730621490540,笑得太逼真2012,2025-06-26 10:18,,Regular,0.5885
5181535600512387,5181725950609236,小小O快乐,2025-06-26 10:00,,Regular,0.4719
5181756145142626,5181835249455357,忘了要吃糖,2025-06-26 17:14,,Regular,0.5885
5181701031987063,5181833903606971,地球联合军舰队,2025-06-26 17:08,,Regular,0.0008
5181805785516871,5181809781378959,欢喜春秋5555,2025-06-26 15:33,,Regular,0.5885
5181701031987063,5181716684603629,市井那云龙,2025-06-26 09:23,,Regular,0.0913
5181418940402718,5181682635506090,成了最讨厌的人,2025-06-26 07:07,,Regular,0.2108
5181428205880377,5181428326730473,微博时事,2025-06-25 14:17,,BlueV,0.5
5181196976786247,5181427563890443,成一虫,2025-06-25 14:14,,RedV,0.1242
5181756145142626,5181758557651259,Dreamer0312,2025-06-26 12:09,,Regular,0.0183
5181714655085730,5181757154659406,老张评论,2025-06-26 12:04,,Regular,0.1242
5168482740339577,5181757026469653,三全太极,2025-06-26 12:03,,Regular,0.3187
5181811056445078,5181832850312117,琴心剑胆_10558,2025-06-26 17:04,,Regular,0.5885
5181811056445078,5181832192328414,-琴心剑胆68,2025-06-26 17:02,,Regular,0.5885
5181805785516871,5181808699507946,见闻实时新闻,2025-06-26 15:28,,BlueV,0.6024
5181701031987063,5181714041406980,东南区fj,2025-06-26 09:12,,Regular,0.521
5181701031987063,5181713443196372,李飞951,2025-06-26 09:10,,Regular,0.1443
5182050592097659,5182280093925514,汉诺威工博会,2025-06-27 22:41,,Regular,0.075
5181701031987063,5181711623392134,春江月夜--,2025-06-26 09:03,,Regular,0.1042
5182245058642566,5182268456833599,杭怕风,2025-06-27 21:55,,Regular,0.5885
5178885369234815,5181414212635186,Noemieee,2025-06-25 13:21,,Regular,0.6419
5181757122939667,5182223029633188,韬闻,2025-06-27 18:55,,GoldV,0.0071
5181757122939667,5182222934215462,韬闻,2025-06-27 18:54,,GoldV,0.8253
5181701031987063,5182222550172730,凡崋,2025-06-27 18:53,,Regular,0.8963
5182169753586052,5182222053148452,韬闻,2025-06-27 18:51,,GoldV,0.0441
5182205974288262,5182207955304986,公益养老史话2024,2025-06-27 17:55,,Regular,0.0005
5182183108776293,5182207933285719,李延gang,2025-06-27 17:55,,Regular,0.175
5181694819959008,5181804854116956,五和深南,2025-06-26 15:13,,Regular,0.015
5181756145142626,5181802884894188,yyli,2025-06-26 15:05,,Regular,0.0609
5182177312769892,5182278796057726,奔六,2025-06-27 22:36,,RedV,0.0026
5181816543382480,5182148605641653,CAPT_Jin,2025-06-27 13:59,,YellowV,0.223
5182255288288455,5182267573665866,跳跃的虾滑,2025-06-27 21:52,,Regular,0.2337
5182245058642566,5182267413763490,一个院长的思考,2025-06-27 21:51,,GoldV,0.2396
5182218327820756,5182234924679574,深海之火1,2025-06-27 19:42,,Regular,0.5885
5181889738180253,5182234542736776,梦angell,2025-06-27 19:40,,YellowV,0.1171
5181407401346339,5181408357649460,心平气和心情好,2025-06-25 12:58,,Regular,0.0012
5181389207245524,5181404357069208,财肥牛,2025-06-25 12:42,,Regular,0.2694
5182216187676501,5182219468671166,微博时事,2025-06-27 18:41,,BlueV,0.5
5182160862711892,5182251991041607,孙斌1990,2025-06-27 20:50,,GoldV,0.0174
5182125716276013,5182205886466484,枪-和玫瑰,2025-06-27 17:47,,YellowV,0.5885
5182160862711892,5182251828776725,百年-郝何,2025-06-27 20:49,,GoldV,0.0051
5182165952237386,5182205439509411,韬闻,2025-06-27 17:45,,GoldV,0.1426
5182066922883740,5182190461650111,西边日出x,2025-06-27 16:45,,Regular,0.3515
5181906887121886,5182176649547740,大新abc,2025-06-27 15:50,,Regular,0.9949
5182125716276013,5182278137547132,那就莢了吧,2025-06-27 22:34,,Regular,0.0292
5182216187676501,5182277090810233,用户7274854797,2025-06-27 22:30,,Regular,0.9132
5182255729218255,5182276229924183,墙壁瓦砾,2025-06-27 22:26,,Regular,0.1196
5182103239000139,5182266704928167,高浜XT,2025-06-27 21:48,,Regular,0.0389
5182110226714500,5182218399122899,是外宙人,2025-06-27 18:36,,Regular,0.1014
5182119907167207,5182216170635914,亿万炮塔亿万光芒,2025-06-27 18:27,,Regular,0.0263
5182170101712884,5182203095156019,血狼纪事,2025-06-27 17:36,,YellowV,0.0099
5181909656666774,5182174796187051,蓝色多瑙河5566,2025-06-27 15:43,,Regular,0.0081
5182997671707314,5183385265770853,杜拉拉的仙女棒,2025-06-30 23:53,江西,Regular,0.5885
5182826816210122,5183159932290582,孔家小二之重生,2025-06-30 08:58,,Regular,0.1242
5182669230968251,5183159865444351,为三月揽星河,2025-06-30 08:57,,Regular,0.869
5182599644580718,5183159708944853,天空星空空中,2025-06-30 08:57,,Regular,0.7878
5182932970898560,5183159425043866,阳光下的树荫2010,2025-06-30 08:56,,Regular,0.1813
5182856200717120,5183159385720874,龙骧苏武,2025-06-30 08:55,,Regular,0.0181
5182881057999598,5183159089235897,小白娱时记,2025-06-30 08:54,,GoldV,0.9514
5182967112012377,5183158947680257,铜川生态环境,2025-06-30 08:54,,BlueV,0.9958
5183663729803791,5184111582381089,柴鸡蛋又是我的衣食父母了,2025-07-02 23:59,江苏,Regular,0.003
5184046469745222,5184110740114277,采花麋yu,2025-07-02 23:56,辽宁,YellowV,0.5885
5183007121480328,5184109863240726,-661-,2025-07-02 23:52,日本,Regular,0.0821
5184046469745222,5184109556270367,小黑猫鱼探照灯,2025-07-02 23:51,天津,Regular,0.5885
5184046469745222,5184109488900576,送猪血肠哥斯拉给宇宇yu,2025-07-02 23:51,辽宁,YellowV,0.0027
5184055512929993,5184108217238013,menglike96,2025-07-02 23:46,广东,Regular,0.0204
5183872217646069,5184107371039071,Davice,2025-07-02 23:42,广东,Regular,0.5885
5184046469745222,5184107060660562,环游neyu,2025-07-02 23:41,湖南,Regular,0.0045
5182461042754129,5184106909926088,杉杉要得诺奖了吗,2025-07-02 23:41,广东,Regular,0.5885
5183786100982131,5184106733766413,jacksz2016,2025-07-02 23:40,广东,Regular,0.5885
5184046469745222,5184106154953445,日出日落一起过yu,2025-07-02 23:38,北京,YellowV,0.5
5184046469745222,5184105744434592,kissforeveryu,2025-07-02 23:36,山东,Regular,0.0516
PyXgBiab0,5183376594049617,陈强不逞强,2025-06-30 23:19,,Regular,0.0005
PyTYb0gCh,5183375640103726,舌尖爱旅行,2025-06-30 23:15,,Regular,0.5885
PyUVdCQp3,5183361859192743,一蜚冲天,2025-06-30 22:20,,Regular,0.0013
5183604879523965,5183748833806022,内蒙古焦炸丸,2025-07-01 23:58,河南,Regular,0.5885
5183665912940364,5183748559606194,赵卫096464,2025-07-01 23:57,,Regular,0.9479
5183665912940364,5183748547285818,幸运的怪兽687,2025-07-01 23:57,,Regular,0.9589
5183197885237582,5183747813021294,想吃1106颗蓝莓,2025-07-01 23:54,,Regular,0.4892
5183651090009314,5183747609596418,想要成为盗墓王的男人,2025-07-01 23:53,,Regular,0.5409
5182100283329823,5183746898922278,你非要这么说我也没有办法,2025-07-01 23:50,,Regular,0.0005
5183604879523965,5183746710179587,东边道山林队-华夏小卒,2025-07-01 23:49,,Regular,0.5885
5183551211571559,5183745725826560,越学习越快乐2021,2025-07-01 23:45,,Regular,0.2081
5183509163151180,5183744841351381,程子潇没皮,2025-07-01 23:42,,Regular,0.9678
5183509703692725,5183743149211827,大雄不太爱说话,2025-07-01 23:35,,Regular,0.5885
5183532680613028,5183742974626581,天线宝宝一米八几,2025-07-01 23:34,,Regular,0.9984
5183631334313599,5183742965712381,超偶像剧迷,2025-07-01 23:34,,Regular,0.9787
5183711727060650,5183742301965322,黄金如001,2025-07-01 23:32,,Regular,0.0004
5183732971212848,5183742261854789,筱筱520Nn,2025-07-01 23:32,,Regular,0.9823
3992343021253593,5183741872046604,數字化建設和培訓,2025-07-01 23:30,,Regular,0.8615
5183706819728631,5183741842686709,酒乡酒话,2025-07-01 23:30,,Regular,0.0978
5178954935699970,5183741397042060,M丝绸之路,2025-07-01 23:28,,Regular,0.5885
5183669104019073,5183741221406706,自由诺亚,2025-07-01 23:27,,Regular,0.1031
5183335177388676,5183386437031267,海临,2025-06-30 23:58,,YellowV,0.9655
5183097132024137,5183386079728401,FhjdUyhfGgfu,2025-06-30 23:56,,Regular,0.0234
5183253166165444,5183386027296040,独困Wo在回忆,2025-06-30 23:56,,Regular,0.9027
5183253166165444,5183385728452675,黑白配俊俊,2025-06-30 23:55,,Regular,0.9705
5183253166165444,5183385682313994,ismylikey,2025-06-30 23:55,,Regular,0.9903
5183253166165444,5183385682838048,丽萍小丁当,2025-06-30 23:55,,Regular,0.97
5183253166165444,5183385660033709,喵了个喵星喵,2025-06-30 23:55,,Regular,0.9515
5183253166165444,5183385655839878,此乃神矣,2025-06-30 23:55,,Regular,0.9712
5183253166165444,5183385569333904,RadioheadREM,2025-06-30 23:54,,Regular,0.9822
5183253166165444,5183385557534341,天使晶泪水,2025-06-30 23:54,,Regular,0.9862
5183253166165444,5183385513494500,悄悄话-O-,2025-06-30 23:54,,Regular,0.7074
5183253166165444,5183385510875009,梦绕千里,2025-06-30 23:54,,Regular,0.9819
5183307068211765,5183384915806765,杂谈小趣2022,2025-06-30 23:52,,Regular,0.8667
5183145028616611,5183384356914261,就是看看笑话,2025-06-30 23:49,福建,Regular,0.5885
5183198683726157,5183384175512835,World第一小可爱,2025-06-30 23:49,陕西,Regular,0.9945
5183382130525052,5183383132704967,大公子追剧2号,2025-06-30 23:45,,Regular,0.8307
5183377050702767,5183383043834946,大公子追剧2号,2025-06-30 23:44,湖南,Regular,0.7113
5183243533160448,5183381782397294,A-Venue-X,2025-06-30 23:39,加拿大,Regular,0.0088
5183192673288608,5183381619084334,野王申子,2025-06-30 23:39,河南,Regular,0.0279
5169913432116120,5183381447115355,solrain_,2025-06-30 23:38,山东,RedV,0.2294
5183335177388676,5183381432178442,Lollipopssios,2025-06-30 23:38,湖北,YellowV,0.9579
5183380098385017,5183381203586042,我不在3n,2025-06-30 23:37,,Regular,0.99
5183055876327435,5183380716521712,tuawcr,2025-06-30 23:35,,Regular,0.5885
5183198683726157,5183380329337704,我迎接太阳,2025-06-30 23:33,,Regular,0.9937
4499772402904155,5183379437785292,运用你的幻象,2025-06-30 23:30,,RedV,0.9673
5183372756519572,5183379299633379,就是矫情爱咋咋滴吧,2025-06-30 23:29,,Regular,0.2487
5182838736946293,5183356438580164,用户7921178251,2025-06-30 21:59,,Regular,0.0044
5183349872400084,5183356262421984,William_26578,2025-06-30 21:58,,Regular,0.6093
5183130451050825,5183356260059169,捏你蛋蛋喔,2025-06-30 21:58,,Regular,0.5885
5183295119164284,5183356010762359,大马士革-Damascus,2025-06-30 21:57,,Regular,0.5885
5183183253409277,5183370955064988,JaneXU10,2025-06-30 22:56,,Regular,0.4647
5181756145142626,5183355655555156,mojo看透不说透,2025-06-30 21:55,,Regular,0.0115
5183335683065503,5183355563803849,Radioactivity6,2025-06-30 21:55,,Regular,0.0627
5183213988217897,5183370784674363,天使小兔酱,2025-06-30 22:56,,YellowV,0.9854
5183301532780012,5183370711536904,当一个科学家,2025-06-30 22:55,,Regular,0.0945
5183335177388676,5183370490286521,早起不想上班啊,2025-06-30 22:54,,Regular,0.9965
5183243533160448,5183355417268064,激流遏舟,2025-06-30 21:54,,Regular,0.5
5183187204444270,5183355382667222,一位愛笑的人類,2025-06-30 21:54,,Regular,0.9888
5183348650544540,5183354941210870,爱卓越的爸爸在开车,2025-06-30 21:53,,YellowV,0.0848
5183365835129828,5183369939785373,正能量的橘子是偶,2025-06-30 22:52,,Regular,0.9934
5183348650544540,5183354708430916,游走世间_dAnIeL,2025-06-30 21:52,,Regular,0.349
5182997808552394,5183354347458330,只要一碗黄焖鸡米饭,2025-06-30 21:50,,Regular,0.9905
5183338910584719,5183354120440733,财虎宝宝,2025-06-30 21:49,,RedV,0.0006
5183332431960190,5183353938777338,让我憨憨,2025-06-30 21:49,海南,Regular,0.9758
5183335366135660,5183353636786902,眼神不好的魔法师,2025-06-30 21:47,,Regular,0.0356
5183285115486910,5183353571510296,何谓养生之道,2025-06-30 21:47,广东,Regular,0.1242
5183243533160448,5183353194287794,营养医师王兴国,2025-06-30 21:46,辽宁,RedV,0.0072
5183332431960190,5183353184586197,Ss_XxHh,2025-06-30 21:46,江苏,Regular,0.9991
5183333889999406,5183352828860127,寒羽炊烟,2025-06-30 21:44,,Regular,0.9893
5183332431960190,5183352600527282,Postive-咖咖崽,2025-06-30 21:43,山东,YellowV,0.9997
5183333889999406,5183352094329995,流川羽先生,2025-06-30 21:41,,Regular,0.9814
5183243533160448,5183352045045267,人X机器人,2025-06-30 21:41,,Regular,0.5728
5183337821374681,5183352004937202,AlbertCamus_Sartre,2025-06-30 21:41,,Regular,0.8513
5183195642856265,5183351973744089,生息009,2025-06-30 21:41,,Regular,0.0006
5183330922008833,5183351665463797,阚豆豆shmily,2025-06-30 21:40,福建,Regular,0.918
5183330922008833,5183351670442094,传奇人生就是我1,2025-06-30 21:40,江苏,Regular,0.016
5183330922008833,5183351610936103,桂冠诗人喝醉了,2025-06-30 21:39,,Regular,0.0204
5183330922008833,5183351608316011,骆驼祥子海底世界,2025-06-30 21:39,,Regular,0.1076
5183330922008833,5183351599925436,搖擺尐青姩,2025-06-30 21:39,,Regular,0.3369
5182084236969601,5183351493233207,郭靖五五,2025-06-30 21:39,辽宁,YellowV,0.0062
5182439141413289,5183351438709276,甲殼屁股,2025-06-30 21:39,北京,Regular,0.9336
5183264448842898,5183350772865144,人生更美好111,2025-06-30 21:36,,Regular,0.5474
5183372756519572,5183377138783271,不呼噜但是咕噜,2025-06-30 23:21,,Regular,0.0166
5122022210015601,5122074669224633,余丰慧,2025-01-12 19:27,,GoldV,0.1242
5122022210015601,5122056240762266,余丰慧,2025-01-12 18:13,,GoldV,0.1242
5121148495069433,5121148830090289,余丰慧,2025-01-10 06:08,,GoldV,0.0859
5122022210015601,5122022308845594,余丰慧,2025-01-12 15:59,,GoldV,0.0343
5121585374303441,5121592858512305,泡澡的黑蚂蚁,2025-01-11 11:32,,Regular,0.0007
5124430411597264,5124430919631276,余丰慧,2025-01-19 07:30,,GoldV,0.014
5126952480408606,5126953342599597,余丰慧,2025-01-26 06:33,,GoldV,0.181
5126952480408606,5126953185575122,余丰慧,2025-01-26 06:32,,GoldV,0.4271
5122422736688444,5122657288718203,我是这片海,2025-01-14 10:02,,Regular,0.3317
5122970459046670,5122971448640381,余丰慧,2025-01-15 06:50,,GoldV,0.1392
5122970459046670,5122971301577335,余丰慧,2025-01-15 06:50,,GoldV,0.8584
5161794611973399,5162004991444339,天空v16,2025-05-02 23:55,北京,Regular,0.5885
5158749372419234,5161279615932217,财联股痴老金,2025-04-30 23:53,广东,Regular,0.9481
5159982672905112,5160194054816295,99逍99遥for,2025-04-27 23:59,云南,Regular,0.9989
5159982672905112,5160193915883546,99逍99遥for,2025-04-27 23:59,云南,Regular,0.9989
5159982672905112,5160193751257770,99逍99遥for,2025-04-27 23:58,云南,Regular,0.9989
5159982672905112,5160193612581148,99逍99遥for,2025-04-27 23:58,云南,Regular,0.9989
5159982672905112,5160193391857502,99逍99遥for,2025-04-27 23:57,云南,Regular,0.9989
5159982672905112,5160193287259541,99逍99遥for,2025-04-27 23:56,云南,Regular,0.9989
5159982672905112,5160193173491555,99逍99遥for,2025-04-27 23:56,云南,Regular,0.9989
5159330358758147,5159468770526394,读闲书睡更多,2025-04-25 23:57,北京,RedV,0.0032
5159049231076435,5159106130742924,Leslie條女,2025-04-24 23:56,广东,Regular,0.9893
5156834244562333,5159106052096543,显眼包在人间烟火,2025-04-24 23:56,河北,Regular,0.5885
5158288736650612,5158378998600531,I-go-I-get,2025-04-22 23:47,新疆,Regular,0.9906
5156081836232300,5158376817820502,玮琪琪琪琪,2025-04-22 23:38,广东,Regular,0.5885
5161911156741260,5162000959935228,bjhynlove,2025-05-02 23:39,江苏,Regular,0.5885
5161901316903152,5162000456621255,晓寒轩主人之赏心悦事,2025-05-02 23:37,海南,Regular,0.5885
5160120934467115,5160192968233777,尼加拉瓜大瀑布的食蚁兽,2025-04-27 23:55,北京,Regular,0.6213
5159982672905112,5160192901383257,99逍99遥for,2025-04-27 23:55,云南,Regular,0.9989
5159982672905112,5160192744622876,99逍99遥for,2025-04-27 23:54,云南,Regular,0.9989
5159982672905112,5160192572919363,99逍99遥for,2025-04-27 23:54,云南,Regular,0.9989
5159982672905112,5160192380503305,99逍99遥for,2025-04-27 23:53,云南,Regular,0.9989
5159982672905112,5160192141167152,99逍99遥for,2025-04-27 23:52,云南,Regular,0.9989
5159261747548053,5159825035756486,西领虎2020,2025-04-26 23:33,河南,Regular,0.1242
5158980520510885,5159103963334175,大熊888123,2025-04-24 23:48,辽宁,Regular,0.9967
5158009543593215,5158016991629057,粉红团子_小锦鲤,2025-04-21 23:49,黑龙江,Regular,0.6897
5156857078614402,5157292685658727,幸运香香嘛,2025-04-19 23:50,内蒙古,Regular,0.9919
5160544384061047,5162359606479012,大阵桶,2025-05-03 23:25,广东,Regular,0.5885
5183373129291060,5183384084022872,每天都会更好哒,2025-06-30 23:48,,Regular,0.0619
5183341025301531,5183341134351202,集微网集成电路,2025-06-30 20:58,,BlueV,0.9898
5183354888782428,5183354955631093,集微网集成电路,2025-06-30 21:53,,BlueV,0.941
5183372454267194,5183383978119824,每天都会更好哒,2025-06-30 23:48,,Regular,0.9099
5183303842794134,5183383577299329,慈安仙鹤神针,2025-06-30 23:46,,Regular,0.9697
5183375703018151,5183383018671047,千里鹰_作家,2025-06-30 23:44,,YellowV,0.9924
5183173596285595,5183296036408927,把湖里的月亮捞起,2025-06-30 17:58,,Regular,0.9955
5183277515146335,5183279871559466,集微网集成电路,2025-06-30 16:54,,BlueV,0.5885
5183277515146335,5183279856092528,半导体投资联盟,2025-06-30 16:54,,BlueV,0.5885
5182859620123229,5183250659804330,海棠花儿里的鱼儿呀,2025-06-30 14:58,,Regular,0.8532
5183234100690978,5183235178628417,小桃运溜,2025-06-30 13:57,,Regular,0.9653
5183234100690978,5183234973110262,卷发鸡蛋黄,2025-06-30 13:56,,Regular,0.9967
5183375703018151,5183382910928524,知我者谓我心忧vv,2025-06-30 23:44,,Regular,0.9931
5183375703018151,5183382365668633,神之右手201005,2025-06-30 23:42,,Regular,0.9964
5183375703018151,5183382220966882,通信老柳,2025-06-30 23:41,,GoldV,0.995
5183283461620813,5183295437933748,你不要不快乐,2025-06-30 17:56,,Regular,0.9607
5183214320353488,5183295370560474,电动星球-毓肥,2025-06-30 17:56,,Regular,0.1281
5183282855280921,5183295324165739,是悦宝哟,2025-06-30 17:56,,Regular,0.0874
5183277515146335,5183279787672485,集微网官方微博,2025-06-30 16:54,,BlueV,0.9668
5183354166051193,5183354240506696,集微网集成电路,2025-06-30 21:50,,BlueV,0.9458
5183228350040084,5183249743873638,Lazylady33,2025-06-30 14:55,,Regular,0.8794
5183173467833887,5183175389347854,行摄小杰,2025-06-30 09:59,,YellowV,0.9995
5183233361710047,5183234149450206,小咩要开心哟,2025-06-30 13:53,,Regular,0.9816
5183233361710047,5183234045381860,月亮的猫ssr,2025-06-30 13:52,,Regular,0.2752
5183282452628039,5183295291393975,是悦宝哟,2025-06-30 17:56,,Regular,0.9304
5183282855280921,5183295125983304,醉笑要赚米,2025-06-30 17:55,,Regular,0.9603
5183210973038995,5183219397823301,5年改一次昵称,2025-06-30 12:54,,Regular,0.0046
5182880992990699,5183263872127470,shyest___,2025-06-30 15:51,,Regular,0.5885
5183174338415140,5183174934006092,冰寒大玩家,2025-06-30 09:57,,GoldV,0.0257
5183283461620813,5183294459350585,小布的神奇世界,2025-06-30 17:52,,Regular,0.9896
5183375703018151,5183380150552745,Mr_happen,2025-06-30 23:33,,Regular,0.9917
5183375703018151,5183379769396949,猫过留毛,2025-06-30 23:31,,Regular,0.9966
5183233361710047,5183234029389457,墨江边,2025-06-30 13:52,,Regular,0.9923
5183233361710047,5183233990855005,那个夏天的青岛,2025-06-30 13:52,,Regular,0.9833
5183260328203148,5183277637305981,赵宏民,2025-06-30 16:45,,GoldV,0.9603
5183303842794134,5183366233063585,你倒是快点给我去睡觉啊,2025-06-30 22:37,,Regular,0.6155
5183282456559623,5183320138974331,Yasmina恣肆嫻灬身後馬扁馬扁,2025-06-30 19:34,,Regular,0.9897
5183216999730476,5183248751398054,新浪汽车,2025-06-30 14:51,,BlueV,0.1967
5183231684773672,5183248630286256,Mr岑逸诗,2025-06-30 14:50,,YellowV,0.9965
5182853836444468,5183248359754644,趋势分析小哥,2025-06-30 14:49,,YellowV,0.5196
5183173596285595,5183307222615747,0开心储蓄罐0,2025-06-30 18:43,,Regular,0.9879
5183283461620813,5183293559144989,x茉莉8888,2025-06-30 17:49,,YellowV,0.3527
5183372454267194,5183378653709827,我不是大西花,2025-06-30 23:27,,Regular,0.7146
5183372454267194,5183378041344301,零一六五三,2025-06-30 23:24,,Regular,0.9954
5183247421014224,5183247932981933,涡轮喷气蛋,2025-06-30 14:47,天津,RedV,0.1275
4882576089811438,5183174036687711,大雄作手,2025-06-30 09:54,,RedV,0.9512
5183372454267194,5183377877500340,不呼噜但是咕噜,2025-06-30 23:24,,Regular,0.994
5183372454267194,5183377801742375,咿呀咿呀哟哟啊啊,2025-06-30 23:23,,Regular,0.9947
5183372454267194,5183377780771658,我对喵咪如初恋它挠我如初,2025-06-30 23:23,,Regular,0.9876
5183372454267194,5183377699506266,是岁岁年年吖,2025-06-30 23:23,,Regular,0.9953
5183375703018151,5183377225551608,追着我的梦2018,2025-06-30 23:21,,Regular,0.9965
5183283461620813,5183292849521661,Alland婷,2025-06-30 17:46,,YellowV,0.9603
5183212239719894,5183231454611971,集微网集成电路,2025-06-30 13:42,,BlueV,0.5885
5183212239719894,5183231432855825,手机中国联盟官博,2025-06-30 13:42,,BlueV,0.5885
5183285668087020,5183305126252387,万兽之王闯天下,2025-06-30 18:35,,Regular,0.9918
5182100472595412,5183317039384139,紫扬剑的微博,2025-06-30 19:22,,Regular,0.0017
5182556179532733,5183173684103917,铁锤小老哥,2025-06-30 09:52,,RedV,0.9624
5182998076986357,5183108363583711,zjhzjcn,2025-06-30 05:33,,Regular,0.0627
5181085489301506,5183214996164162,易学老布,2025-06-30 12:36,,Regular,0.3202
5183375703018151,5183376879520142,低调一点都可以,2025-06-30 23:20,,Regular,0.9531
5183282855280921,5183292594458739,和光同尘DD,2025-06-30 17:45,,Regular,0.9863
5183212239719894,5183231369677203,集微网官方微博,2025-06-30 13:42,,BlueV,0.9911
5183115099899354,5183119025767808,练霓裳AliceR,2025-06-30 06:15,,Regular,0.0417
5183160644010991,5183202605403763,XP-Jacky,2025-06-30 11:47,,YellowV,0.9966
5183282456559623,5183316823113852,就爱吃小米辣的甘地,2025-06-30 19:21,,Regular,0.9835
5183294467737682,5183316756268743,不了了之也,2025-06-30 19:21,,Regular,0.9996
5183294467737682,5183316644856676,Chok一Mr智健,2025-06-30 19:20,,Regular,0.9966
5183294467737682,5183316627297220,花儿朵朵开放11,2025-06-30 19:20,,Regular,0.9997
5183346490479513,5183350943780760,梦想狐狸魔法师,2025-06-30 21:37,,Regular,0.4096
5183294467737682,5183316621793932,诚成橙魏氏生态农业有限公司,2025-06-30 19:20,,Regular,0.9994
5183294467737682,5183316611304721,助力老铁,2025-06-30 19:20,,Regular,0.9967
5182289531109824,5183362941323531,宇宙海盗船,2025-06-30 22:24,,Regular,0.1242
5183375703018151,5183376526151728,海武颜灰,2025-06-30 23:18,,Regular,0.9968
5173776062351178,5183273850637231,WHY是为什么还是魏海燕,2025-06-30 16:30,,Regular,0.5885
5168423313346528,5183229751724949,雾散时光启,2025-06-30 13:35,,Regular,0.5885
5183187727680374,5183187950503121,集微网集成电路,2025-06-30 10:49,,BlueV,0.5885
5183187727680374,5183187917737055,半导体投资联盟,2025-06-30 10:49,,BlueV,0.5885
5183187727680374,5183187883395376,手机中国联盟官博,2025-06-30 10:49,,BlueV,0.8726
5183198994106445,5183201704413671,VQ37YYDS,2025-06-30 11:44,,Regular,0.9917
5183282452628143,5183303711983859,柯诗冉儿,2025-06-30 18:29,,Regular,0.9609
5183294467737682,5183316557039577,1小伙伴们一起1,2025-06-30 19:20,,Regular,0.9969
5183294467737682,5183316539737082,活泼爱东东,2025-06-30 19:20,,Regular,0.9968
5183282745444347,5183303067897678,丰丰小帅哥,2025-06-30 18:26,,Regular,0.9946
5183294467737682,5183316506711764,几岁阿婆,2025-06-30 19:20,,Regular,0.9994
5183282452366282,5183302652661029,木彼得堡,2025-06-30 18:25,,Regular,0.9997
5183282452366282,5183302468373235,宝贝女人哇,2025-06-30 18:24,,Regular,0.9996
5183323770458299,5183331270396949,VQ37YYDS,2025-06-30 20:18,,Regular,0.9944
5183323770458299,5183331148500511,way-伟伟,2025-06-30 20:18,,Regular,0.9973
5183323770458299,5183331106294139,小树律动,2025-06-30 20:18,,Regular,0.9864
5182994562420477,5183291129860413,壹柒道流星,2025-06-30 17:39,,RedV,0.7328
5183173596285595,5183302459457820,yes美少女壮士yes,2025-06-30 18:24,,Regular,0.9787
5183282452366282,5183302421449306,拙夫社,2025-06-30 18:24,,Regular,0.9724
5183282452366282,5183302413582701,大7--,2025-06-30 18:24,,Regular,0.9994
5183282452366282,5183302404670452,晴天宝贝1987,2025-06-30 18:24,,Regular,0.9997
5183282452366282,5183302388159718,窗边的小妞妞SZ,2025-06-30 18:24,,Regular,0.9937
5183282452366282,5183302386324124,我去艾艾呀,2025-06-30 18:24,,Regular,0.9994
5183258946963843,5183260515633475,夏以岫岫,2025-06-30 15:37,,Regular,0.9968
5183282452366282,5183302388416969,强强仔仔来,2025-06-30 18:24,,Regular,0.999
5183282452366282,5183302378198737,她叫chenlili,2025-06-30 18:24,,Regular,0.9982
5183282452366282,5183302376097471,yunhuhu的,2025-06-30 18:24,,Regular,0.9967
5183084062310432,5183187359633080,icecile,2025-06-30 10:47,,Regular,0.6976
5183164344697116,5183213398131202,美好的事情终将会发生于我,2025-06-30 12:30,,Regular,0.9906
5183341032642572,5183372185043832,水世懸案,2025-06-30 23:01,,Regular,0.0111
5168423313346528,5183272289566749,sicen_sunshine,2025-06-30 16:24,,Regular,0.5885
5183282452628039,5183290899432255,数码秘境,2025-06-30 17:38,,YellowV,0.9963
5183282452628207,5183290669531390,执笔梦一苌,2025-06-30 17:37,,Regular,0.99
5183282452628207,5183290413679956,勿忘爱心安,2025-06-30 17:36,,Regular,0.9962
5183282452366282,5183302345689733,手机移栋用户,2025-06-30 18:24,,Regular,0.991
5183282452366282,5183302340188623,古惑仔清朝,2025-06-30 18:24,,Regular,0.9996
5183282452366282,5183302316331060,礼乐酒庄,2025-06-30 18:23,,Regular,0.999
5183364132507495,5183371837443269,渔村宝,2025-06-30 23:00,,Regular,0.9885
5183282452628604,5183290353911433,勿忘爱心安,2025-06-30 17:36,,Regular,0.996
5183251817958864,5183289377165090,在----------路上_,2025-06-30 17:32,,Regular,0.9968
5182088363378868,5183225828738815,大米饭多吃点,2025-06-30 13:20,,Regular,0.9959
5182649179835669,5183314501830569,紫扬剑的微博,2025-06-30 19:12,,Regular,0.0005
5183159462791625,5183199919475406,载酒把歌唱,2025-06-30 11:37,,Regular,0.9852
5180701156312680,5183186952000155,金融圈老胡,2025-06-30 10:45,,Regular,0.4455
5183251817958864,5183289361173768,奶茶烧仙草大杯,2025-06-30 17:32,,Regular,0.9994
5183251817958864,5183289305598032,古惑仔清朝,2025-06-30 17:32,,Regular,0.9972
5183251817958864,5183289300355984,风轻云淡走,2025-06-30 17:32,,Regular,0.9991
5183251817958864,5183289277026023,三人一十八,2025-06-30 17:32,,Regular,0.9968
5183251817958864,5183289276761697,谦虚的不要问我,2025-06-30 17:32,,Regular,0.9968
5183282452628143,5183289272832236,良品铺子叁,2025-06-30 17:32,,Regular,0.9964
5183251817958864,5183289263915345,几岁阿婆,2025-06-30 17:32,,Regular,0.9966
5183251817958864,5183289253955634,绿叶居我也是,2025-06-30 17:32,,Regular,0.9842
5183251817958864,5183289250810149,青青草原上的灰太狼1991,2025-06-30 17:32,,Regular,0.9971
5181549986976086,5183239776110928,老哥吻我啊,2025-06-30 14:15,,Regular,0.0758
5182561199593012,5183186416175735,咿咿啊啊哦哦,2025-06-30 10:43,,Regular,0.5
5183158523266613,5183358452898757,福建影哥,2025-06-30 22:07,,RedV,0.0079
5183282452628143,5183344694267769,九月晚空,2025-06-30 21:12,,YellowV,0.2414
5183169721532552,5183172228680787,潇熙郑在输入中,2025-06-30 09:47,,Regular,0.9951
5183169721532552,5183172162619638,望月湖二小,2025-06-30 09:46,,Regular,0.9946
5183251817958864,5183289249762762,中国梦888_23322,2025-06-30 17:32,,Regular,0.9965
5183251817958864,5183289247141544,小鬼半仙er_442,2025-06-30 17:32,,Regular,0.9965
5183251817958864,5183289247662603,蟹肖归,2025-06-30 17:31,,Regular,0.9967
5183251817958864,5183289243731615,小华滑滑,2025-06-30 17:31,,Regular,0.9971
5183212994953677,5183222452587959,小牛74052,2025-06-30 13:06,,Regular,0.1242
5183228350040084,5183238768169125,朱志延PCauto,2025-06-30 14:11,,YellowV,0.9965
5183211139499274,5183257491539614,飞傲James,2025-06-30 15:25,,RedV,0.994
5183297386974307,5183299796599538,绿色牛油果三明治,2025-06-30 18:13,,Regular,0.9892
5183282855280921,5183298988939468,聆听净安1,2025-06-30 18:10,,Regular,0.9972
5183169721532552,5183172134306464,粘人的猫咪精,2025-06-30 09:46,,Regular,0.9939
5183169721532552,5183171915940687,最少二你咋,2025-06-30 09:45,,Regular,0.9469
5182962334697388,5183135534285195,知无涯233,2025-06-30 07:21,,Regular,0.5885
5183282452366510,5183288462542688,等一份扬州炒饭,2025-06-30 17:28,,Regular,0.9963
5181874403020531,5183039115889577,开心嘴炮哈哈哈,2025-06-30 00:58,,Regular,0.9977
5183282452366331,5183288079549310,汪字扎个丸子头,2025-06-30 17:27,,Regular,0.5227
5181869739740596,5183039044847263,开心嘴炮哈哈哈,2025-06-30 00:57,,Regular,0.9986
5183169721532552,5183171821832528,存个小宝贝过年吧,2025-06-30 09:45,,Regular,0.8143
5183282452366331,5183288077715837,浅水菇凉小柠檬,2025-06-30 17:27,,Regular,0.9965
5183282452366331,5183287974692636,糖糖暖若安阳,2025-06-30 17:26,,Regular,0.9869
5183234125858253,5183236533652157,汽车黑科技,2025-06-30 14:02,,YellowV,0.7484
5181885837479958,5183184234087568,天津联通宝坻区分公司,2025-06-30 10:34,,Regular,0.5885
5168423313346528,5183296910660771,用户6081558387,2025-06-30 18:02,,Regular,0.9558
5183265268302521,5183269660004955,韩白贼浪,2025-06-30 16:14,,Regular,0.9989
5183265268302521,5183269618322707,兮瑶变萌,2025-06-30 16:14,,Regular,0.996
5183265268302521,5183269592108073,青隽书法,2025-06-30 16:13,,Regular,0.9969
5183265268302521,5183269592629304,斑斑秒啦,2025-06-30 16:13,,Regular,0.9967
5183282452366510,5183287607693252,我与life,2025-06-30 17:25,,Regular,0.999
5183282452628207,5183287544512999,上了我的船就要陪我远航,2025-06-30 17:25,,Regular,0.9995
5183282452628143,5183287493660050,闯荡起来了,2025-06-30 17:25,,Regular,0.9971
5183282452628604,5183287404268842,闯荡起来了,2025-06-30 17:24,,Regular,0.9966
5183282452628207,5183287296789217,顺风顺水Guan,2025-06-30 17:24,,Regular,0.9993
5178983093112546,5183183865251677,隐士解惑,2025-06-30 10:33,,Regular,0.9961
5183294467737682,5183296499876502,涵月清,2025-06-30 18:00,,Regular,0.9972
5183294467737682,5183296466323463,埃意随风岂,2025-06-30 18:00,,Regular,0.9997
5183294467737682,5183296465798051,风轻云淡走,2025-06-30 18:00,,Regular,0.9969
5183294467737682,5183296396853435,瑞士的湖景,2025-06-30 18:00,,Regular,0.9995
5183282452628039,5183296367494148,柠檬好不萌Y,2025-06-30 18:00,,Regular,0.9968
5183294467737682,5183296367494137,蓝某亮,2025-06-30 18:00,,Regular,0.9967
5183294467737682,5183296346787413,韩红糖,2025-06-30 18:00,,Regular,0.9978
5183263930319218,5183269310303105,俏巴不打烊,2025-06-30 16:12,,Regular,0.997
5183282452628143,5183287169388854,是玫瑰凋零日记,2025-06-30 17:23,,YellowV,0.9978
5183282452628207,5183287091007510,是玫瑰凋零日记,2025-06-30 17:23,,YellowV,0.997
5183282452366510,5183286991126853,流清的湖,2025-06-30 17:23,,Regular,0.9969
5183026918592050,5183254858568625,麻瓜电影,2025-06-30 15:15,,RedV,0.8774
5183294467737682,5183296340235028,谦虚的不要问我,2025-06-30 18:00,,Regular,0.9972
5183294467737682,5183296335515339,廖氏斗非,2025-06-30 18:00,,Regular,0.9994
5183282452628207,5183286915630202,月儿童画园,2025-06-30 17:22,,Regular,0.9948
5183283461620813,5183286914845622,惟妙惟肖cw,2025-06-30 17:22,,YellowV,0.9966
5183282452628207,5183286755723215,学妈的一七,2025-06-30 17:22,,Regular,0.9766
5183282452366559,5183286458191615,大学二年也是二年级,2025-06-30 17:20,,Regular,0.997
5183181928268476,5183182748256364,我有在拉扯啊,2025-06-30 10:28,,Regular,0.6651
5183158523530316,5183208489486076,郑州铁院无线电协会,2025-06-30 12:11,,BlueV,0.9866
5183282855280921,5183286424633986,请叫我熬夜大佬,2025-06-30 17:20,,Regular,0.9768
5183282452628143,5183286406285291,睡棉羊拉,2025-06-30 17:20,,Regular,0.9892
5183282745444347,5183286376928041,云飞雪的小窝,2025-06-30 17:20,,Regular,0.0417
5183282745444347,5183286143617094,那道彩虹ll,2025-06-30 17:19,,Regular,0.9787
5183282452628207,5183286130770126,小猫住在月亮上,2025-06-30 17:19,,Regular,0.9993
5183174338415140,5183207403949026,若水---贪清欢,2025-06-30 12:06,,Regular,0.5885
5173776062351178,5183206976126990,雾散时光启,2025-06-30 12:05,,Regular,0.5885
5183197161983752,5183206813073464,开发区毛王贸易,2025-06-30 12:04,,BlueV,0.9723
5183282452628143,5183285848183373,最初15091,2025-06-30 17:18,,Regular,0.9976
5183282452628143,5183285764294261,花落我家dagu,2025-06-30 17:18,,Regular,0.9971
5183282452628207,5183285701381271,帕拍小狗,2025-06-30 17:17,,Regular,0.9891
5183164966240612,5183181571492515,传奇周期,2025-06-30 10:24,,Regular,0.9213
5183205696869065,5183206345409325,隐士解惑,2025-06-30 12:02,,Regular,0.1158
5182628129147991,5183149757959568,我在地球修飞船,2025-06-30 08:17,,Regular,0.5885
5180516011083563,5183149514165946,何谓养生之道,2025-06-30 08:16,,Regular,0.1242
5183160241622709,5183167761745833,造神马都豪横,2025-06-30 09:29,,Regular,0.5885
5181064980991719,5183167288837300,财经挖掘笔记,2025-06-30 09:27,,YellowV,0.063
5183105285227518,5183163754350516,集微网集成电路,2025-06-30 09:13,,BlueV,0.5885
5183105285227518,5183163664958989,半导体投资联盟,2025-06-30 09:12,,BlueV,0.5885
5183105285227518,5183163539915020,集微网官方微博,2025-06-30 09:12,,BlueV,0.9352
5183144292254950,5183163342523290,集微网集成电路,2025-06-30 09:11,,BlueV,0.5885
5183144292254950,5183163288259912,半导体投资联盟,2025-06-30 09:11,,BlueV,0.5885
5183160644010991,5183163049181271,鲲鹏AI量化王新平,2025-06-30 09:10,,YellowV,0.9953
5183282452366331,5183285174208869,清静泓欧婷,2025-06-30 17:15,,Regular,0.0852
5183282452628604,5183285116274699,yuuujinnn,2025-06-30 17:15,,Regular,0.9907
5183282452366331,5183284947715449,寒塘渡鹅,2025-06-30 17:14,,Regular,0.9886
5183263708545349,5183284900530379,c6开心果,2025-06-30 17:14,,Regular,0.9914
5183282452366331,5183284648609607,银河系的沸羊羊,2025-06-30 17:13,,Regular,0.9981
5183282452366331,5183284289471071,我就不应该吃肉,2025-06-30 17:12,,Regular,0.979
5183282452366331,5183284239143178,独特记忆深处,2025-06-30 17:12,,Regular,0.9948
5183282456560200,5183283257152184,ki赳赳,2025-06-30 17:08,,Regular,0.9968
5183282456560200,5183283135779223,晴天宝贝1987,2025-06-30 17:07,,Regular,0.9969
5183282456560200,5183283136037595,时光独家,2025-06-30 17:07,,Regular,0.9971
5183282456560200,5183283102485089,马丝,2025-06-30 17:07,,Regular,0.9996
5183282456560200,5183283006016472,wsm5113863722,2025-06-30 17:07,,Regular,0.9996
5183282456560200,5183283002346450,谢清湫,2025-06-30 17:07,,Regular,0.9962
5183282456560200,5183283002082662,金金mylove,2025-06-30 17:07,,Regular,0.996
5183262177626580,5183282998155130,苹果博士o_o,2025-06-30 17:07,,BlueV,0.8856
5183282456560200,5183282996316777,柚子味泡菜,2025-06-30 17:07,,Regular,0.9996
5183282456560200,5183282993695538,小小姐女__S主,2025-06-30 17:07,,Regular,0.9997
5183747729129759,5183748191553705,逆天变淑女,2025-07-01 23:55,,Regular,0.9957
5183747729129759,5183748163503231,天天都要恰飞鱼,2025-07-01 23:55,,Regular,0.0612
5183746349204921,5183748127854732,粉仙女棒,2025-07-01 23:55,,Regular,0.9968
5183747729129759,5183748106882248,蛋挞青芒,2025-07-01 23:55,,Regular,0.9804
5183553895402618,5183746175144098,娱乐锦鲤娱乐至上,2025-07-01 23:47,,Regular,0.9894
5183553895402618,5183745782973618,娱乐锦鲤附体,2025-07-01 23:46,,Regular,0.9874
5183553895402618,5183745255804644,韩韩韩9451,2025-07-01 23:44,,Regular,0.5885
5183614209755703,5183743696571119,醋溜百财,2025-07-01 23:37,,Regular,0.2243
5183553895402618,5183743667211629,大粒盐颗颗咸,2025-07-01 23:37,,Regular,0.976
5183735143339439,5183741098988617,零一六五三,2025-07-01 23:27,,Regular,0.9835
5183553895402618,5183740666970297,Iron-7ee,2025-07-01 23:25,,Regular,0.5885
5183726553399481,5183737605395308,一栗饼干,2025-07-01 23:13,,Regular,0.879
5183726553399481,5183737358455693,一栗饼干,2025-07-01 23:12,,Regular,0.9428
5183547515602452,5183736693918107,K歌之-王,2025-07-01 23:10,,Regular,0.5885
5183708975860591,5183733784118724,数码秘境,2025-07-01 22:58,,YellowV,0.964
5183679509828138,5183703346315398,集微网官方微博,2025-07-01 20:57,,BlueV,0.7405
5183601268492267,5183730902633794,道法本自然,2025-07-01 22:46,,Regular,0.977
5183721110245195,5183730852823133,硅谷陈源博士,2025-07-01 22:46,,YellowV,0.0013
5183547428045957,5183598240203861,集微网官方微博,2025-07-01 13:59,,BlueV,0.0526
5183549083748969,5183597940311011,手机中国联盟官博,2025-07-01 13:58,,BlueV,0.8925
5183555303900189,5183597877136817,手机中国联盟官博,2025-07-01 13:58,,BlueV,0.1198
5168423313346528,5183627522739065,小李同学1254,2025-07-01 15:56,,Regular,0.5885
5183653958386095,5183687152636303,芒果干我喜欢吃321,2025-07-01 19:53,,Regular,0.9958
5183553895402618,5183729987225240,我们的祖先,2025-07-01 22:43,,Regular,0.992
5183175972097698,5183597792726197,合一队长,2025-07-01 13:58,,YellowV,0.6282
5183549284027709,5183597587202598,集微网官方微博,2025-07-01 13:57,,BlueV,0.97
5183554943713401,5183597556271780,集微网官方微博,2025-07-01 13:57,,BlueV,0.9957
5183553895402618,5183582257025216,仰望星空任,2025-07-01 12:56,,Regular,0.9964
5183561763391253,5183566300581431,财富大侦探007,2025-07-01 11:52,,Regular,0.0663
5183312512423073,5183655862339985,ttishere,2025-07-01 17:48,,Regular,0.0476
5183553895402618,5183596840092849,关关难过关关过over,2025-07-01 13:54,,Regular,0.981
5183547515602452,5183596362204074,i-Peace,2025-07-01 13:52,,Regular,0.5885
5183653958386095,5183685601004304,黑梅花321,2025-07-01 19:46,,Regular,0.9874
5183303842794134,5183640662444670,芷琳wzl,2025-07-01 16:48,,Regular,0.761
5183553895402618,5183565635781225,pundio,2025-07-01 11:50,,Regular,0.9635
5173756645607131,5183696200009896,把这手上的温暖给你留下,2025-07-01 20:29,,YellowV,0.4592
5183653958386095,5183685009608833,安布朗熊,2025-07-01 19:44,,Regular,0.9767
5183375703018151,5183491272869456,Muser,2025-07-01 06:54,,Regular,0.9803
5183367136152388,5183490952004770,一个好人在青岛,2025-07-01 06:53,,Regular,0.5885
5183653757059690,5183654753993515,公路拍档Roadpartner,2025-07-01 17:44,,YellowV,0.5
5183553895402618,5183594486301346,动机资本,2025-07-01 13:44,,Regular,0.5624
5183588896345266,5183594280783609,叮个桄榔,2025-07-01 13:44,,Regular,0.7669
5183521380368921,5183522223427300,忻芯相印影,2025-07-01 08:57,,Regular,0.8555
4882576089811438,5183522131935614,航空树叶,2025-07-01 08:57,,Regular,0.5885
5183723298884974,5183728097952471,找到一条长雪道,2025-07-01 22:35,,Regular,0.9945
5168423313346528,5183579657340689,米虫彤彤,2025-07-01 12:45,,Regular,0.5885
5183652214081320,5183684663840897,平生欢喜l-,2025-07-01 19:43,,Regular,0.9334
5183653958386095,5183684342188447,红豆女乃茶不要女乃茶,2025-07-01 19:41,,YellowV,0.8923
5183671335912248,5183671490838872,半导体投资联盟,2025-07-01 18:50,,BlueV,0.8259
5183547515602452,5183639764602221,正能量粒子,2025-07-01 16:44,,Regular,0.9899
5180662152693737,5183536291121735,股市狼头哥,2025-07-01 09:53,,YellowV,0.1206
5183375703018151,5183536208544551,安迪·杜弗瑞201306,2025-07-01 09:53,,Regular,0.9783
5183375703018151,5183522086062631,大爱小米我叫米尼123456789,2025-07-01 08:57,,Regular,0.9406
5183614209755703,5183624504673500,财富大侦探007,2025-07-01 15:44,,Regular,0.128
5183685164007559,5183693391925190,周璇瑾o,2025-07-01 20:17,,Regular,0.992
5183652214081320,5183683822093086,长大我就可甜了,2025-07-01 19:39,,Regular,0.9902
5183683113255315,5183683644362116,匿姬,2025-07-01 19:39,,Regular,0.6944
5183547515602452,5183593366159856,AtlusJr,2025-07-01 13:40,,Regular,0.5885
5183547515602452,5183593270742573,沈逸,2025-07-01 13:40,,GoldV,0.1242
5183547515602452,5183593213333329,瀚海Sky,2025-07-01 13:39,,Regular,0.5885
5183553895402618,5183623594511200,经观王秀青,2025-07-01 15:40,,YellowV,0.9946
5183350885058114,5183577973330334,心飞阳123,2025-07-01 12:39,,YellowV,0.9966
5183710895802458,5183711570039723,集微网集成电路,2025-07-01 21:30,,BlueV,0.5885
4929465190187888,5183467093492127,苏炳功-,2025-07-01 05:18,,Regular,0.8122
5183529960868503,5183607733748780,执著的老宋,2025-07-01 14:37,,YellowV,0.2023
5183547515602452,5183607337387548,颛顼帝尊,2025-07-01 14:35,,Regular,0.1242
5183266099037325,5183692331026922,厚紫负聚变-咒怨,2025-07-01 20:13,,Regular,0.5885
5183710895802458,5183711534650010,半导体投资联盟,2025-07-01 21:30,,BlueV,0.9769
5183547515602452,5183606226945089,颛顼帝尊,2025-07-01 14:31,,Regular,0.061
5183691945148915,5183692185800848,大美StephyC,2025-07-01 20:13,,RedV,0.9945
5183553895402618,5183592386004086,拆那奥拓,2025-07-01 13:36,,Regular,0.0849
5183594454584391,5183638153202516,微博法律,2025-07-01 16:38,,BlueV,0.0709
5183588896345266,5183638040741182,三泉村三叉沟沟,2025-07-01 16:37,,Regular,0.4247
5183553895402618,5183606172419250,涛哥爱拆机,2025-07-01 14:31,,GoldV,0.9724
5183375703018151,5183453677224580,小米复兴梦,2025-07-01 04:25,,Regular,0.9499
5183553895402618,5183621356061294,Luca拉布多拉拉拉,2025-07-01 15:31,,Regular,0.1852
5183553895402618,5183590846695560,日-立-日-人,2025-07-01 13:30,,Regular,0.9931
5183547515602452,5183590817857700,沈逸,2025-07-01 13:30,,GoldV,0.6683
5183671335912248,5183708630095200,集微网集成电路,2025-07-01 21:18,,BlueV,0.5885
5183553895402618,5183708295334655,黄军君NIO,2025-07-01 21:17,,YellowV,0.9772
5183679509828138,5183708253652560,集微网集成电路,2025-07-01 21:16,,BlueV,0.5885
5183312512423073,5183496561624747,创新指南针Eric,2025-07-01 07:15,,Regular,0.9821
5183375703018151,5183496471710122,钢铁是怎样炼成功的,2025-07-01 07:15,,Regular,0.87
5183266099037325,5183495915702297,星辰大海靠舵手,2025-07-01 07:13,,Regular,0.5
5183611206895823,5183665069362840,Joey小屋,2025-07-01 18:25,,Regular,0.9973
5183553895402618,5183575076638285,仲叔hh,2025-07-01 12:27,,YellowV,0.0223
5183513222712308,5183518445144750,江西男要自信,2025-07-01 08:42,,Regular,0.1923
5183678929961900,5183708147745628,集微网集成电路,2025-07-01 21:16,,BlueV,0.5885
5183678929961900,5183707620837470,半导体投资联盟,2025-07-01 21:14,,BlueV,0.9228
5183553895402618,5183721993143939,有机素食星球,2025-07-01 22:11,,Regular,0.5885
5183599458388580,5183721746989643,景气行业研究,2025-07-01 22:10,,YellowV,0.973
5183553895402618,5183562572628736,开电车的昌老司,2025-07-01 11:38,,RedV,0.9853
5183654743510547,5183677784919020,红豆女乃茶不要女乃茶,2025-07-01 19:15,,YellowV,0.9506
5183282582657919,5183635355602817,黑娃儿1997,2025-07-01 16:27,,Regular,0.9962
5183553895402618,5183663353365158,Daniel吴涛,2025-07-01 18:18,,YellowV,0.9937
5182216703316277,5183546437402929,暮光之城雨之,2025-07-01 10:33,,Regular,0.9916
5182216703316277,5183546429015539,天使晶泪水,2025-07-01 10:33,,Regular,0.9947
5183288744613095,5183517216213875,沃伯格,2025-07-01 08:37,,Regular,0.9899
5183547515602452,5183707100485503,小小浣焸,2025-07-01 21:12,,Regular,0.0219
5183527928729312,5183532546656362,京杭在运河,2025-07-01 09:38,,Regular,0.0694
5118115345864467,5118155666230182,天津手拉手科技有限公司,2025-01-01 23:54,,Regular,0.9944
5183599458388580,5183646509826953,集微网集成电路,2025-07-01 17:11,,BlueV,0.5885
5183375703018151,5183393920716420,龚春峰,2025-07-01 00:27,,Regular,0.9964
5183640200021693,5183677285795168,Forever鲍文德,2025-07-01 19:13,,Regular,0.9959
5183599458388580,5183645692465374,半导体投资联盟,2025-07-01 17:08,,BlueV,0.0695
5183547515602452,5183603646664676,娄山关1935,2025-07-01 14:21,,Regular,0.0971
5183628074025966,5183644262205711,还有那个人在哪里,2025-07-01 17:02,,Regular,0.9966
5183553895402618,5183603296439228,LikeDeng,2025-07-01 14:19,,Regular,0.5885
5183547515602452,5183603203900732,娄山关1935,2025-07-01 14:19,,Regular,0.5382
5183553895402618,5183571398754597,蔚来,2025-07-01 12:13,,BlueV,0.986
5183553895402618,5183570962023335,商都校蔚,2025-07-01 12:11,,YellowV,0.9899
5183549474079319,5183570662654180,与君朝暮sj,2025-07-01 12:10,,Regular,0.9725
5183547515602452,5183569950671380,顺天命-卷成魔,2025-07-01 12:07,,Regular,0.2383
5183375703018151,5183530233759032,罗12456,2025-07-01 09:29,,Regular,0.9228
5183627230975852,5183660359156489,帽子哥聊财经,2025-07-01 18:06,,GoldV,0.0378
5183553895402618,5183584568609521,周浩然Sean,2025-07-01 13:05,,RedV,0.1023
5183553895402618,5183584503596162,猩红线歌者,2025-07-01 13:05,,RedV,0.0802
5118091241986436,5118095983118712,暖寄归人7998,2025-01-01 19:57,,Regular,0.9997
5118090951792816,5118095846806023,备注爸爸97946,2025-01-01 19:56,,Regular,0.9964
5102566052466221,5118081082596044,甜心公主的欣,2025-01-01 18:58,,Regular,0.9966
5118065501276292,5118080746789466,用户7942970394,2025-01-01 18:56,,Regular,0.9997
5108523162406164,5118048811615262,荼靡的海,2025-01-01 16:49,,Regular,0.7706
5181885837479958,5183629514769058,桥小桥,2025-07-01 16:04,,Regular,0.1242
5118090951792816,5118095540879984,吃饱就想shui,2025-01-01 19:55,,Regular,0.7627
5118090951792816,5118094878708718,呼吸大自然g,2025-01-01 19:52,,Regular,0.9313
5117414870094972,5118107578273063,cheeryear818,2025-01-01 20:43,,Regular,0.5885
5183553895402618,5183568482665385,锐色齿兔,2025-07-01 12:01,,Regular,0.1242
5183175972097698,5183560382156696,合一队长,2025-07-01 11:29,,YellowV,0.0156
5118034484135310,5118035635471417,藏在你名字里,2025-01-01 15:57,,Regular,0.9953
5118034484135310,5118035631279224,海浪声声的地盘,2025-01-01 15:57,,Regular,0.9763
5118034484135310,5118035389841906,孟婆汤不解渴了吧,2025-01-01 15:56,,Regular,0.9755
5118034484135310,5118035381719022,蘅荇灞噵,2025-01-01 15:56,,Regular,0.9632
5118034484135310,5118035233081154,梧桐王子213,2025-01-01 15:55,,Regular,0.995
5118090951792816,5118094790101252,帕瓦my,2025-01-01 19:52,,Regular,0.9919
5118011549161148,5118079367382825,姬永锋,2025-01-01 18:51,,GoldV,0.0034
5118048842028066,5118063400453003,再也不熬夜昂,2025-01-01 17:47,,Regular,0.9964
5118048279463883,5118063286943982,再也不熬夜昂,2025-01-01 17:47,,Regular,0.9775
5118049255953174,5118063158500392,香香的汉堡呀,2025-01-01 17:46,,Regular,0.9937
5118049255953174,5118063140144567,苏菲八二九是我,2025-01-01 17:46,,Regular,0.995
5118048279463883,5118063125201952,忧郁小西柚,2025-01-01 17:46,,Regular,0.9166
5118105367878141,5118105819027173,集微网集成电路,2025-01-01 20:36,,BlueV,0.5885
5118105367878141,5118105783370343,半导体投资联盟,2025-01-01 20:36,,BlueV,0.5885
5118105367878141,5118105624515825,手机中国联盟官博,2025-01-01 20:35,,BlueV,0.7741
5117770968599874,5118103928705654,鲤鲤跳上岸,2025-01-01 20:28,,Regular,0.9927
5117770968599874,5118103862383775,忧郁小西柚,2025-01-01 20:28,,Regular,0.9596
5118015341076268,5118016549553641,哈翘啊,2025-01-01 14:41,,Regular,0.9969
5183212994953677,5183509713127002,万历十五年1587年,2025-07-01 08:08,,Regular,0.1242
5183370511258217,5183509351629877,一碗荤豆花,2025-07-01 08:06,,RedV,0.1547
5086135768581639,5118032344518568,QuantHedgeFund,2025-01-01 15:44,,YellowV,0.9287
5183557968332268,5183559213517267,Mr_高小磊,2025-07-01 11:24,,Regular,0.9944
5183547428045957,5183598703413882,用户7151516639,2025-07-01 14:01,,Regular,0.5885
5183547515602452,5183598686110505,善占者不卜,2025-07-01 14:01,,Regular,0.012
5117770968599874,5118103639300102,冰块不冰l,2025-01-01 20:27,,Regular,0.9432
5118015341076268,5118016341675928,白驹空谷朱洁,2025-01-01 14:40,江苏,Regular,0.9967
5183375703018151,5183542716795848,小新星u,2025-07-01 10:19,河南,Regular,0.3218
5118061315100045,5118061730334579,澜-浠,2025-01-01 17:41,,Regular,0.9994
5118011549161148,5118028461377683,姬永锋,2025-01-01 15:28,,GoldV,0.9788
5118128172307530,5118128775758467,集微网集成电路,2025-01-01 22:07,,BlueV,0.5885
5118128172307530,5118128750598031,半导体投资联盟,2025-01-01 22:07,,BlueV,0.5885
5118128172307530,5118128650193495,手机中国联盟官博,2025-01-01 22:07,,BlueV,0.4724
5183375703018151,5183508177223897,Kkkk想吃胖,2025-07-01 08:01,,Regular,0.5
5118029109134111,5118060043704692,帅气的香锅,2025-01-01 17:34,,Regular,0.0451
5117945683118882,5118128512046338,99逍99遥for,2025-01-01 22:06,,Regular,0.9996
5118013751427704,5118089936510036,婧婧很想静静,2025-01-01 19:33,,Regular,0.996
5183175972097698,5183557947097425,合一队长,2025-07-01 11:19,,YellowV,0.2123
5176802982759228,5183557787190477,Fast_Fusion,2025-07-01 11:19,,Regular,0.5885
5117671522172983,5118040194682305,文欧价值,2025-01-01 16:15,,RedV,0.0238
5183513747522512,5183542339567681,用户7829410294,2025-07-01 10:17,,Regular,0.1242
5183173496932723,5183542331704472,岛主笔记,2025-07-01 10:17,,YellowV,0.0444
5183553895402618,5183557548378982,纯逗逼,2025-07-01 11:18,,Regular,0.5885
5183553895402618,5183557212836318,那个Hawk啊,2025-07-01 11:16,,RedV,0.9565
5182114305934858,5183557190551358,米小希Rue,2025-07-01 11:16,,Regular,0.5885
5183539759811949,5183542243099052,偷渡A股耍一耍2,2025-07-01 10:17,,Regular,0.1409
4811503276919742,5117957758517901,吾有豆包初长成,2025-01-01 10:47,,Regular,0.9907
5108523162406164,5117928943389239,荼靡的海,2025-01-01 08:53,,Regular,0.8508
5118029109134111,5118056751433521,忧郁的兔子88,2025-01-01 17:21,,Regular,0.8441
5117977891182345,5117980885386927,南都夜雨半城殇,2025-01-01 12:19,河南,Regular,0.9994
5117794746124474,5118111928291860,帕岛海龟料理,2025-01-01 21:00,,Regular,0.9946
5183175972097698,5183541752627628,合一队长,2025-07-01 10:15,,YellowV,0.0051
5183523288777869,5183525351326262,-_糖醋鱼_-,2025-07-01 09:10,,Regular,0.1177
5118029109134111,5118056052032354,小冰墩组合,2025-01-01 17:18,,Regular,0.3769
5105005138282075,5117909687075127,JohnHarmond7,2025-01-01 07:36,,Regular,0.0024
5118070756219317,5118082056720184,集微网集成电路,2025-01-01 19:01,,BlueV,0.5885
5118070756219317,5118082030505557,半导体投资联盟,2025-01-01 19:01,,BlueV,0.5885
5118070756219317,5118082009794584,手机中国联盟官博,2025-01-01 19:01,,BlueV,0.9586
5183553895402618,5183555086320792,西域小桃园2,2025-07-01 11:08,,Regular,0.9941
5108523162406164,5117938824646124,荼靡的海,2025-01-01 09:32,,Regular,0.9711
5117964707171908,5117977332025367,红尘行文,2025-01-01 12:05,,Regular,0.9961
5115516626144322,5117806116605123,热爱生活的杨鑫来了,2025-01-01 00:45,,Regular,0.104
5117784075537670,5117901054674576,上山虎3990,2025-01-01 07:02,,Regular,0.977
5117781144244904,5117950273263168,努力进取sh,2025-01-01 10:18,,Regular,0.9561
5115408971205000,5117921184190068,慧米可兔,2025-01-01 08:22,,Regular,0.9257
5117795383115949,5117804984146807,心平大道,2025-01-01 00:40,,Regular,0.9907
5117943166537888,5117946076336280,肿重鑫,2025-01-01 10:01,,Regular,0.7101
5182853836444468,5183541044052396,趋势分析小哥,2025-07-01 10:12,,YellowV,0.7568
5181008304672781,5183540725024305,财航木子,2025-07-01 10:11,,Regular,0.1639
5182974208508847,5182978826698908,尛安Baby363,2025-06-29 20:58,,Regular,0.9968
5182974208508847,5182978793146861,雨晨那个苦啊,2025-06-29 20:58,,Regular,0.996
5182962301928354,5182962897261434,半导体投资联盟,2025-06-29 19:55,,BlueV,0.5885
5182962301928354,5182962834606723,集微网官方微博,2025-06-29 19:54,,BlueV,0.0815
5182880992990699,5182962824119306,哈基米9999,2025-06-29 19:54,,Regular,0.5885
5182962334697388,5183007856265815,骠骑将军BATURU,2025-06-29 22:53,,Regular,0.0006
5182856143570653,5182992316368958,歪酷草梅,2025-06-29 21:52,,RedV,0.9422
5182604291867324,5182977719667166,哈翘啊,2025-06-29 20:54,,Regular,0.9917
5182950274500068,5182962116857651,black黑诡,2025-06-29 19:52,,Regular,0.9994
5182962334697388,5183018567735433,汉--凡日月所照江河所至,2025-06-29 23:36,,Regular,0.0005
5182849330447938,5183018454747635,长空雁叫V,2025-06-29 23:35,,Regular,0.5885
5182521595921635,5182946857455888,Iron-7ee,2025-06-29 18:51,,Regular,0.5885
5182980462481410,5182991487996068,半导体投资联盟,2025-06-29 21:48,,BlueV,0.5885
5182980462481410,5182991451820715,集微网官方微博,2025-06-29 21:48,,BlueV,0.0744
5182868185678515,5182871456713188,喜气洋洋太t,2025-06-29 13:51,,Regular,0.9964
5181743561703426,5183005595012097,只愿时光荏苒,2025-06-29 22:44,,Regular,0.8942
5182868185678515,5182868756366601,奇迹昊运降临_Augenstern,2025-06-29 13:41,,RedV,0.9838
5182856143570653,5182988980847687,Chilly就酱,2025-06-29 21:38,,RedV,0.8079
5181880895015408,5182827645896203,罐子垭,2025-06-29 10:57,,Regular,0.9562
5183004536474981,5183014680134031,宝贝女人哇,2025-06-29 23:20,,Regular,0.9943
5183004536474981,5183014669911787,夜场性嗨曲,2025-06-29 23:20,,Regular,0.9965
5183004536474981,5183014670697806,yunhuhu的,2025-06-29 23:20,,Regular,0.9964
5182856143570653,5182865681156070,歪酷草梅,2025-06-29 13:28,,RedV,0.9958
5182463513198827,5182941501852142,手机移栋用户,2025-06-29 18:30,,Regular,0.9889
5182463513198827,5182941450998849,四哥爱杨阳,2025-06-29 18:29,,Regular,0.9965
5182463513198827,5182941432908333,我去艾艾呀,2025-06-29 18:29,,Regular,0.9968
5181386577415775,5182810869991237,十四划,2025-06-29 09:51,,Regular,0.0137
5183004536474981,5183014616959320,暮光之城雨之,2025-06-29 23:20,,Regular,0.9911
5183004536474981,5183014615385988,诚成橙魏氏生态农业有限公司,2025-06-29 23:20,,Regular,0.9953
5183004536474981,5183014602803964,黑夜里的星星火,2025-06-29 23:20,,Regular,0.997
5183004536474981,5183014549066313,谦虚的不要问我,2025-06-29 23:20,,Regular,0.9963
5183004536474981,5183014545915965,丽萍小丁当,2025-06-29 23:20,,Regular,0.9925
5183004536474981,5183014541987933,蓝某亮,2025-06-29 23:20,,Regular,0.9952
5183004536474981,5183014539624585,鱼乐儿嘟嘟,2025-06-29 23:20,,Regular,0.9958
5182187617911129,5183004550894811,只愿时光荏苒,2025-06-29 22:40,,Regular,0.966
5182614610908593,5182955468095816,深蓝shxb,2025-06-29 19:25,,Regular,0.5885
5182833137028955,5182838490271122,用户5474478064,2025-06-29 11:40,,Regular,0.9925
5182851638887771,5183002776442826,死传音土豹子暴吼我第九年,2025-06-29 22:33,,Regular,0.5748
5182873822825200,5182879615418677,香香薯片红豆味,2025-06-29 14:24,,Regular,0.9995
5182833137028955,5182836291668855,浊酒独酌醉无忧,2025-06-29 11:32,,Regular,0.1242
5182889820163957,5183002574586970,新鲜的早上好,2025-06-29 22:32,,Regular,0.5885
5182777067570921,5183002112956751,机不可失-数码爱好者,2025-06-29 22:31,,Regular,0.0493
5182981712119889,5182984225557275,就是一个慢性偏执的小怪人讷,2025-06-29 21:19,,Regular,0.9963
5182981712119889,5182984136688029,咕噜说话不咕噜,2025-06-29 21:19,,Regular,0.9996
5182981712119889,5182984015056359,乐呵炸薯条,2025-06-29 21:19,,Regular,0.997
5182981712119889,5182984002210050,供去困告,2025-06-29 21:19,,Regular,0.9379
4814791874447632,5183010735658246,李海明-产品思维,2025-06-29 23:05,,Regular,0.8722
5176452179301405,5182859977430391,菊厂传媒Fans,2025-06-29 13:06,,Regular,0.1242
5182526219617500,5182852427942109,国网开封供电公司,2025-06-29 12:36,,BlueV,0.9935
5182634906879287,5182970310953523,Yasmina恣肆嫻灬身後馬扁馬扁,2025-06-29 20:24,,Regular,0.9867
5181788935949339,5182876536802454,不惑而惑-至于韭菜,2025-06-29 14:12,,Regular,0.1194
5182166591605049,5182819764798211,逆风吹吹吹,2025-06-29 10:26,,Regular,0.0047
5182535579471747,5182768104603931,小陆家嘴,2025-06-29 07:01,,Regular,0.5885
5181386577415775,5182705831510839,Tha-Starboy,2025-06-29 02:53,,Regular,0.5885
5182081640173917,5182727808615169,忧郁江南雨,2025-06-29 04:21,,Regular,0.5885
5182893521374101,5182907493648467,开发区毛王贸易,2025-06-29 16:15,,BlueV,0.3755
5182765626819295,5182789448368781,回收旧水滴智子遥控器,2025-06-29 08:25,,Regular,0.0007
5182965930000500,5182969585339995,没办法就是这么美55,2025-06-29 20:21,,Regular,0.9955
5182861096518598,5182969581933023,胜利女神新的希望,2025-06-29 20:21,,BlueV,0.9107
5182797506674773,5182804692568641,杭州追梦人-,2025-06-29 09:26,,Regular,0.1242
5182271287989319,5182982580867233,姚某某的微博,2025-06-29 21:13,,Regular,0.2246
5182818602978007,5182818716223368,集微网集成电路,2025-06-29 10:22,,BlueV,0.5885
5182818602978007,5182818692628741,半导体投资联盟,2025-06-29 10:22,,BlueV,0.5885
5182818602978007,5182818658289973,手机中国联盟官博,2025-06-29 10:22,,BlueV,0.9147
5182628129147991,5182682368840017,馬革裹尸何须还,2025-06-29 01:20,,Regular,0.0731
5182788879253702,5182789349540543,刘智身,2025-06-29 08:25,,RedV,0.9535
5182848086837804,5182848479793086,加丰水业北山枇杷店,2025-06-29 12:20,,Regular,0.9713
5182918855229928,5182981237117754,薅资本羊毛,2025-06-29 21:08,,Regular,0.9131
5182965459196152,5182967911812455,心态要好的,2025-06-29 20:15,,Regular,0.9941
5182965459196152,5182967544023238,云海翻腾的雨,2025-06-29 20:13,,Regular,0.9957
5182791219937641,5182813789491039,集微网集成电路,2025-06-29 10:02,,BlueV,0.5885
5182752462733865,5182786543553524,祥鑫云,2025-06-29 08:14,,Regular,0.9204
5182791219937641,5182813764325382,半导体投资联盟,2025-06-29 10:02,,BlueV,0.5885
5182791219937641,5182813659989664,集微网官方微博,2025-06-29 10:02,,BlueV,0.5251
5182287645771268,5182813240297350,孤芳_倩影,2025-06-29 10:00,,Regular,0.7789
5147130500744322,5147146359412429,苍青秋月,2025-03-22 23:53,海南,Regular,0.5885
5146025745188118,5146785303500118,大寒武再临,2025-03-21 23:58,江苏,Regular,0.8849
5146400808503914,5146423306752439,关山难越轻舟独行,2025-03-20 23:59,湖南,Regular,0.5885
5144554010051633,5144971464151323,KDS老-匪,2025-03-16 23:50,,Regular,0.0272
5144145669656409,5144609325320335,星火之历,2025-03-15 23:51,,RedV,0.9551
5142574215201152,5143161657102877,治愈念,2025-03-11 23:59,,GoldV,0.2504
5141553208627972,5141697031045278,幸福降临我们手心,2025-03-07 22:59,,Regular,0.9957
5146262563718417,5147143452756572,燕双鹰侠,2025-03-22 23:41,,YellowV,0.5885
5144565363249538,5144609312473496,升儿70517,2025-03-15 23:51,,Regular,0.9838
5141952114983085,5143159203170684,風鈴鈴鈴DLingling,2025-03-11 23:49,,Regular,0.0047
5141635080388813,5141636301984135,蛋糕上的奶猫,2025-03-07 18:58,,Regular,0.9994
5141635080388813,5141636300936091,daydayzzzzz,2025-03-07 18:58,,Regular,0.9969
5147307042671450,5147509287293186,星辰大海靠舵手,2025-03-23 23:55,,Regular,0.5
5140897688979572,5141679318242959,蔡芭比的小锦鲤,2025-03-07 21:49,,YellowV,0.2154
5142376267912729,5142433677181241,财重信,2025-03-09 23:46,,Regular,0.9483
5145907122671108,5146056586694321,夜暮一雪落成殇,2025-03-19 23:42,,Regular,0.9558
5144881136405328,5144968597082467,音容宛在的肥佬,2025-03-16 23:39,,Regular,0.1262
5141212236088581,5141665074122780,重生之邶邶是锦鲤,2025-03-07 20:52,,YellowV,0.9957
5145694031052868,5145695590813504,哈翘啊,2025-03-18 23:48,,Regular,0.991
5143515973552557,5143519899422047,升儿70517,2025-03-12 23:42,,Regular,0.9803
5143688997243574,5143879863240740,金陵芦苇,2025-03-13 23:33,,Regular,0.8417
5141699975715426,5141706303341044,小林要加油哈哈,2025-03-07 23:36,,Regular,0.9203
5141635080388813,5141636297000387,孩子他妈五杀,2025-03-07 18:58,,Regular,0.9971
5141699975715426,5141705533163817,褶子裙子的柠檬,2025-03-07 23:33,,Regular,0.9957
5145317906844894,5146418353801014,追风脚,2025-03-20 23:40,,Regular,0.0161
5141490322639338,5141678102151851,柚柚山里妹,2025-03-07 21:44,,RedV,0.5885
5141670773653647,5141677938051276,褶子的裙子,2025-03-07 21:43,,Regular,0.7541
5144917920973035,5144965543103764,那份藏蓝,2025-03-16 23:27,,Regular,0.5885
5143006777445456,5144603644660711,666888大熊888666,2025-03-15 23:29,,Regular,0.9973
5143008191711969,5144602752325125,666888大熊888666,2025-03-15 23:25,,Regular,0.9996
5144045833163163,5144243333501328,财重信,2025-03-14 23:37,,Regular,0.1732
5141952114983085,5142067568450547,Million赵,2025-03-08 23:31,,RedV,0.3654
5141699975715426,5141704643712089,褶子的裙子,2025-03-07 23:29,,Regular,0.9966
5146708469615670,5146773212630181,是块好玉_,2025-03-21 23:10,,Regular,0.9963
5141655034005927,5141663786468235,禽兽求婚大作战,2025-03-07 20:47,,Regular,0.9935
5141655034005927,5141663753703611,能翱翔的鹰,2025-03-07 20:47,,Regular,0.9875
5142745381081119,5142796365729282,愁啊虎,2025-03-10 23:47,,Regular,0.994
5142739125539130,5142795964384585,几时年少有,2025-03-10 23:46,,Regular,0.9946
5142240768296458,5142795637230911,姜姜好钱满满,2025-03-10 23:44,,Regular,0.9951
5141699975715426,5141704312362254,哔哔哔啦啦也,2025-03-07 23:28,,Regular,0.9944
5141670773653647,5141676776755638,小狗哥可爱可爱,2025-03-07 21:38,,Regular,0.9581
5146672238693315,5146771631906050,研究悲剧美学的喜剧学者弥撒,2025-03-21 23:04,,Regular,0.1917
5146708469615670,5146771592317462,mm豆899,2025-03-21 23:03,,Regular,0.996
5145198616644350,5145325372708401,mm豆899,2025-03-17 23:17,,Regular,0.997
5141490322639338,5141648402809560,付亮的竞争情报应用,2025-03-07 19:46,,YellowV,0.3501
5144194579959708,5144238933937586,千与寻vip,2025-03-14 23:20,,Regular,0.5391
5142643283069251,5143153187230001,超幸运的小女孩,2025-03-11 23:25,,Regular,0.0499
5145684560314528,5145691354303416,欧气胖虎,2025-03-18 23:31,,Regular,0.0019
5145684319931137,5145691278020778,纯情小咪z,2025-03-18 23:31,,Regular,0.9081
5145684319931137,5145691089538491,牵着蚂蚁的小兔子,2025-03-18 23:30,,Regular,0.9387
5141699975715426,5141703442827257,梧桐小巷sean,2025-03-07 23:24,,Regular,0.9525
5141553208627972,5141703322245483,666888大熊888666,2025-03-07 23:24,,Regular,0.9995
5141696385126405,5141703154731391,Mia_koiAva,2025-03-07 23:23,,Regular,0.9956
5141268109199013,5142063060091114,财重信,2025-03-08 23:13,,Regular,0.9945
5141214669049057,5142062979881299,财重信,2025-03-08 23:13,,Regular,0.9838
5146400808503914,5146414293716621,借舞,2025-03-20 23:24,,Regular,0.0005
5147425518128989,5147502501693199,披萨lalla,2025-03-23 23:28,,Regular,0.9962
5147425518128989,5147500973917428,分你一块伯爵红茶贝果,2025-03-23 23:22,,Regular,0.9778
5141952114983085,5142428299297558,ulanus,2025-03-09 23:25,,Regular,0.5885
5141490322639338,5141661756428288,麦田蓑笠翁,2025-03-07 20:39,,GoldV,0.5885
5145684560314528,5145690737213688,披萨lalla,2025-03-18 23:28,,Regular,0.994
5145684319931137,5145690612175133,披萨lalla,2025-03-18 23:28,,Regular,0.9956
5145684560314528,5145690440207402,三代加油爱了,2025-03-18 23:27,,Regular,0.979
5145684560314528,5145690167837875,微笑的违心2005,2025-03-18 23:26,,Regular,0.8993
5145684560314528,5145690155254883,别贪恋被窝的温柔,2025-03-18 23:26,,Regular,0.9944
5145684319931137,5145689949736541,期待2021的double,2025-03-18 23:25,,Regular,0.9888
5145684560314528,5145689933222091,Mia_koiAva,2025-03-18 23:25,,Regular,0.8565
5141574703386472,5141633176965754,山月不知灬心底事儿,2025-03-07 18:45,,Regular,0.9963
5145295415675291,5145324256761593,AUTO老徐,2025-03-17 23:12,,GoldV,0.9915
5141292183454617,5141660917042879,wisdom0418,2025-03-07 20:35,,Regular,0.9882
5141578654417075,5141692597934919,集微网集成电路,2025-03-07 22:41,,BlueV,0.5885
5145684319931137,5145689910673831,为什么我没有盲盒,2025-03-18 23:25,,Regular,0.9502
5145179381039540,5145689170117319,农夫的7542,2025-03-18 23:22,,Regular,0.5885
5141949347007907,5142061495092447,钧泽--,2025-03-08 23:07,,Regular,0.6115
5141949347007907,5142060794122132,过境的北风,2025-03-08 23:04,,Regular,0.0964
5146402992686352,5146410380428529,小花鱼的自由生活,2025-03-20 23:08,,Regular,0.9955
5141490322639338,5141674451803098,laozheng159,2025-03-07 21:29,,Regular,0.0254
5146402992686352,5146409686800314,站在吃瓜前线的群众,2025-03-20 23:05,,Regular,0.9868
5146402992686352,5146409686797484,想不到名字的小墨,2025-03-20 23:05,,Regular,0.9959
5137267071124177,5141660201127261,小祖宗725,2025-03-07 20:33,,Regular,0.8988
5144007462355424,5144235842477072,天下第一小大,2025-03-14 23:07,,Regular,0.0158
5141952114983085,5142790947474988,诛砂,2025-03-10 23:26,,RedV,0.0008
5140912013051534,5141700022109392,MoOnRoCk-ExpResS,2025-03-07 23:11,,Regular,0.5468
5141949347007907,5142060077423151,行路020,2025-03-08 23:02,,Regular,0.1319
5146053691574042,5146409355448172,蓝海投资者,2025-03-20 23:04,,Regular,0.023
5146402992686352,5146409336307824,晴桃桃6,2025-03-20 23:04,,Regular,0.9762
5146402992686352,5146409071283838,八卦街道办合同工丨,2025-03-20 23:03,,Regular,0.9836
5142404407756163,5142423363393287,黑夜里的星星火,2025-03-09 23:05,,Regular,0.9994
5141614843920669,5141643527460847,六国虹,2025-03-07 19:26,,RedV,0.9792
5141490322639338,5144597723090453,Lotus_in_Moonlight,2025-03-15 23:05,,Regular,0.8766
5134258178362304,5143871726295396,中山大道168号,2025-03-13 23:00,,Regular,0.5885
5143728725690530,5143871562973396,东洋红乌鸦_5423,2025-03-13 23:00,,Regular,0.5885
5141553208627972,5141691402818364,大熊888123,2025-03-07 22:37,,Regular,0.9995
5128462211486262,5142790283463454,种土豆的小农夫S,2025-03-10 23:23,,Regular,0.5885
5141617876665447,5141620753176513,天山上的雪莲花2012,2025-03-07 17:56,,Regular,0.5885
5141616889167976,5141620338197039,与喵喵喵有关,2025-03-07 17:54,,Regular,0.8501
5140912013051534,5141658488280436,西邻馅包子,2025-03-07 20:26,,Regular,0.5885
5141218996521440,5141690663307912,这一秒的心动-1,2025-03-07 22:34,,Regular,0.9995
5142743480011449,5142789176951046,Evanz_zzzz,2025-03-10 23:19,,Regular,0.6032
5141589504561975,5141697672517351,东方明dfm,2025-03-07 23:01,,Regular,0.5885
5141553208627972,5141671710034654,阿拉小椰,2025-03-07 21:18,,Regular,0.9967
5140897688979572,5141669473689723,大白的供养,2025-03-07 21:09,,YellowV,0.5885
5140912013051534,5141500464464575,rui-wang,2025-03-07 09:58,,Regular,0.5618
5140912013051534,5141560082305771,足迹20220904,2025-03-07 13:55,,Regular,0.9457
5141524548421784,5141601962166905,云泉微博,2025-03-07 16:41,,YellowV,0.5885
5141616889167976,5141617817686080,幼稚鬼真幼稚,2025-03-07 17:44,,Regular,0.7292
5140912013051534,5141500133378552,苏耷水,2025-03-07 09:56,,RedV,0.5885
5141496806773398,5141499872280662,漠沙舟,2025-03-07 09:55,,Regular,0.4223
5142739125539130,5142786802977414,喜相逢锦鲤,2025-03-10 23:09,,Regular,0.9944
5141545304981704,5141559058631876,苹果大V,2025-03-07 13:51,,Regular,0.9956
5141498560514398,5141600792742598,阿涵9是我,2025-03-07 16:36,,Regular,0.9906
5141614843920669,5141627124843972,淘股吧官方微博,2025-03-07 18:21,,BlueV,0.9766
5140624132804024,5141469228960656,D小喜儿被偏爱,2025-03-07 07:54,,Regular,0.9496
5141490322639338,5141571717565604,愁容骑士黑铁黄金,2025-03-07 14:41,,Regular,0.1242
5140561675425439,5141688584246418,姬永锋,2025-03-07 22:25,,GoldV,0.5723
5141445799575900,5141483667325602,余丰慧,2025-03-07 08:51,,GoldV,0.0513
5141081881313934,5141432906809374,人间一场烟火开心过,2025-03-07 05:29,,Regular,0.9788
5138299804450887,5141615170552441,固原联通,2025-03-07 17:34,,BlueV,0.5885
5141553208627972,5141686763391692,mm豆899,2025-03-07 22:18,,Regular,0.9995
5141464339714516,5141466411434511,猹局,2025-03-07 07:42,,Regular,0.9498
5140912013051534,5141496593384796,巍克思,2025-03-07 09:42,,RedV,0.0444
5140912013051534,5141554882415544,哔哩哔哩哗哗哗,2025-03-07 13:34,,Regular,0.5885
5141332544980250,5141417038971211,诗人_D_激励,2025-03-07 04:26,,Regular,0.0041
5141585202774812,5141595780811831,沙县晓吃,2025-03-07 16:17,,Regular,0.6704
5141682811309586,5141685042678231,集微网集成电路,2025-03-07 22:11,,BlueV,0.5885
5133244808826712,5141377534394778,好巧平安喜乐有钱花幸运,2025-03-07 01:49,,Regular,0.5885
5141476095821579,5141480448459512,爱理财的小蓝,2025-03-07 08:38,,GoldV,0.1124
5140506846957258,5141360822715513,longjian95,2025-03-07 00:43,,Regular,0.5885
5141891704163665,5142059548941844,Winter----1,2025-03-08 22:59,,Regular,0.8841
5141480364836016,5141526477279477,轉身永恆,2025-03-07 11:41,,Regular,0.997
5141570098299338,5141594710476934,云泉微博,2025-03-07 16:12,,YellowV,0.5885
5141682811309586,5141684255466088,半导体投资联盟,2025-03-07 22:08,,BlueV,0.9726
5137590167276529,5141684116526744,大美StephyC,2025-03-07 22:08,,RedV,0.9966
5140506846957258,5141373155017137,Mistel,2025-03-07 01:32,,Regular,0.01
5141319749475154,5141370567395515,船老大美股日志,2025-03-07 01:22,,RedV,0.0016
5141496806773398,5141512813545994,漠沙舟,2025-03-07 10:47,,Regular,0.6342
5141636028563915,5141682853512711,dr-冬日暖阳,2025-03-07 22:03,,Regular,0.9346
5141490322639338,5141512477215631,和平大使踏利班,2025-03-07 10:46,,Regular,0.5838
5142027244407005,5142029235654618,绵绵雨后花,2025-03-08 20:59,,Regular,0.9968
5141516092965291,5141566322905859,集微网集成电路,2025-03-07 14:20,,BlueV,0.5885
5141524548421784,5141593447205164,科技INF,2025-03-07 16:07,,RedV,0.9875
5141952114983085,5142058738387630,我只是不想理人空间,2025-03-08 22:56,,Regular,0.5885
5138299804450887,5141477651120735,凤县通信v,2025-03-07 08:27,,Regular,0.9825
5141553208627972,5142042045848381,这一秒的心动-1,2025-03-08 21:50,,Regular,0.9969
5141312244812018,5141511789611046,柏树吖儿,2025-03-07 10:43,,Regular,0.9916
5141962378711438,5142029156222945,祖传GPT,2025-03-08 20:59,,Regular,0.8986
5141578654417075,5141582030834759,半导体投资联盟,2025-03-07 15:22,,BlueV,0.2039
5141952114983085,5141997320934913,莫撩moliao,2025-03-08 18:52,,Regular,0.4414
5141187254813431,5141565733077749,真正的酸甜可乐,2025-03-07 14:17,,YellowV,0.005
5138299804450887,5141491890523695,渭滨社区专业网格,2025-03-07 09:24,,Regular,0.6385
5141524548421784,5141581439173441,夏天了Y_,2025-03-07 15:20,,Regular,0.992
5141570098299338,5141580550768984,格竹熊,2025-03-07 15:16,,Regular,0.0727
5142008868111997,5142010676905427,蚂蚁看天空在下雨,2025-03-08 19:45,,Regular,0.9332
5142009447713657,5142010039895094,桃桃猪奶,2025-03-08 19:43,,Regular,0.968
5141521029928190,5141524662192236,合新闻,2025-03-07 11:34,,Regular,0.9046
5141848205033800,5142056323781566,佳佳耳机的微博,2025-03-08 22:47,,YellowV,0.5885
5140158383392784,5142027855991789,安安以迁迁,2025-03-08 20:53,,Regular,0.0044
5141555540923192,5141564154973979,集微网集成电路,2025-03-07 14:11,,BlueV,0.5885
5141952114983085,5142055342578405,爱讲笑话的杰洛,2025-03-08 22:43,,RedV,0.5558
5141925988666964,5141968830598220,孙能能律师,2025-03-08 16:59,,YellowV,0.165
5141952114983085,5141968385479702,非馍神,2025-03-08 16:57,,Regular,0.0092
5141952114983085,5141968172355647,龍宮輝夜,2025-03-08 16:56,,GoldV,0.0077
5140460307484225,5141953294895891,我爱发发发发发发,2025-03-08 15:57,,Regular,0.9936
5141555540923192,5141563604993110,半导体投资联盟,2025-03-07 14:09,,BlueV,0.9948
5141516092965291,5141563446923909,半导体投资联盟,2025-03-07 14:08,,BlueV,0.4707
5141214669049057,5141579330492234,真正的酸甜可乐,2025-03-07 15:11,,YellowV,0.501
5141276853538551,5141350555323596,一江春水西面流,2025-03-07 00:02,,Regular,0.5885
5141274630029396,5141350158436333,mono_dy,2025-03-07 00:01,,Regular,0.0245
5141952114983085,5141967916238199,大宝小哎,2025-03-08 16:55,,Regular,0.0062
5141952114983085,5141967726970149,Ming_Vaneria,2025-03-08 16:55,,Regular,0.0092
5141952114983085,5141967475311339,炸毛无双猫坨坨,2025-03-08 16:54,,Regular,0.069
5141949347007907,5141951448090544,木森栩,2025-03-08 15:50,,Regular,0.0184
5141952114983085,5141993802175794,近卫步兵师,2025-03-08 18:38,,GoldV,0.5885
5141574703386472,5141578961390511,甜味柚子蜂蜜茶,2025-03-07 15:10,,Regular,0.0041
5141610380921196,5141949766434921,爱情那个跳跳,2025-03-08 15:43,,YellowV,0.7309
5141610380921196,5141949757522930,燕子果乐_400,2025-03-08 15:43,,YellowV,0.3662
5141610380921196,5141949750444566,我想改个名字q,2025-03-08 15:43,,Regular,0.9602
5141610380921196,5141949744943075,00蛋蛋妈,2025-03-08 15:43,,YellowV,0.3076
5141610380921196,5141949741531671,legend北,2025-03-08 15:43,,Regular,0.9764
5141952114983085,5141966779058566,Mona健康监护中心,2025-03-08 16:51,,RedV,0.0132
5141512723631453,5141522978967879,廖孝炳新媒体服队,2025-03-07 11:27,,Regular,0.9751
5142052024616635,5142052758622140,美食天天烩,2025-03-08 22:32,,GoldV,0.8093
5141516113412370,5141531217364555,南瓜酥,2025-03-07 12:00,,RedV,0.0092
5141826438168862,5141906783735721,禾岛冬叙,2025-03-08 12:52,,Regular,0.9963
5139812504047463,5142022635394409,兔宝宝能有什么坏心眼呢,2025-03-08 20:33,,Regular,0.9971
5141940262667735,5141965990269017,_中微子_,2025-03-08 16:48,,Regular,0.9951
5141480364836016,5141577853305650,数码宝贝,2025-03-07 15:05,,BlueV,0.9983
5141490322639338,5141510593708244,张洲,2025-03-07 10:38,,GoldV,0.8954
5141952114983085,5141976115053960,一封谁看见了都会怀念我的长信,2025-03-08 17:28,,Regular,0.9822
5141917725626868,5141919282761618,spring28811,2025-03-08 13:42,,Regular,0.5885
5141952114983085,5142003622087878,艾本德厨,2025-03-08 19:17,,Regular,0.0997
5140158383392784,5141989633558735,逻辑引擎,2025-03-08 18:22,,YellowV,0.0429
5141952114983085,5141989219113562,Fungi1314,2025-03-08 18:20,,Regular,0.5885
5142018355888781,5142022077284960,在月球写书评的小牛,2025-03-08 20:30,,Regular,0.6467
5141537294914059,5141931383849438,旺霏旺霏,2025-03-08 14:30,,Regular,0.9959
5141500635647647,5141510307973797,集微网集成电路,2025-03-07 10:37,,BlueV,0.5885
5141504684198993,5141510269961098,集微网集成电路,2025-03-07 10:37,,BlueV,0.5885
5141952114983085,5141975285371807,寒舞C,2025-03-08 17:25,,RedV,0.5862
5141952114983085,5141988718416055,吴虞兮,2025-03-08 18:18,,YellowV,0.8912
5141917725626868,5141917809511953,集微网集成电路,2025-03-08 13:36,,BlueV,0.9894
5141925988666964,5141928874345239,快乐味Spill2t,2025-03-08 14:20,,Regular,0.1303
5141504684198993,5141510023549089,半导体投资联盟,2025-03-07 10:36,,BlueV,0.2581
5141611622172570,5141973019920514,大庙街的那个仔,2025-03-08 17:16,,Regular,0.3008
5132519517193624,5141916695400927,装睡全靠安眠药,2025-03-08 13:32,,Regular,0.5885
5141490322639338,5141961313879500,咱们冰哥_615,2025-03-08 16:29,,Regular,0.5885
5141500635647647,5141509859705663,半导体投资联盟,2025-03-07 10:35,,BlueV,0.9827
5141505947468524,5141509780540783,幸运福星小铁铁,2025-03-07 10:35,,Regular,0.993
5141952114983085,5141972394443606,寒舞C,2025-03-08 17:13,,RedV,0.0392
5141992661582415,5142016775422840,他城之城-,2025-03-08 20:09,,YellowV,0.9672
5141949347007907,5142016573575123,尹香武,2025-03-08 20:09,,RedV,0.0006
5141885023947995,5141887091999797,哈翘啊,2025-03-08 11:34,,Regular,0.9923
5141478746358118,5141486326518544,云星兴_,2025-03-07 09:02,,Regular,0.1147
5182816086131720,5183001862347319,文化不多的人,2025-06-29 22:30,,Regular,0.5885
5180843955850581,5181904053603301,甜食紀,2025-06-26 21:47,,Regular,0.5885
5180843955850581,5181556817924698,辜妄言之,2025-06-25 22:47,,Regular,0.0208
5182245058642566,5182270823994046,奔六,2025-06-27 22:05,,RedV,0.6598
5180843955850581,5181876071305452,夏炸炸炸炸寻,2025-06-26 19:56,,Regular,0.5885
5181817183536106,5181875489343284,当时我就震惊之改个名真难,2025-06-26 19:54,,Regular,0.5885
5181817183536106,5181859009137040,淡然-淡定,2025-06-26 18:48,,Regular,0.1242
5180843955850581,5181857831851997,泷沥淇,2025-06-26 18:44,,Regular,0.9941
5180843955850581,5182256211821223,北极光蜜瓜,2025-06-27 21:07,,Regular,0.921
5178215769311089,5178299210796725,张十四Niddhog,2025-06-16 23:03,,Regular,0.5885
5181400248484118,5181519276807667,安然淡定chris_HeavenLight,2025-06-25 20:18,,Regular,0.9707
5180094764030647,5180434138535565,国遵健康产业集团,2025-06-22 20:26,,Regular,0.6488
5180059726123245,5180067024211528,scy八月,2025-06-21 20:08,,Regular,0.9816
5178988890950000,5179007109696308,AC蓦然回首,2025-06-18 21:56,,Regular,0.5885
5178988890950000,5179006514369457,帕米尔骆驼,2025-06-18 21:53,,Regular,0.0041
5179319284663987,5179330008191018,古代趣闻轶事,2025-06-19 19:19,,RedV,0.0582
5180843955850581,5181836830708695,木烨彌,2025-06-26 17:20,,Regular,0.9844
5180843955850581,5181835481187910,用户rgbrttgzlzdhex,2025-06-26 17:15,,Regular,0.0138
5178215769311089,5178293323828616,震长,2025-06-16 22:39,,GoldV,0.5885
5178251572154777,5178287840037521,曾鹏峰-,2025-06-16 22:18,,YellowV,0.03
5181154240235765,5181154623488921,来给生活比个yeyeye,2025-06-24 20:09,,Regular,0.4298
5180843955850581,5181819968291211,快看这个人疯了,2025-06-26 16:13,,Regular,0.9205
5180843955850581,5181818765838893,欧美二线品牌,2025-06-26 16:08,,Regular,0.991
5177872828073735,5177889035389486,混沌与概率1997,2025-06-15 19:53,,GoldV,0.9564
5179760135376634,5180391438946620,开灰机的舒棵,2025-06-22 17:37,,Regular,0.9278
5178215769311089,5178963578328323,杏仁润喉糖,2025-06-18 19:03,,Regular,0.5885
5180843955850581,5181485680430535,不聊了真睡了,2025-06-25 18:05,,Regular,0.8882
5180843955850581,5181472148292918,一日记_,2025-06-25 17:11,,Regular,0.9464
5179938723596905,5180380200042791,御手洗君,2025-06-22 16:52,,RedV,0.0045
5176646242142588,5176862394291700,胡程-Shawn,2025-06-12 23:53,,Regular,0.5885
5181100209212230,5181121005880497,底浪Wave,2025-06-24 17:56,,BlueV,0.0902
5181759554848075,5181783955999199,南市区古董流浪猫,2025-06-26 13:50,,Regular,0.5885
5181529466867263,5181780382454410,慧眼看日本,2025-06-26 13:36,,Regular,0.0216
5177469409953649,5177516580410171,智多星崽,2025-06-14 19:13,,GoldV,0.0072
5177469409953649,5177513224704180,圈里百晓生,2025-06-14 19:00,,YellowV,0.0017
5182816086131720,5182894563134633,向中行,2025-06-29 15:23,,Regular,0.0058
5181759554848075,5181762043119661,大呆秦,2025-06-26 12:23,,Regular,0.1242
5177117694231447,5177167226868623,仙洲畸子,2025-06-13 20:05,,Regular,0.6044
5180843955850581,5181420370659280,在在酱瘦了,2025-06-25 13:45,,Regular,0.0097
5177469409953649,5177478492456508,吱吱的春天非同凡响,2025-06-14 16:42,,YellowV,0.0612
5177469409953649,5177476634642451,wgenci2,2025-06-14 16:34,,Regular,0.9035
5177469409953649,5177475840606302,今天的毛竹很好吃,2025-06-14 16:31,,Regular,0.127
5177469409953649,5177475602580093,每天都睡不着诶,2025-06-14 16:30,,Regular,0.0015
4171999196086941,5177803915135343,银卓金融YZ银卓法律,2025-06-15 14:15,,BlueV,0.2529
5178592222514739,5178603563388824,super多宝,2025-06-17 19:12,,Regular,0.0016
5178592222514739,5178601848177054,super多宝,2025-06-17 19:05,,Regular,0.0028
5179521594821072,5180300712739898,天道V酬勤V,2025-06-22 11:36,,Regular,0.2204
5177469409953649,5177475262056609,旧书摊在窗台,2025-06-14 16:29,,Regular,0.0094
5177469409953649,5177475013285735,最初15091,2025-06-14 16:28,,Regular,0.2245
5179272416463838,5179275670194817,用户吴山晨风,2025-06-19 15:43,,Regular,0.0197
5179549421142373,5179578318586713,快乐青扬2010,2025-06-20 11:46,,Regular,0.1242
5180843955850581,5181396014334807,做老公爱情的间谍,2025-06-25 12:08,,Regular,0.0507
5180256281691071,5180290620195541,小陆家嘴,2025-06-22 10:56,,Regular,0.5885
5182786026864898,5182853700653908,漫步曼谷街头,2025-06-29 12:41,,Regular,0.6397
5180843955850581,5182853015144449,仲夏吃菠萝,2025-06-29 12:38,,Regular,0.5885
5181027343140343,5181039015101411,三年于皋,2025-06-24 12:30,,Regular,0.2277
5178857675033709,5178890017836519,成一虫,2025-06-18 14:11,,RedV,0.4485
5176449310398002,5176473233129476,他爹王将近,2025-06-11 22:07,,Regular,0.6951
5178452445497021,5178568942294223,这个世界很混乱,2025-06-17 16:55,,Regular,0.0248
5177111166062002,5177116967570341,半导体投资联盟,2025-06-13 16:45,,BlueV,0.9549
5178857675033709,5178883171158698,读史学文,2025-06-18 13:43,,Regular,0.1242
5178857675033709,5178882615412875,读史学文,2025-06-18 13:41,,Regular,0.1242
5177395202233089,5177438661511246,否极泰董宝珍,2025-06-14 14:03,,RedV,0.0662
5180645236277306,5181006535460319,李迦牟尼,2025-06-24 10:21,,Regular,0.144
5173731383050264,5181005724128730,心船的视野,2025-06-24 10:18,,YellowV,0.6522
5180499258510319,5180658508891765,SPQR2024,2025-06-23 11:18,,Regular,0.2942
5179547033273624,5179554638859214,舒国华的微博,2025-06-20 10:12,,YellowV,0.2295
5178294984775794,5178861920190877,烧椒青金石,2025-06-18 12:19,,Regular,0.6281
5180136648344919,5180229404329335,帅统帅大帅,2025-06-22 06:53,,Regular,0.0779
5179521594821072,5179545818760785,天道V酬勤V,2025-06-20 09:36,,Regular,0.0336
5179174929302544,5179231119345479,马闻徽1168,2025-06-19 12:46,,Regular,0.1242
5177847471934979,5178110720346007,宝儿姐的菜刀刀,2025-06-16 10:34,,Regular,0.5885
5182524772845174,5182536789787091,elements1234,2025-06-28 15:41,,Regular,0.5885
5176750918337268,5176785501160358,吃货毛毛毛毛,2025-06-12 18:48,,Regular,0.982
5178542138332487,5179214628388882,潜龙在渊7984,2025-06-19 11:40,,Regular,0.0006
5182816086131720,5182831429943389,就是看看笑话,2025-06-29 11:12,,Regular,0.5885
5176335456011017,5176408930255848,海蓝金沙,2025-06-11 17:52,,Regular,0.7755
5182514139762622,5182529976139896,芬芳馥郁的青春年华,2025-06-28 15:14,,Regular,0.0015
5180843955850581,5182529310295850,壮实要减肥,2025-06-28 15:12,,YellowV,0.0224
5177411517288425,5177428131711195,江宇行舟,2025-06-14 13:22,,GoldV,0.0063
5179126928638344,5179200450332156,财爱学习,2025-06-19 10:44,,Regular,0.0047
5182816086131720,5182826451829261,微彰琦谈,2025-06-29 10:53,,RedV,0.6918
5182816086131720,5182824320862610,秋日奏鸣曲2025,2025-06-29 10:44,,Regular,0.7643
5178592222514739,5178820344941894,super多宝,2025-06-18 09:34,,Regular,0.0022
5176426929586503,5176445718760274,Z先生-江南,2025-06-11 20:18,,Regular,0.104
5178425523570876,5178466104511308,巴厘岛徒步气候使,2025-06-17 10:06,,Regular,0.5885
5181190170215564,5181330373216086,用户7934729789,2025-06-25 07:48,,Regular,0.0005
5180612379411911,5180613927637512,大豆钭江明,2025-06-23 08:21,,RedV,0.5885
5180612379411911,5180613569285753,镜子里的财经,2025-06-23 08:19,,RedV,0.8623
5177421181750489,5177422869954691,悦涛很二,2025-06-14 13:01,,RedV,0.1242
5179039201628920,5179186089559891,玩屎童鞋,2025-06-19 09:47,,Regular,0.0161
5178763206984390,5178812129084643,北小房_股往金来,2025-06-18 09:01,,Regular,0.6362
5180655161836524,5180880996009056,gonghai08256,2025-06-24 02:02,,Regular,0.0014
5176059771227788,5176369588733137,富得流油腐败透顶,2025-06-11 15:15,,Regular,0.0004
5178215769311089,5178453004388215,Music-Sg,2025-06-17 09:14,,Regular,0.5885
5182491239121853,5182503547833511,冷漠的索罗斯,2025-06-28 13:29,,Regular,0.9315
5182449509468303,5182498259863366,草籽木木8z,2025-06-28 13:08,,Regular,0.6333
5177752674370992,5177995142627428,我是板砖兔专敲二鬼子,2025-06-16 02:55,,Regular,0.0134
5177962404252390,5177964183945273,狗儿我下一顿饭呢,2025-06-16 00:52,,Regular,0.206
5178215769311089,5178442685351350,风景这边超好,2025-06-17 08:33,,Regular,0.0169
5178215769311089,5178439512360359,邱俊,2025-06-17 08:20,,YellowV,0.5885
5176152249075032,5176302438711345,清风霁月-微尘,2025-06-11 10:48,,YellowV,0.999
5182786026864898,5182802766333402,知道了IC,2025-06-29 09:18,,Regular,0.0005
5176650384015988,5177029659983961,蠡溪青莲,2025-06-13 10:58,,Regular,0.5885
5158280351973566,5178745267683397,日光晒黑私密处,2025-06-18 04:35,,Regular,0.5885
5178432279283518,5178436956193292,亿周视野,2025-06-17 08:10,,YellowV,0.0566
5178215769311089,5178431314593212,言午氵翰二儿,2025-06-17 07:48,,Regular,0.5885
5178215769311089,5178431039342557,MakeCityGreatAgain,2025-06-17 07:47,,Regular,0.9906
5176152249075032,5176297349452060,瘦石H,2025-06-11 10:28,,Regular,0.9783
5175882752197826,5176238083670439,明月清枫V,2025-06-11 06:33,,Regular,0.0256
5178215769311089,5178430254482778,一步步一天天,2025-06-17 07:44,,Regular,0.4279
5178215769311089,5178423791059510,徐林,2025-06-17 07:18,,GoldV,0.0169
5176152249075032,5176246891971376,血色军刀999,2025-06-11 07:08,,Regular,0.6982
5176288475089650,5176291067169736,春风余生2014,2025-06-11 10:03,,Regular,0.2961
5177003986387175,5177016100062342,追梦池东人Eric,2025-06-13 10:04,,Regular,0.0249
5177007097774178,5177013415709996,京钱多多2198,2025-06-13 09:54,,YellowV,0.9814
5180249404604579,5180514226930353,风火轮烧脚吗,2025-06-23 01:45,,Regular,0.0069
5175914495477944,5176262911070330,马丁观世相,2025-06-11 08:11,,Regular,0.99
5178294984775794,5179158921479319,面包不要昵称,2025-06-19 07:59,,Regular,0.5885
5176650384015988,5177007748155018,日经中文网,2025-06-13 09:31,,BlueV,0.8064
5175241015561645,5175772261910478,珍珠街直流电站,2025-06-09 23:42,,Regular,0.5885
5175016150799412,5175380030789720,yyli,2025-06-08 21:43,,Regular,0.9626
5174097337123113,5174318805552721,yrhn,2025-06-05 23:26,,Regular,0.0451
5174133404205986,5174316519133722,净无暇,2025-06-05 23:17,,Regular,0.0124
5174097337123113,5174311650334268,沈烜华,2025-06-05 22:58,,Regular,0.5885
5182419793348800,5182468044097838,值滴,2025-06-28 11:08,,Regular,0.4932
5173423968093299,5173598869521068,云上and天下,2025-06-03 23:45,,Regular,0.5885
5174146519796324,5174303269851604,Ethan愉快的皮蛋,2025-06-05 22:24,,Regular,0.1242
5176063354736963,5176111337048326,泽畔微言,2025-06-10 22:09,,Regular,0.0128
5175195776321426,5175734588412593,Uchida_a_a,2025-06-09 21:12,,Regular,0.5885
5176646242142588,5176683114005500,苦杏仁,2025-06-12 12:01,,Regular,0.5885
5183360009242113,5183370162080040,杜兜兜耶,2025-06-30 22:53,,Regular,0.5
5182824191101288,5183269588961776,黑龙江省高级人民法院,2025-06-30 16:13,,BlueV,0.5719
5180029210461126,5183235864658070,yihxy_,2025-06-30 13:59,,Regular,0.9712
5180029228288465,5183232267522887,时间是个骗子1986,2025-06-30 13:45,,Regular,0.9532
5180029210461126,5183232155059032,无敌锦鲤18,2025-06-30 13:45,,Regular,0.965
5180029210461126,5183231865130998,不喝不甜的白开水,2025-06-30 13:43,,Regular,0.9056
5183214332413008,5183223426450447,安静的退下,2025-06-30 13:10,,Regular,0.9646
5170173141058315,5183376103577200,唯熙他爸,2025-06-30 23:17,,Regular,0.9957
5183651486895927,5183738497469911,小呀么小海葵,2025-07-01 23:17,,Regular,0.9724
5184108465751139,5184108991089899,一鼓作气李世民,2025-07-02 23:49,上海,Regular,0.0636
5184091261768856,5184098361934751,TomXiaoXu,2025-07-02 23:07,天津,Regular,0.5885
5174256154710443,5183657415544832,白雪皑皑-滴,2025-07-01 17:54,,Regular,0.5885
PyUKMbrWb,5183319706700650,唯妮说,2025-06-30 19:33,,Regular,0.8021
PyUKMbrWb,5183215916552232,Ljc昌哥,2025-06-30 12:40,,Regular,0.2511
PyMv2g0l9,5183195709966799,贝壳螺旋,2025-06-30 11:20,,Regular,0.5885
PyTOkrwRj,5183189653130561,我什么话都不会说,2025-06-30 10:56,,YellowV,0.1242
PyMv2g0l9,5183163892240328,大老客大大,2025-06-30 09:13,,RedV,0.5885
PyMv2g0l9,5183160163238563,白萍烟盡處,2025-06-30 08:59,,RedV,0.9549
PyMv2g0l9,5183158992767390,李鲆,2025-06-30 08:54,,GoldV,0.5885
PyMv2g0l9,5183156898763536,子乐健康,2025-06-30 08:46,,YellowV,0.657
5182006923362717,5182993224438126,无忧无虑uu,2025-06-29 21:55,,RedV,0.9996
5183331201190016,5183738757517478,老辣陈香,2025-07-01 23:18,,Regular,0.5885
5182874292847086,5182898371561510,蝶兰博科,2025-06-29 15:38,,Regular,0.5885
5181560781281125,5182762170188106,chenmobuyu,2025-06-29 06:37,,Regular,0.7163
5182874292847086,5182878363420891,封父之繁弱,2025-06-29 14:19,,Regular,0.1114
5182006923362717,5182724886757564,onpachi,2025-06-29 04:09,,Regular,0.5885
5182006923362717,5183295512122226,_Rei_Aya_,2025-06-30 17:56,,Regular,0.5885
5183337811411040,5183352136799742,hzq2013,2025-06-30 21:41,,Regular,0.9938
5183207378785586,5183270876614835,喜乐多666,2025-06-30 16:19,,Regular,0.994
5183235898477761,5183237548934077,hzq2013,2025-06-30 14:06,,Regular,0.9883
5179277113033539,5183641950096638,北极天区,2025-07-01 16:53,,Regular,0.0531
5183579787363179,5183686796119082,狙击无极限,2025-07-01 19:51,,Regular,0.5885
5183232594677855,5183547229865885,包特_ExpEcon,2025-07-01 10:37,,GoldV,0.4531
5183259803124254,5183721566902073,福杯满溢呢,2025-07-01 22:09,,Regular,0.0414
5183281198272339,5183282456298270,hzq2013,2025-06-30 17:05,,Regular,0.9922
5183579787363179,5183583623058147,船老大美股日志,2025-07-01 13:01,,RedV,0.168
5182006923362717,5182272754159587,新平成麦乐鸡五年,2025-06-27 22:12,,Regular,0.5885
5181712363422230,5181797643062032,越州鲁狂人,2025-06-26 14:44,,RedV,0.9521
5153964446452458,5181796469965732,元骋,2025-06-26 14:40,,Regular,0.5885
5181745666199586,5181810961288262,七街娱乐,2025-06-26 15:37,,YellowV,0.59
5181745666199586,5181809919002013,周月之念,2025-06-26 15:33,,YellowV,0.974
5152856015112870,5181809827777231,自由的钢铁,2025-06-26 15:33,,Regular,0.0523
5181379803351505,5181691069990592,NIOLi_AITO,2025-06-26 07:41,,YellowV,0.0271
5182006923362717,5182239245342910,散步网球冠军小王,2025-06-27 19:59,,Regular,0.8267
5181726198071765,5181758947722575,小稔稔啊,2025-06-26 12:11,,Regular,0.9673
5181818313118097,5182236082834342,自由的钢铁,2025-06-27 19:47,,Regular,0.673
5182006923362717,5182193388750124,花鹿走出森林,2025-06-27 16:57,,Regular,0.5885
5153964446452458,5182204910507802,秋水長天-2023,2025-06-27 17:43,,Regular,0.5885
5181818313118097,5182073075927495,自由的钢铁,2025-06-27 08:59,,Regular,0.961
5181818313118097,5182071884220415,自由的钢铁,2025-06-27 08:54,,Regular,0.6376
5181818313118097,5182071292560112,自由的钢铁,2025-06-27 08:52,,Regular,0.0062
5182006923362717,5182071124266139,无忧无虑uu,2025-06-27 08:51,,RedV,0.2845
5182006923362717,5182079874631478,Demi大敦,2025-06-27 09:26,,Regular,0.5885
5181818313118097,5182226901503235,自由的钢铁,2025-06-27 19:10,,Regular,0.7568
5182006923362717,5182537976251542,三根一起点燃后,2025-06-28 15:46,,Regular,0.0436
5182006923362717,5182566408919450,房宝宝vivian,2025-06-28 17:39,,YellowV,0.8601
5182006923362717,5182565990008744,张艾0,2025-06-28 17:38,,Regular,0.011
5182006923362717,5182400550143055,我的妈妈是一座花园,2025-06-28 06:40,,Regular,0.4847
5182451954483863,5182519408068103,琴哥小惑,2025-06-28 14:32,,Regular,0.2212
5153964446452458,5182474046144846,苦逼的实验狗,2025-06-28 11:32,,Regular,0.5885
5182105820334390,5182453605991355,细马赶三老,2025-06-28 10:11,,YellowV,0.1456
5182290478501867,5182306728020489,心如阿帕,2025-06-28 00:27,,Regular,0.9833
5182290478501867,5182306335591563,欧气口诀,2025-06-28 00:26,,Regular,0.6537
5183707729366822,5183749123997823,咸菜香菇兔,2025-07-01 23:59,四川,YellowV,0.8703
5182156687282575,5183734170255386,没关系XX,2025-07-01 22:59,湖北,Regular,0.9832
5182156687282575,5183734086897440,雦灥,2025-07-01 22:59,湖南,Regular,0.5885
5179959850304992,5183734083227839,momov3,2025-07-01 22:59,云南,Regular,0.9894
5182156687282575,5183734060944997,雦灥,2025-07-01 22:59,湖南,Regular,0.5885
5179959850304992,5183749051647160,麦帝1号,2025-07-01 23:59,江苏,Regular,0.5885
5179959850304992,5183749029627911,感觉会有好事发生,2025-07-01 23:59,黑龙江,Regular,0.5885
5183627605577243,5183749005247419,SNH48_张芝橙小可爱,2025-07-01 23:58,山东,Regular,0.0993
5179959850304992,5183733927513710,白菜了否,2025-07-01 22:59,湖北,Regular,0.9857
5179959850304992,5183733847821249,雦灥,2025-07-01 22:58,湖南,Regular,0.5885
5182156687282575,5183733707836098,爱吃甜筒de欧气锦鲤,2025-07-01 22:58,吉林,Regular,0.9894
5183601806151765,5183748920574902,黄蓝交汇,2025-07-01 23:58,山东,Regular,0.047
5183744526519180,5183748593420129,沉默深渊又放反了,2025-07-01 23:57,上海,Regular,0.0731
5182156687282575,5183748343859656,听枫1987,2025-07-01 23:56,河南,Regular,0.5885
5183717090005594,5183733101759690,旺仔小小馒,2025-07-01 22:55,广东,Regular,0.997
5182156687282575,5183748284353209,听枫1987,2025-07-01 23:56,,Regular,0.9483
5183744526519180,5183748275703560,北陂杏吹雪,2025-07-01 23:56,,Regular,0.0871
5182156687282575,5183748104787811,听枫1987,2025-07-01 23:55,,Regular,0.9832
5167592824375836,5183732739738377,人家叫我喵,2025-07-01 22:54,,Regular,0.5885
5183744526519180,5183747483240500,恋凋敝,2025-07-01 23:52,,YellowV,0.1165
5182156687282575,5183732459772040,與四號的約定,2025-07-01 22:53,,Regular,0.5885
5182805501542676,5183732212046046,三巡全勤与周深热恋ing钻粉宝宝,2025-07-01 22:52,,Regular,0.9695
5183744526519180,5183746773880199,想要一朵小雏菊,2025-07-01 23:50,,Regular,0.8107
5183744526519180,5183746601124390,南栀凌凌,2025-07-01 23:49,,Regular,0.3713
5182156687282575,5183731800215819,李大宝儿佳佳2016,2025-07-01 22:50,上海,Regular,0.5885
5183259363509465,5183746393510091,伞捣邮寄服,2025-07-01 23:48,,Regular,0.5885
5183591149734435,5183746232026692,KMM_NewJ,2025-07-01 23:47,,Regular,0.0122
5183744526519180,5183746199520961,UrSilentFace,2025-07-01 23:47,,Regular,0.2463
5183744526519180,5183746158627327,抹油油的砖板,2025-07-01 23:47,,Regular,0.988
5181378791473399,5183746014969906,随和的风让人心安,2025-07-01 23:47,,Regular,0.9962
5183744526519180,5183745950745200,目击众神死亡的荒原-,2025-07-01 23:46,,RedV,0.3713
5182156687282575,5183745902776044,快来接收器,2025-07-01 23:46,,Regular,0.9783
5183723104632934,5183731137512036,黄金原油外汇大咖-肖总,2025-07-01 22:47,,YellowV,0.4788
5183707729366822,5183745445596725,wishusweetdreamknj,2025-07-01 23:44,,Regular,0.9928
5182156687282575,5183745398410922,宇宙最酸柠檬精-,2025-07-01 23:44,,Regular,0.5885
5183704895062344,5183730939598736,外汇金油指路人-老杨,2025-07-01 22:47,,YellowV,0.5381
5183744526519180,5183745281232352,稀有的花裤衩,2025-07-01 23:44,,YellowV,0.007
5183714591507452,5183730781522793,甜心肉伊,2025-07-01 22:46,,YellowV,0.9942
5182156687282575,5183730679285789,月耳之音Selena,2025-07-01 22:46,,Regular,0.9894
5182156687282575,5183730626071447,月耳之音Selena,2025-07-01 22:45,,Regular,0.5885
5182156687282575,5183730164961432,happy0451,2025-07-01 22:44,,Regular,0.5885
5182156687282575,5183730144774325,happy0451,2025-07-01 22:43,,Regular,0.5885
5182156687282575,5183730121709813,happy0451,2025-07-01 22:43,,Regular,0.5885
5182156687282575,5183730094446208,happy0451,2025-07-01 22:43,,Regular,0.5885
5182156687282575,5183730068488830,happy0451,2025-07-01 22:43,,Regular,0.9744
5182156687282575,5183729863756565,不要着想,2025-07-01 22:42,,Regular,0.5885
5167592824375836,5183744856297652,爱在秋海,2025-07-01 23:42,,Regular,0.9371
5183625294250786,5183729446163366,鹏程蛇口,2025-07-01 22:41,,GoldV,0.5445
5183700488950780,5183729272359259,侠客静音了,2025-07-01 22:40,,YellowV,0.0006
5167592824375836,5183729154917158,疯狂的兔兔junior,2025-07-01 22:40,,YellowV,0.5885
5158191252900248,5183728926328611,最后的轻语--,2025-07-01 22:39,,Regular,0.0054
5167592824375836,5183743951372724,x5z21,2025-07-01 23:38,,YellowV,0.8416
5182156687282575,5183743917819069,北极鸥,2025-07-01 23:38,,Regular,0.5885
5182156687282575,5183743875882545,北极鸥,2025-07-01 23:38,,Regular,0.9894
5182156687282575,5183743762636275,北极鸥,2025-07-01 23:38,,Regular,0.9894
5183737866224408,5183743553703351,过去软弱的我已经跑路,2025-07-01 23:37,,Regular,0.0388
4975683958998727,5183743545577467,77981_,2025-07-01 23:37,,Regular,0.0072
5183259363509465,5183728208842023,小咪_-w-_,2025-07-01 22:36,,YellowV,0.5885
5183552144540457,5183727978158038,应鹤雪,2025-07-01 22:35,,Regular,0.6158
5183737866224408,5183742483107789,何必要拥抱我坠入那爱恋,2025-07-01 23:33,,Regular,0.9948
5182156687282575,5183742113220451,快来接收器,2025-07-01 23:31,,Regular,0.7117
5181488678833987,5183742027237326,6688掌门,2025-07-01 23:31,,RedV,0.9949
5182156687282575,5183741044720429,大雷雷,2025-07-01 23:27,,Regular,0.9894
5179959850304992,5183740699479056,大雷雷,2025-07-01 23:25,,Regular,0.9894
5179959850304992,5183740636823679,白菜了否,2025-07-01 23:25,,Regular,0.944
5183737866224408,5183740385954384,没救的拖延患者何时出掉书就改名,2025-07-01 23:24,,Regular,0.4663
5183634790416972,5183740240202730,宋茜小姐姐88,2025-07-01 23:24,,Regular,0.7552
5184007669284900,5184096041177147,猫猫狗狗祟祟-,2025-07-02 22:57,广东,Regular,0.9968
5183922908697438,5184095877596514,星星在呢-,2025-07-02 22:57,吉林,Regular,0.8913
5184007669284900,5184094826141368,gashinaqq,2025-07-02 22:53,山西,Regular,0.5885
5179959850304992,5184094436331222,悟hhhh-,2025-07-02 22:51,江西,Regular,0.9548
5179959850304992,5184094272750861,婷宝想吃糖,2025-07-02 22:50,广东,Regular,0.5885
5182156687282575,5184094200927171,荷花池池开,2025-07-02 22:50,广东,Regular,0.5885
5173852986673699,5184094121493285,荷花池池开,2025-07-02 22:50,广东,Regular,0.5885
5184005809900113,5184094067491734,站在对立面6,2025-07-02 22:50,湖北,Regular,0.5885
5183970486784515,5184093990946952,陈强不逞强,2025-07-02 22:49,四川,Regular,0.0285
5183937267106213,5184093604021862,喜洋洋da,2025-07-02 22:48,辽宁,Regular,0.9969
5183446024454980,5184093553951495,碼驡,2025-07-02 22:48,北京,Regular,0.996
5182156687282575,5184093320643567,北极鸥,2025-07-02 22:47,吉林,Regular,0.5885
5182156687282575,5184093270316053,北极鸥,2025-07-02 22:46,吉林,Regular,0.9894
5184007669284900,5184092773812272,无痛拥有花不完的钱,2025-07-02 22:44,福建,Regular,0.9939
5046694003087089,5184092657946270,用户7862073898,2025-07-02 22:44,山东,Regular,0.9416
5184076212341568,5184092314272661,给我吃亿口肉,2025-07-02 22:43,江西,Regular,0.884
5173852986673699,5184091897992480,圆圆的圆崽,2025-07-02 22:41,广东,Regular,0.8693
5183923024037536,5184091385501074,来一碗小仙女W,2025-07-02 22:39,河南,Regular,0.7307
5183923024037536,5184091356136772,铁骨铮铮的闪现,2025-07-02 22:39,广西,Regular,0.9097
5182156687282575,5184091072495994,西瓜籽拯救世界,2025-07-02 22:38,江苏,Regular,0.9918
5182156687282575,5184090967640018,关山明月追梦人,2025-07-02 22:37,江苏,Regular,0.9992
5182156687282575,5184090656998395,关山明月追梦人,2025-07-02 22:36,江苏,Regular,0.999
5184076212341568,5184090615319810,缱绻风眠,2025-07-02 22:36,广东,Regular,0.5885
5182166587936795,5184090435224828,绿茵号,2025-07-02 22:35,广东,Regular,0.8628
5174574804632012,5184090371787615,小时候很美好吖,2025-07-02 22:35,浙江,Regular,0.9161
5174574804632012,5184090342424890,小时候很美好吖,2025-07-02 22:35,浙江,Regular,0.9161
5183920229847500,5184090059837742,这也太慢了吧__,2025-07-02 22:34,河南,Regular,0.4447
5184076212341568,5184089826004438,IAM-su_light吖,2025-07-02 22:33,广东,Regular,0.5885
5179959850304992,5183371749366813,天天也要开心呦,2025-06-30 22:59,江西,Regular,0.5885
5182156687282575,5183371560355581,real不服憋着,2025-06-30 22:59,河南,Regular,0.9873
5179959850304992,5183385989287351,文筱兮制衣坊,2025-06-30 23:56,,BlueV,0.6316
5179959850304992,5183385888099086,照亮星星G,2025-06-30 23:56,,Regular,0.9952
5167592824375836,5183385727405040,米粒儿糕糕子,2025-06-30 23:55,,YellowV,0.8416
5179959850304992,5183385514543824,DontTieMeDown-,2025-06-30 23:54,,Regular,0.9894
5183235895593799,5183370549268428,Tulips_tmto,2025-06-30 22:55,,Regular,0.9736
5179959850304992,5183370405354293,XIXITENYEARS,2025-06-30 22:54,,Regular,0.999
